13188,0.0000
13202,0.0239
13214,0.0167
13226,0.0000
13237,0.0000
13248,-0.0287
13261,0.0120
13273,-0.0048
13283,0.0024
13293,0.0263
13304,0.0024
13314,0.0024
13328,-0.0120
13338,-0.0120
13348,0.0000
13358,-0.0120
13368,0.0048
13377,0.0048
13387,-0.0024
13399,0.0191
13410,-0.0144
13425,0.0167
13446,-0.0167
13456,-0.0167
13469,-0.0024
13478,-0.0239
13487,-0.0215
13502,-0.0120
13512,-0.0072
13524,-0.0096
13534,-0.0024
13547,-0.0072
13558,-0.0072
13571,0.0000
13581,-0.0024
13591,0.0096
13606,0.0024
13617,0.0000
13629,-0.0191
13642,-0.0120
13656,0.0215
13666,0.0263
13677,-0.0048
13691,-0.0024
13701,-0.0024
13712,-0.0191
13722,-0.0072
13736,-0.0120
13750,-0.0024
13763,-0.0287
13773,0.0096
13783,-0.0096
13792,0.0120
13801,0.0120
13811,-0.0024
13824,-0.0048
13835,-0.0096
13846,-0.0072
13857,-0.0167
13868,-0.0167
13883,-0.0359
13893,-0.0359
13904,-0.0215
13914,0.0215
13924,-0.0191
13934,0.0096
13944,0.0096
13957,-0.0263
13968,-0.0048
13978,0.0144
13988,-0.0120
13998,0.0144
14009,0.0144
14020,0.0144
14031,-0.0048
14043,-0.0024
14055,-0.0144
14065,0.0096
14076,-0.0072
14086,-0.0072
14096,0.0120
14106,0.0239
14120,-0.0167
14129,-0.0024
14139,0.0000
14149,0.0000
14160,0.0024
14170,-0.0263
14587,0.0167
14600,-0.0144
14611,0.0048
14624,0.0215
14636,-0.0024
14647,-0.0072
14658,0.0239
14676,0.0311
14694,0.0120
14705,0.0120
14717,-0.0024
14729,-0.0024
14739,-0.0048
14749,-0.0239
14769,-0.0167
14781,-0.0120
14792,0.0167
14813,0.0000
14823,-0.0120
14834,-0.0120
14845,0.0096
14861,-0.0048
14871,-0.0048
14882,0.0000
14892,0.0167
14903,-0.0239
14915,0.0335
14925,0.0335
14935,0.0120
14945,0.0072
14955,-0.0311
14966,0.0096
14976,0.0096
14986,0.0024
14996,0.0239
15009,0.0311
15019,-0.0144
15029,0.0048
15039,0.0048
15049,0.0048
15059,0.0239
15071,0.0000
15081,0.0144
15091,0.0144
15101,-0.0024
15112,-0.0024
15122,0.0167
15132,0.0167
15142,-0.0024
15156,0.0191
15166,-0.0239
15176,0.0024
15186,0.0000
15197,0.0096
15207,0.0096
15221,0.0000
15231,-0.0024
15241,-0.0120
15269,0.0191
15280,0.0072
15291,-0.0263
15301,0.0000
15319,0.0096
15328,-0.0215
15337,-0.0215
15346,0.0024
15357,0.0215
15367,0.0048
15378,-0.0072
15391,-0.0024
15402,-0.0191
15415,-0.0263
15426,-0.0263
15441,0.0096
15453,0.0096
15464,0.0048
15475,0.0072
15485,-0.0167
15497,0.0000
15510,-0.0191
15521,-0.0048
15532,-0.0167
15543,-0.0096
15555,-0.0096
15567,-0.0096
15579,-0.0096
15591,-0.0072
15605,0.0024
15617,-0.0072
15628,-0.0120
15639,-0.0072
15653,0.0072
15666,0.0191
15680,-0.0048
15692,0.0144
15704,0.0024
15720,0.0048
15730,-0.0048
15740,0.0191
15751,-0.0072
15761,-0.0072
15771,-0.0096
15781,-0.0048
15793,-0.0215
15804,-0.0048
15818,0.0144
15828,0.0072
15839,0.0072
15852,0.0072
15863,0.0215
15873,0.0191
15884,-0.0311
15894,0.0048
15905,-0.0048
15917,-0.0048
15928,-0.0048
15939,0.0072
15949,0.0120
15959,0.0072
15970,-0.0120
15983,0.0096
15995,0.0167
16007,0.0167
16020,0.0120
16039,0.0215
16063,-0.0263
16074,-0.0167
16086,-0.0096
16097,-0.0096
16107,0.0120
16117,0.0072
16127,0.0359
16155,0.0144
16165,-0.0167
16180,-0.0048
16189,-0.0120
16199,-0.0120
16207,-0.0311
16215,0.0239
16223,0.0239
16233,0.0144
16243,0.0167
16253,-0.0120
16262,-0.0120
16273,0.0120
16283,0.0048
16293,-0.0215
16302,-0.0215
16310,0.0072
16319,-0.0215
16328,-0.0215
16338,0.0383
16350,0.0120
16365,-0.0335
16375,-0.0144
16384,0.0024
16393,0.0024
16404,0.0144
16416,-0.0072
16428,-0.0024
16438,-0.0263
16450,0.0191
16472,0.0311
16484,0.0311
16495,-0.0191
16504,-0.0239
16513,0.0120
16523,0.0120
16532,0.0335
16542,-0.0120
16551,0.0167
16560,0.0167
16569,-0.0024
16578,0.0407
16593,0.0024
16603,0.0144
16614,-0.0239
16624,-0.0239
16634,0.0431
16645,0.0144
16656,0.0215
16668,-0.0215
16679,0.1077
16689,0.1077
16700,-0.0574
16710,0.0455
16721,-0.0024
16731,-0.0120
16741,-0.0120
16754,-0.0191
16766,0.1675
16776,-0.0191
16786,-0.0239
16797,0.0335
16807,-0.0383
16818,-0.0383
16828,0.0048
16839,0.0455
16848,0.0096
16858,0.0550
16870,0.0550
16879,-0.0479
16889,0.0526
16897,0.0622
16907,0.0622
16915,-0.0263
16926,-0.0096
16938,-0.0335
16948,-0.0335
16958,0.0407
16968,-0.0263
16978,-0.0072
16988,-0.0167
16998,-0.0167
17010,0.0598
17022,-0.0909
17032,-0.0144
17043,0.0670
17053,-0.0239
17066,-0.0239
17080,0.0431
17091,0.0191
17101,0.0191
17112,0.0096
17126,-0.0167
17137,-0.1292
17147,0.0479
17157,0.0790
17168,0.0191
17178,0.0191
17188,-0.0024
17198,-0.0335
17208,-0.1531
17220,-0.0215
17230,-0.0215
17241,-0.0311
17252,0.0096
17263,-0.0622
17277,0.0550
17288,0.1244
17298,0.4020
17309,-1.4740
17319,-1.4740
17329,0.0311
17339,-1.4883
17351,0.0024
17362,-0.1220
17374,-0.1220
17389,-0.0239
17402,0.0431
17413,0.1172
17424,0.1172
17434,0.0167
17444,0.5097
17455,0.0766
17469,0.5886
17479,0.1484
17489,0.1484
17498,0.0837
17509,0.2919
17519,-0.0287
17530,0.0909
17540,0.0909
17550,0.0646
17560,0.0718
17571,-0.0526
17581,0.0431
17592,0.0431
17606,-0.0502
17616,-0.0502
17626,0.1723
17636,0.1842
17646,0.0909
17656,0.0909
17666,-0.0144
17679,0.0502
17693,0.0670
17704,0.0287
17715,0.0096
17725,-0.0144
17735,0.0479
17745,0.0479
17756,0.0814
17766,0.0790
17778,0.0191
17789,0.0359
17800,0.0287
17810,0.0287
17820,0.0191
17831,-0.0072
17841,0.0742
17854,0.0383
17866,0.0263
17879,-0.0144
17890,0.0766
17901,0.0766
17911,0.0909
17921,0.0167
17932,-0.0239
17943,0.0024
17955,0.0359
17967,0.0359
17977,0.0359
17987,-0.0048
17997,0.0455
18007,0.0144
18017,0.0144
18028,0.0096
18038,0.0646
18048,0.0909
18060,0.2130
18071,0.1101
18081,0.1101
18095,-0.0766
18106,-0.0766
18116,-0.0383
18127,0.0431
18137,0.0287
18147,-0.0837
18157,-0.0837
18167,-0.0837
18177,-0.0455
18189,0.0287
18200,0.0167
18210,0.0167
18221,0.0574
18231,1.3687
18242,-0.1029
18255,-0.0144
18265,-0.1819
18275,-0.1555
18298,-0.2369
18313,-0.1149
18323,-0.1723
18338,-0.0502
18351,0.0455
18367,-0.1292
18378,-0.1292
18388,-0.2177
18400,-0.1029
18410,0.0455
18422,0.0670
18432,0.0239
18445,-0.0574
18458,0.0239
18471,-0.0191
18483,-0.0048
18494,0.0096
18505,0.0096
18517,-0.0215
18529,-0.0024
18543,0.0191
18554,0.0431
18564,0.1077
18574,0.0933
18587,0.0526
18599,0.0407
18609,0.0407
18618,0.0694
18628,0.0814
18638,0.0479
18648,0.0790
18659,0.0790
18671,0.0790
18681,0.1101
18691,0.2393
18701,0.2058
18711,0.2058
18722,0.1723
18733,0.1842
18743,0.1484
18755,0.0096
18766,0.0359
18778,0.0622
18788,0.0622
18798,0.1962
18808,0.1244
18818,0.1436
18828,0.1436
18838,0.0957
18851,0.1460
18861,0.1962
18871,0.3182
18881,0.2465
18892,0.2465
18904,0.2345
18916,0.0479
18926,0.2465
18937,0.1890
18948,0.2704
18958,0.2345
18968,0.2345
18978,0.2273
18988,0.1890
19002,0.2249
19013,0.0814
19023,0.0885
19033,0.0885
19043,0.2034
19053,0.1819
19063,0.2608
19073,0.2608
19083,0.0407
19098,0.0957
19112,0.1819
19121,0.2177
19132,0.2680
19142,0.1292
19152,0.0383
19164,0.0383
19176,0.1460
19186,0.0981
19196,0.1579
19207,0.1819
19220,0.2273
19231,0.1962
19241,0.1962
19251,0.1436
19265,-0.0455
19275,-0.1460
19285,0.0431
19296,0.1627
19309,0.1651
19321,0.2321
19332,0.3039
19342,0.3039
19353,0.1101
19363,0.1388
19373,0.0263
19384,0.1101
19394,0.1101
19404,0.1986
19416,0.1819
19427,0.0598
19438,0.0263
19450,-0.0048
19460,0.0120
19471,0.0120
19481,0.1531
19495,0.1675
19505,0.1747
19517,0.0837
19528,0.0000
19539,0.0144
19551,0.1244
19563,0.2417
19574,0.2417
19585,0.2201
19595,0.1986
19605,0.0694
19615,0.1364
19626,0.1364
19636,0.1029
19645,0.1651
19655,0.1460
19666,0.1795
19679,0.1699
19691,0.1699
19701,0.0933
19713,0.1292
19724,0.1388
19734,0.1412
19744,0.1699
19755,0.1699
19765,0.1938
19775,0.1436
19788,0.1771
19800,0.1819
19810,0.1436
19820,0.1436
19830,0.1699
19840,0.2130
19850,0.1795
19860,0.1819
19870,0.1819
19882,0.1531
19892,0.1747
19903,0.1029
19916,0.1149
19926,0.0431
19936,0.0431
19947,0.1125
19959,0.1149
19971,0.1412
19981,0.1220
19991,0.1723
20001,0.2536
20011,0.2536
20021,0.2345
20031,0.1986
20043,0.2991
20054,0.1962
20065,-0.0407
20076,-0.0407
20087,0.0526
20099,0.0574
20121,0.1029
20134,0.0981
20147,0.1603
20156,0.1507
20165,0.1507
20175,0.1842
20184,0.2369
20198,0.2632
20209,0.1819
20219,0.1819
20230,0.3829
20241,0.0981
20252,-0.1268
20262,0.0837
20271,0.0837
20281,0.2512
20292,0.1101
20302,0.1005
20313,0.1364
20326,0.1244
20337,0.1388
20350,0.3613
20361,0.3613
20371,0.2991
20382,0.0191
20392,0.2297
20403,0.0000
20413,-0.0144
20423,-0.0144
20434,-0.0407
20447,-0.0120
20457,0.1484
20469,0.5958
20479,0.1292
20491,0.3805
20501,0.3805
20515,0.2752
20529,-0.1484
20542,-0.3517
20553,-0.3517
20564,-0.0814
20574,0.0311
20587,0.1460
20603,0.2154
20613,0.0574
20623,0.0335
20635,-0.1819
20645,-0.1507
20655,-0.1507
20666,-0.1603
20679,-0.1555
20689,-0.0359
20699,0.0096
20710,0.0096
20721,-0.1005
20735,-0.1149
20745,-0.1914
20755,-0.1699
20765,-0.0861
20781,-0.0359
20795,-0.0359
20806,0.1819
20816,0.1484
20826,-0.0072
20839,0.1196
20850,0.1196
20865,0.0909
20874,0.0909
20885,0.1436
20895,0.1866
20905,-0.1436
20917,-0.2154
20928,-0.2154
20941,0.0646
20951,0.0646
20961,0.0024
20970,0.0526
20980,0.0311
20990,0.0311
20999,0.1747
21009,0.3278
21022,0.4307
21032,0.2847
21042,0.2847
21052,0.1029
21064,-0.0335
21074,-0.0766
21084,0.0646
21096,-0.0933
21108,-0.0933
21118,0.0909
21132,0.1364
21149,0.1914
21160,0.1914
21170,0.1436
21181,0.1531
21191,0.1579
21202,0.2656
21212,0.2656
21221,0.3278
21233,0.2584
21243,0.0000
21253,0.1340
21263,0.1340
21273,-0.1986
21283,-0.0263
21294,-0.1819
21307,-0.0502
21317,0.1795
21328,0.0287
21339,0.0287
21350,0.0526
21361,0.0957
21382,0.1579
21394,0.1412
21407,0.0909
21420,0.0933
21431,0.0670
21441,0.0670
21450,0.1819
21461,-0.0742
21470,-0.0861
21480,-0.0861
21490,-0.1603
21503,-0.0311
21513,-0.0024
21524,0.0909
21536,0.1795
21549,0.2225
21560,0.2225
21570,0.1268
21583,0.0981
21593,0.0479
21603,0.0287
21613,0.0383
21623,0.0383
21633,-0.0096
21643,0.0311
21654,0.0550
21664,0.2465
21676,0.0479
21686,0.0479
21696,0.1460
21707,0.3039
21723,0.1388
21733,0.1651
21744,0.1412
21754,0.0885
21764,0.0885
21774,0.1077
21784,0.1077
21798,0.1627
21808,0.5097
21819,0.1388
21829,0.1388
21840,-0.0383
21850,-0.4570
21860,-2.1272
21870,0.0096
21884,0.0646
21894,1.4094
21904,1.4094
21914,0.9332
21924,0.3278
21935,-0.2680
21950,0.0335
21961,-0.0215
21971,-0.0024
21981,-0.0024
21993,0.0311
22015,0.0766
22025,0.0359
22039,-0.0024
22050,0.1077
22062,0.0694
22073,0.0694
22083,0.0287
22093,0.0048
22103,0.0359
22113,0.0215
22125,0.0215
22135,0.0766
22146,0.0885
22156,-0.1029
22166,-0.0550
22176,-0.0550
22190,-0.0670
22202,-0.0191
22212,-0.0096
22223,0.0694
22233,0.0287
22244,0.0287
22254,0.0287
22265,-0.0096
22276,-0.0909
22287,-0.1172
22296,-0.0622
22306,-0.0407
22316,-0.0407
22326,-0.0048
22340,-0.0048
22360,-0.0526
22373,-0.0574
22384,0.5743
22395,0.5743
22405,-0.0287
22415,0.0550
22429,0.0048
22440,0.0287
22450,-0.0359
22460,-0.0359
22470,-0.0311
22482,-0.0407
22492,0.0574
22503,0.0574
22513,0.0502
22525,0.0502
22536,-0.0287
22549,-0.0024
22563,-0.0335
22574,-0.0239
22585,0.0502
22598,0.0120
22608,-0.0072
22620,-0.0096
22630,-0.0144
22640,-0.0144
22651,0.0215
22665,-0.0024
22675,0.0383
22685,-0.0167
22695,-0.0167
22708,0.0167
22718,0.0167
22730,-0.0120
22741,0.0335
22756,0.0096
22766,-0.0120
22778,-0.0120
22788,0.0048
22798,0.0335
22809,-0.0215
22820,-0.0215
22833,-0.0144
22843,-0.0407
22854,-0.0144
22865,-0.0215
22875,0.0359
22889,0.0144
22903,-0.0048
22913,0.0335
22925,0.0191
22935,0.0191
22947,0.0167
22958,0.0024
22969,-0.0191
22979,-0.0239
22989,-0.0239
22999,0.0287
23009,-0.0455
23019,-0.0048
23030,-0.0144
23042,0.0239
23054,-0.0096
23064,-0.0096
23074,0.0311
23085,0.0263
23094,0.0335
23103,0.0335
23113,0.0263
23123,0.0167
23139,0.0550
23191,0.1316
23201,0.1436
23212,0.0646
23223,0.0957
23235,0.0766
23251,0.0215
23262,0.0263
23274,0.0670
23284,0.0670
23294,0.0407
23303,0.0335
23315,0.0837
23325,0.0622
23335,0.0622
23348,0.0479
23360,0.0479
23372,0.0479
23383,0.0526
23393,0.0981
23402,0.0742
23411,0.0742
23425,0.0287
23435,-0.0502
23445,-0.0120
23457,0.0191
23468,0.0574
23478,0.0574
23489,0.0120
23501,-0.0048
23514,0.0167
23524,0.0096
23534,0.0215
23547,0.0359
23556,0.0120
23567,0.0120
23580,0.0287
23592,0.0072
23602,0.0263
23612,0.0455
23622,0.0287
23632,0.0287
23642,0.0000
23652,-0.0048
23662,0.0359
23674,-0.0144
23684,0.0263
23695,0.0263
23706,0.0072
23716,-0.0144
23730,0.0287
23742,-0.0191
23754,0.0000
23764,-0.0072
23778,-0.0048
23789,0.0287
23800,0.0550
23811,0.0550
23822,0.0455
23832,0.0287
23845,0.0096
23855,0.0239
23866,-0.0048
23877,-0.0048
23887,-0.0120
23897,-0.0191
23907,-0.0263
23919,0.0024
23929,0.0000
23938,0.0000
23949,0.0000
23959,0.0048
23969,0.0311
23980,0.0311
23994,-0.0048
24004,-0.0048
24015,0.0191
24026,-0.0287
24036,0.0263
24046,0.0215
24056,0.0215
24066,-0.0048
24076,0.0048
24091,0.0024
24101,-0.0120
24111,0.0000
24121,0.0000
24131,-0.0263
24142,-0.0120
24152,0.0167
24166,-0.0072
24176,-0.0335
24186,-0.0311
24197,-0.0311
24207,0.0024
24218,0.0000
24228,-0.0048
24241,0.0215
24251,-0.0287
24261,-0.0287
24272,0.0263
24282,-0.0048
24294,0.0431
24304,-0.0239
24315,-0.0239
24329,-0.0287
24339,-0.0287
24353,0.0120
24363,-0.0191
24374,-0.0120
24387,0.0000
24396,-0.0120
24405,-0.0120
24414,-0.0024
24424,0.0024
24433,-0.0167
24443,-0.0167
24453,0.0191
24463,-0.0096
24473,-0.0120
24485,-0.0144
24496,0.0120
24507,0.0120
24518,0.0144
24530,-0.0096
24540,0.0048
24550,-0.0167
24564,0.0072
24574,-0.0167
24586,-0.0096
24601,-0.0120
24612,0.0191
24622,0.0191
24632,0.0000
24642,0.0191
24650,-0.0120
24659,-0.0120
24670,0.0144
24682,0.0096
24691,0.0096
24703,-0.0144
24712,-0.0144
24723,-0.0072
24732,0.0239
24742,0.0048
24752,0.0048
24764,-0.0048
24776,0.0263
24787,0.0048
24802,0.0215
24811,-0.0167
24821,-0.0096
24829,-0.0096
24839,0.0024
24850,0.0096
24860,0.0120
24875,0.0096
24885,0.0048
24894,0.0048
24908,0.0048
24918,0.0048
24930,-0.0144
24940,-0.0191
24951,0.0120
24961,0.0431
24971,0.0431
24981,0.0263
24992,0.0048
25004,-0.0120
25016,0.0096
25027,0.0048
25038,0.0048
25048,0.0048
25059,0.0191
25069,0.0239
25080,0.0000
25093,-0.0048
25105,0.0120
25115,0.0239
25126,-0.0072
25137,-0.0072
25152,0.0096
25162,-0.0072
25177,-0.0096
25188,-0.0072
25200,-0.0096
25210,0.0263
25225,0.0024
25238,-0.0239
25250,-0.0072
25261,-0.0263
25270,-0.0167
25280,-0.0167
25289,-0.0120
25299,-0.0191
25310,0.0096
25320,-0.0144
25330,-0.0144
25340,-0.0120
25351,-0.0191
25361,-0.0167
25375,-0.0120
25387,-0.0144
25397,0.0144
25409,0.0144
25419,0.0239
25433,0.0000
25444,-0.0144
25454,-0.0144
25464,-0.0215
25475,0.0000
25485,0.0000
25498,0.0024
25508,0.0096
25518,0.0287
25532,0.0311
25542,0.0072
25554,0.0502
25566,0.0287
25576,0.0287
25588,0.0000
25602,0.0167
25612,0.0000
25622,-0.0287
25631,-0.0479
25642,-0.0479
25652,-0.0431
25666,-0.0622
25676,-0.0479
25686,-0.0024
25696,-0.0024
25706,-0.0024
25716,-0.0120
25725,-0.0311
25735,0.0502
25747,0.0502
25759,-0.0431
25771,0.0144
25781,0.0144
25797,0.0335
25809,0.0335
25821,0.0239
25831,0.0766
25845,-0.0048
25856,-0.1340
25866,0.1125
25877,-0.0574
25887,-0.0431
25898,-0.0431
25909,0.5647
25920,-0.0790
25932,-0.0550
25942,-0.0383
25952,-0.0646
25966,-0.0526
25978,-0.0694
25989,-0.0694
26001,-0.0670
26012,-0.0502
26023,-0.0383
26037,-0.0311
26047,-0.0359
26057,-0.0646
26067,-0.0383
26077,-0.0383
26088,-0.0383
26120,-0.0096
26130,-0.0096
26140,-0.0096
26150,-0.0550
26160,-0.0335
26170,-0.0335
26182,-0.0359
26192,-0.0479
26203,-0.0479
26217,-0.0479
26228,-0.0096
26238,-0.0598
26250,-0.0024
26261,-0.0024
26273,-0.0574
26284,-0.0455
26298,-0.0311
26310,-0.6413
26320,-0.0239
26333,-0.0431
26347,-0.0311
26357,-0.0263
26370,-0.0694
26380,-0.0311
26390,-0.0526
26401,-0.0526
26412,-0.0311
26425,-0.0479
26435,-0.0598
26445,-0.0239
26456,-0.0383
26466,-0.0383
26476,-0.0120
26486,-0.0215
26499,-0.0072
26510,-0.0383
26520,-0.0479
26548,-0.0335
26562,-0.0526
26575,-0.0479
26586,-0.0598
26599,-0.0263
26609,-0.0215
26621,-0.0215
26631,-0.0311
26642,-0.0574
26652,-0.0407
26662,-0.0263
26672,-0.0263
26682,-0.0096
26692,-0.0455
26702,-0.0479
26712,-0.0311
26722,-0.0311
26732,-0.0120
26742,-0.0431
26752,-0.0191
26764,-0.0431
26774,-0.0431
26785,-0.0646
26794,-0.0383
26807,-0.0096
26821,-0.0431
26832,-0.0263
26842,-0.0167
26854,-0.0407
26865,-0.0407
26876,-0.0694
26890,-0.0455
26900,-0.0407
26910,0.0024
26919,-0.0263
26929,-0.0263
26939,-0.0239
26949,-0.0167
26959,-0.0167
26971,-0.0790
26981,-0.0790
26993,0.0096
27003,-0.0191
27014,-0.0550
27027,-0.0479
27037,-0.0479
27048,-0.0072
27058,-0.0072
27068,-0.0359
27078,-0.0359
27090,-0.0622
27100,-0.1149
27110,-0.1149
27121,-0.0502
27131,-0.0072
27144,-0.0048
27155,0.3757
27165,-0.2034
27177,-0.2680
27187,-0.2680
27197,-0.4164
27208,-0.1364
27219,-0.1149
27233,-0.0694
27243,0.0072
27253,-0.1149
27263,-0.1149
27273,0.0287
27283,0.0120
27293,-0.0335
27304,-0.0335
27314,0.0144
27328,-0.1962
27339,-0.0909
27349,-0.0215
27359,-0.1675
27370,-0.0885
27380,-0.0885
27390,-0.0837
27400,-0.1819
27415,-0.1316
27431,-0.1890
27441,-0.0383
27457,-0.0072
27472,-0.1986
27483,-0.1986
27495,-0.1149
27506,-0.0837
27517,-0.1029
27528,-0.0598
27543,-0.1244
27564,-0.3206
27575,-0.5743
27585,-0.5743
27595,-0.8853
27607,-0.2273
27617,-0.0670
27632,0.2058
27643,0.5480
27653,2.1679
27663,2.1679
27675,-0.1101
27685,1.2802
27695,0.3039
27710,0.1986
27720,1.0624
27730,0.0694
27742,0.0694
27752,-0.3996
27763,-0.2919
27773,-0.5599
27783,-0.4475
27796,-0.1986
27806,-0.1986
27816,-0.0885
27826,0.0455
27838,0.0526
27848,0.0191
27859,0.0526
27869,0.0526
27882,0.0335
27892,0.0072
27903,-0.0024
27914,0.0167
27924,-0.0167
27936,-0.0167
27945,-0.0144
27956,-0.0024
27970,-0.0263
27980,-0.0526
27990,-0.0191
28000,0.0502
28012,0.0502
28022,0.0096
28037,-0.0096
28053,-0.0072
28065,-0.0072
28076,-0.0072
28089,-0.0072
28101,-0.0359
28111,-0.0024
28121,-0.0335
28131,0.0215
28142,-0.0263
28152,-0.0263
28162,-0.0479
28174,0.0335
28184,-0.0598
28194,0.0407
28204,0.0407
28218,-0.0479
28230,-0.0072
28244,0.0048
28256,0.0048
28266,-0.0167
28315,-0.0144
28328,0.0024
28338,-0.0479
28348,-0.0957
28358,-0.0957
28368,0.0096
28378,-0.1005
28389,-0.0479
28402,-0.2058
28413,-0.1101
28423,-0.1101
28434,-0.0622
28445,-0.1125
28457,-0.1723
28469,-0.1125
28479,-0.1244
28489,-0.1244
28500,-0.1651
28510,-0.1507
28520,-0.1364
28530,-0.0024
28543,0.1364
28553,0.1364
28565,0.1053
28577,0.1053
28588,0.0191
28598,0.0790
28608,0.0574
28621,0.0837
28633,0.0574
28646,0.0526
28659,0.0287
28670,0.0646
28680,0.0646
28690,0.0191
28700,-0.0048
28711,-0.0287
28722,-0.0694
28732,-0.0694
28744,-0.0191
28755,-0.0359
28765,0.0550
28775,0.0311
28785,-0.0670
28795,-0.0670
28805,-0.0191
28818,0.0861
28828,0.0407
28839,0.0550
28853,-0.0407
28864,-0.1005
28874,-0.1005
28885,-0.0766
28897,-0.0622
28907,0.0000
28917,0.0072
28926,0.0072
28936,-0.0694
28950,-0.0526
28960,-0.1436
28970,-0.1292
28980,-0.0694
28991,-0.0694
29002,0.0167
29013,0.0215
29023,-0.0407
29034,-0.0239
29045,0.0239
29057,-0.0431
29068,-0.0431
29081,-0.0383
29092,-0.0120
29104,-0.0359
29114,-0.1220
29124,-0.0622
29134,-0.0239
29145,-0.0239
29158,0.0048
29168,-0.0502
29178,-0.0311
29189,0.0383
29199,-0.0239
29209,-0.0239
29220,0.0359
29233,0.0215
29243,-0.0096
29254,-0.0383
29266,0.0239
29277,0.0359
29289,0.0383
29303,0.0383
29313,0.0383
29322,0.0622
29331,-0.0814
29341,-0.1484
29351,-0.1484
29361,-0.0144
29370,0.0526
29383,-0.0120
29394,0.0670
29404,-0.0598
29414,-0.0598
29424,0.1053
29434,0.0526
29447,-0.0287
29459,0.0957
29474,-0.0096
29486,0.0407
29497,0.0144
29507,0.1531
29517,0.1531
29528,0.0191
29538,0.0574
29548,-0.0814
29562,-0.0383
29572,-0.0455
29582,-0.0455
29594,-0.0191
29605,0.0263
29618,0.0191
29629,0.0861
29639,0.0215
29649,0.0479
29659,0.0479
29670,0.0479
29680,0.1460
29690,0.1029
29703,0.0000
29714,0.0287
29726,-0.0096
29737,-0.0096
29748,0.0263
29759,0.0120
29771,-0.0096
29785,0.0622
29795,-0.0072
29805,0.0215
29819,0.0167
29833,0.0718
29846,0.1149
29857,0.0646
29870,0.0598
29881,0.0598
29894,0.1101
29904,0.1101
29916,0.1077
29927,0.1149
29937,0.0526
29948,0.0000
29958,0.0431
29968,0.0431
29978,0.0096
29992,0.0479
30002,0.1316
30012,0.0574
30022,0.0191
30033,0.0191
30044,0.0502
30057,0.1196
30068,0.0718
30079,0.1125
30092,0.0670
30103,0.0933
30114,0.0167
30124,0.0167
30136,-0.0407
30149,-0.0120
30161,-0.0072
30174,0.0431
30184,0.1579
30194,0.1436
30207,0.1172
30217,0.1101
30227,0.1101
30236,0.1316
30250,0.2034
30261,0.2369
30272,0.0837
30285,0.1699
30295,0.1436
30305,0.1436
30315,0.2345
30325,0.2010
30335,0.0598
30345,-0.0598
30357,-0.0598
30368,-0.0072
30377,0.0167
30387,0.0670
30397,0.1436
30410,0.0239
30421,0.0957
30431,0.0957
30444,0.1484
30458,0.2512
30487,0.0048
30498,0.0024
30508,0.0024
30519,0.0407
30528,-0.0263
30541,-0.0144
30552,0.0239
30562,0.0239
30572,0.0000
30582,0.0742
30595,0.0933
30605,0.1172
30618,0.0981
30629,0.0239
30639,0.0239
30650,0.0790
30663,0.0742
30674,0.0670
30686,0.0909
30700,0.1651
30711,-0.0431
30721,0.0167
30731,0.1053
30745,0.1747
30759,0.2297
30769,0.1292
30779,0.1292
30789,0.1220
30802,0.1579
30816,0.1819
30826,0.1651
30836,0.0909
30846,0.0909
30856,0.2249
30867,0.1866
30877,0.1196
30891,0.1029
30903,0.1077
30913,0.1340
30924,0.1125
30935,0.1125
30946,0.0718
30959,0.1388
30970,0.1531
30980,0.1866
30990,0.1507
31000,0.2393
31010,0.2393
31021,0.1651
31031,0.0479
31040,0.0359
31050,0.0359
31061,0.0885
31073,0.1125
31087,0.1268
31097,0.2273
31108,0.1077
31119,0.1149
31129,0.1172
31140,0.1172
31150,0.1101
31166,0.1149
31176,0.1244
31186,0.1172
31196,0.1651
31207,0.1196
31221,0.1412
31231,0.1412
31245,0.1388
31255,0.1292
31265,0.1125
31275,0.1244
31289,0.1316
31300,0.1842
31310,0.1149
31323,0.1101
31333,0.1101
31344,0.1340
31354,0.1747
31366,0.0861
31376,0.1220
31386,0.1220
31398,0.1244
31409,0.1675
31419,0.1460
31430,0.1771
31441,0.1005
31452,0.1436
31462,0.1436
31476,0.1460
31491,0.1484
31501,0.1484
31512,0.1579
31523,0.1555
31533,0.1101
31547,0.1460
31557,0.1029
31568,0.1149
31578,0.1149
31588,0.0861
31599,0.1125
31609,0.1579
31621,0.0766
31631,0.0766
31641,0.1986
31653,0.3470
31663,0.0718
31673,0.2345
31684,0.2680
31695,0.2680
31722,0.0479
31741,0.3135
31753,0.2249
31763,0.1890
31773,0.1890
31784,0.0646
31796,0.1842
31807,0.2967
31817,0.2273
31827,0.3278
31837,0.3278
31847,0.4211
31858,0.3206
31868,0.3613
31880,0.2608
31890,0.1771
31900,0.1771
31911,0.2130
31921,-0.0526
31933,0.0526
31945,0.0885
31955,0.1675
31965,0.1675
31975,0.1938
31985,0.1388
31999,0.1125
32011,0.2800
32023,0.3829
32036,0.2680
32049,0.1890
32060,0.4953
32074,0.1436
32085,0.0598
32096,0.1388
32110,0.2058
32129,0.1364
32140,0.2154
32151,0.2489
32161,0.2177
32173,0.2871
32185,0.2871
32195,0.2034
32207,0.2560
32219,0.2249
32234,0.2680
32246,0.3230
32259,0.1986
32270,0.1747
32283,0.1986
32295,0.1172
32308,0.2345
32319,0.2441
32329,0.2871
32340,0.2871
32350,0.3613
32361,0.2512
32371,0.1077
32383,0.1220
32395,0.1507
32405,0.1914
32415,0.1914
32426,0.3709
32436,0.2536
32449,0.2106
32459,0.2369
32470,0.2512
32482,0.2010
32492,0.2010
32504,0.2752
32515,0.2465
32525,0.3182
32536,0.3613
32551,0.3182
32562,0.3230
32572,0.2728
32582,0.2728
32593,0.1172
32603,0.1053
32613,0.1172
32626,0.1172
32638,0.2345
32648,0.2345
32660,0.2704
32670,0.2584
32682,0.2608
32692,0.0933
32702,0.1484
32714,0.3278
32725,0.3278
32735,0.2010
32745,0.2465
32756,0.2919
32795,0.2297
32807,0.1938
32818,0.2249
32828,0.2249
32838,0.1962
32848,0.2369
32858,0.2034
32868,0.1747
32881,0.2656
32894,0.2441
32905,0.2441
32918,0.2465
32929,0.1651
32939,0.1986
32949,0.2345
32959,0.1771
32970,0.1771
32980,0.1986
32990,0.2512
33002,0.1890
33012,0.1292
33022,0.1292
33032,0.1388
33042,0.2321
33052,0.2536
33062,0.2369
33073,0.2369
33085,0.2680
33096,0.1986
33106,0.1890
33120,0.1699
33130,0.2321
33141,0.1962
33151,0.1962
33160,0.2632
33170,0.1412
33181,0.2489
33190,0.2010
33203,0.2010
33214,0.1627
33225,0.2177
33236,0.1196
33245,0.2225
33255,0.2489
33268,0.2489
33281,0.2201
33291,0.2201
33302,0.2441
33314,0.1531
33326,0.3063
33338,0.2680
33350,0.2632
33361,0.2417
33373,0.2608
33384,0.1555
33398,0.1531
33407,0.1531
33416,0.1603
33428,0.2321
33438,0.1531
33447,0.1531
33457,0.1890
33467,0.2512
33477,0.2321
33487,0.2967
33497,0.2967
33507,0.0622
33519,0.4642
33531,0.3182
33542,0.3039
33555,0.3135
33565,0.3039
33576,0.3039
33586,0.2154
33596,0.1651
33606,0.0574
33616,0.1364
33626,0.1364
33636,0.1603
33650,0.1436
33660,0.1436
33672,0.0885
33684,0.2034
33696,0.1220
33714,0.1771
33725,0.2369
33735,0.1986
33745,0.2465
33756,0.2465
33766,0.1938
33781,0.0263
33792,0.4331
33802,0.1819
33813,0.2919
33823,0.2106
33834,0.1795
33844,0.1795
33854,0.2321
33869,0.2512
33880,0.2273
33891,0.2106
33905,0.1651
33915,0.3470
33927,0.1196
33938,0.2130
33949,0.2130
33959,0.2536
33971,0.2154
33983,0.1412
33993,0.2034
34003,0.2130
34013,0.2130
34023,0.1914
34034,0.2800
34044,0.2177
34054,0.2297
34067,0.2824
34077,0.2824
34091,0.1316
34104,0.1771
34116,0.1962
34127,0.2297
34140,0.2465
34151,0.3254
34161,0.2895
34171,0.2417
34181,0.2417
34191,0.2704
34202,0.2393
34215,0.2800
34225,0.1651
34236,0.2130
34247,0.2608
34258,0.2608
34270,0.2608
34279,0.3182
34290,0.2489
34305,0.2034
34316,0.1938
34329,0.2441
34342,0.1914
34366,0.2584
34376,0.2632
34387,0.2632
34399,0.1890
34410,0.2154
34421,0.2130
34435,0.2489
34446,0.2417
34457,0.2584
34468,0.2560
34481,0.2249
34493,0.1938
34503,0.1938
34516,0.2584
34526,0.2225
34541,0.2680
34552,0.2393
34563,0.2441
34574,0.2249
34584,0.1866
34595,0.2273
34607,0.2393
34617,0.2393
34627,0.2106
34637,0.2847
34647,0.2441
34657,0.2441
34668,0.2369
34678,0.1986
34688,0.1627
34698,0.2776
34711,0.1484
34721,0.1484
34733,0.3302
34744,0.1866
34755,0.2273
34765,0.2321
34777,0.2369
34788,0.1795
34798,0.1795
34809,0.1819
34821,0.2465
34831,0.1842
34841,0.2393
34852,0.1986
34864,0.1986
34876,0.1436
34886,0.6508
34896,0.1986
34908,0.2824
34920,0.0957
34931,0.2943
34944,0.2393
34955,0.1531
34966,0.1531
34980,0.1723
34991,0.1723
35001,0.1268
35011,0.2154
35021,0.2225
35031,0.2225
35040,0.2441
35050,0.2919
35064,0.2201
35075,0.2441
35085,0.2106
35097,0.2273
35107,0.2273
35117,0.1555
35129,0.1890
35141,0.1938
35155,0.2106
35165,0.2369
35176,0.2393
35448,0.2417
35459,0.2130
35470,0.2608
35481,0.2608
35491,0.2273
35504,0.2177
35515,0.1914
35529,0.2201
35540,0.2465
35551,0.2273
35562,0.2130
35573,0.2489
35583,0.2489
35593,0.1962
35605,0.2512
35617,0.2345
35627,0.2010
35637,0.2273
35647,0.2273
35656,0.2297
35666,0.1819
35676,0.2369
35689,0.1819
35699,0.1819
35710,0.1484
35723,0.2010
35733,0.2249
35745,0.2130
35757,0.2489
35769,0.2154
35780,0.2465
35791,0.2465
35802,0.2201
35813,0.1962
35824,0.2369
35834,0.2417
35847,0.2560
35858,0.1938
35869,0.2249
35879,0.2249
35892,0.2297
35901,0.2369
35910,0.2177
35924,0.2249
35934,0.2201
35950,0.2249
35961,0.1579
35972,0.2177
35983,0.2177
35996,0.2249
36009,0.1842
36020,0.2249
36031,0.1986
36043,0.1938
36057,0.2584
36068,0.2489
36082,0.2106
36093,0.2321
36104,0.2177
36114,0.1555
36124,0.1555
36134,0.2082
36144,0.2560
36157,0.2130
36169,0.2656
36180,0.2154
36191,0.2154
36201,0.2345
36215,0.2297
36225,0.2130
36236,0.2106
36246,0.2177
36256,0.2297
36267,0.2297
36277,0.2321
36290,0.2417
36300,0.2225
36312,0.2417
36322,0.2106
36332,0.2177
36342,0.2177
36352,0.2177
36367,0.2417
36379,0.2321
36390,0.2321
36401,0.2058
36411,0.1866
36422,0.1866
36435,0.2130
36451,0.2010
36464,0.2560
36474,0.2441
36485,0.2441
36496,0.2130
36507,0.2225
36519,0.2321
36530,0.2249
36542,0.1627
36554,0.2489
36565,0.2512
36576,0.2512
36586,0.1914
36598,0.2417
36609,0.1890
36620,0.2082
36630,0.2010
36642,0.2010
36653,0.2249
36665,0.2130
36675,0.1938
36686,0.2297
36699,0.1914
36711,0.1555
36724,0.1531
36736,0.1747
36747,0.3015
36762,0.1675
36779,0.2082
36791,0.2560
36803,0.2345
36814,0.2010
36825,0.1914
36838,0.2297
36849,0.1819
36860,0.1819
36870,0.0000
36880,1.8329
36890,-1.3639
36902,1.3256
36912,-0.1723
36923,-0.1723
36933,0.5097
36946,0.0837
36956,0.3494
36967,0.5886
36977,0.3685
36988,0.3685
37002,0.1651
37013,0.4092
37023,0.3254
37033,0.4164
37043,0.2800
37055,0.3541
37068,0.1890
37079,0.1890
37090,0.4068
37101,0.3470
37110,0.3446
37119,0.3159
37129,0.3159
37141,0.2895
37153,0.2824
37163,0.3087
37177,0.2991
37192,0.3494
37202,0.3039
37213,0.2273
37224,0.4068
37236,0.3350
37247,0.3350
37258,0.2704
37274,0.2728
37286,0.3829
37296,0.3829
37308,0.3565
37320,0.3996
37335,0.2321
37345,0.3302
37359,0.3039
37369,0.2321
37380,0.1699
37391,0.3230
37402,0.4307
37415,0.2465
37427,0.2465
37437,0.2632
37447,0.4164
37457,0.1364
37468,0.3589
37478,0.3589
37488,0.3446
37499,0.2919
37509,0.2680
37519,0.0766
37530,0.0766
37541,0.3541
37556,0.3517
37566,0.2967
37580,0.3206
37591,0.3517
37601,0.2297
37611,0.3159
37623,0.3637
37632,0.3637
37645,0.2776
37655,0.3111
37665,0.2297
37675,0.2656
37687,0.2656
37700,0.2656
37712,0.3422
37724,0.3135
37734,0.3135
37743,0.2680
37755,0.2584
37765,0.2536
37776,0.2991
37791,0.3685
37803,0.3087
37814,0.3254
37825,0.3254
37837,0.3517
37848,0.2465
37863,0.3111
37875,0.3015
37886,0.2967
37898,0.2991
37910,0.2919
37922,0.3254
37933,0.3470
37945,0.2967
37955,0.3135
37966,0.3135
37976,0.3039
37988,0.2943
37999,0.3015
38010,0.3494
38021,0.3039
38031,0.3039
38043,0.3206
38053,0.2943
38063,0.2800
38073,0.3087
38083,0.3087
38092,0.2967
38104,0.3135
38114,0.2895
38129,0.2871
38140,0.3230
38154,0.2800
38164,0.2704
38174,0.2704
38186,0.2991
38197,0.2919
38209,0.2512
38220,0.2536
38230,0.1723
38240,0.1866
38256,0.1962
38266,0.2345
38276,0.2345
38286,0.3805
38296,0.3111
38307,0.2991
38317,0.3852
38329,0.5097
38339,0.5097
38351,0.6437
38361,0.6676
38374,0.6102
38384,0.4690
38396,0.4451
38407,0.4977
38417,0.4977
38427,0.5456
38437,0.5168
38447,0.4594
38458,0.4092
38469,0.4092
38484,0.3613
38494,0.3613
38504,0.3541
38514,0.5240
38524,0.5575
38533,0.5575
38545,0.5815
38555,0.5910
38565,0.5719
38575,0.5862
38588,0.7705
38598,0.7705
38609,0.6867
38619,0.8901
38632,0.9428
38643,0.9236
38654,1.1198
38665,1.0816
38675,1.0816
38688,1.1868
38699,1.1844
38711,1.2275
38722,1.2395
38733,1.1892
38746,1.1821
38757,1.1797
38767,1.1844
38780,1.1509
38794,1.3208
38807,1.2514
38820,1.2849
38831,1.0361
38843,1.0361
38854,1.2156
38867,1.2275
38878,1.5697
38888,1.7468
38899,1.6056
38910,1.4859
38922,1.4859
38935,1.6487
38946,1.6487
38958,1.8209
38969,1.8712
38979,1.6199
38990,1.7492
39000,1.9047
39017,1.8879
39027,1.9789
39038,1.9310
39051,1.8832
39060,1.8832
39073,1.9023
39086,2.2062
39097,2.4455
39107,2.2469
39117,2.3689
39127,2.3689
39139,2.2588
39154,2.5316
39166,2.5316
39177,2.5723
39190,2.6321
39201,2.5842
39214,2.6417
39225,2.6800
39237,2.7206
39247,2.5627
39258,2.5986
39269,2.6536
39279,2.6536
39288,2.6800
39298,2.6369
39308,2.6608
39319,2.6608
39331,2.6345
39343,2.6297
39353,2.6967
39365,2.7829
39375,2.7661
39387,2.7350
39400,2.8499
39411,2.8499
39423,2.8881
39434,2.9551
39445,3.0365
39455,3.1585
39465,3.0245
39475,3.0245
39486,3.2016
39501,3.2877
39511,3.4217
39521,3.5749
39533,3.3858
39543,3.5964
39556,3.6849
39566,3.6969
39578,3.7328
39588,3.7328
39599,3.9314
39612,3.9577
39624,3.9577
39634,3.9577
39644,3.8596
39655,3.8596
39668,3.7472
39678,3.7017
39688,3.8333
39698,3.7448
39709,3.8381
39722,3.9171
39732,3.9171
39747,4.0989
39757,4.0989
39769,4.0726
39780,4.1587
39792,4.1109
39803,4.0965
39815,4.2281
39826,4.3789
39836,4.4507
39847,4.4507
39858,4.3430
39868,4.5272
39884,4.4507
39896,4.6181
39907,4.7354
39919,4.6732
39929,4.7809
39940,4.7689
39954,4.8144
39965,4.9053
39976,4.9053
39990,4.8191
40004,6.2285
40016,6.2285
40031,5.2403
40043,4.8646
40053,4.8646
40063,4.7809
40073,4.9077
40083,4.9723
40093,4.9723
40104,5.0010
40116,4.9603
40126,4.8814
40136,4.9508
40151,4.9077
40161,4.9938
40171,5.0201
40183,5.0201
40194,4.9747
40204,4.9531
40216,4.9675
40227,4.9125
40239,5.0130
40254,4.9244
40268,4.9173
40278,5.0082
40288,4.9388
40299,4.9388
40309,4.9675
40322,4.9603
40332,4.8503
40343,4.9962
40353,4.8981
40363,4.8981
40372,4.9723
40383,4.9866
40394,4.9484
40404,4.9173
40417,4.9460
40428,4.9460
40441,5.0130
40452,4.9819
40462,4.9723
40472,4.9771
40481,4.9508
40494,4.9914
40504,4.9914
40514,4.9244
40525,4.9508
40537,4.9436
40548,5.0465
40561,4.9436
40571,4.9484
40581,4.9484
40591,4.9436
40601,4.9962
40611,4.9986
40622,4.9986
40639,4.9316
40654,4.9603
40665,4.9173
40676,4.9675
40686,4.9890
40696,4.9890
40706,4.9675
40717,4.9316
40727,4.9866
40741,4.9747
40751,4.9555
40765,4.9292
40775,4.9292
40789,4.9986
40800,4.9101
40813,4.9460
40825,4.9627
40838,4.9292
40849,4.9842
40862,5.0106
40872,4.9651
40881,4.9531
40891,4.9531
40903,4.9053
40914,4.9795
40924,4.9555
40935,5.0010
40945,4.9747
40955,4.9747
40967,4.8885
40978,4.9268
40990,4.9651
41000,4.9771
41011,4.9795
41021,4.9675
41035,4.9364
41049,4.9292
41060,4.9412
41071,4.9412
41083,4.9531
41095,4.9771
41107,4.9795
41121,4.9603
41133,4.9723
41144,4.9388
41154,4.9675
41169,4.9675
41180,4.9149
41196,4.9436
41208,4.9579
41224,4.9531
41235,4.9484
41250,4.9555
41261,4.9579
41273,4.9795
41283,4.9723
41293,4.9484
41304,4.9484
41315,4.9675
41330,4.9388
41342,4.9244
41356,4.9244
41367,4.9244
41378,4.9531
41390,4.9579
41402,4.9196
41415,4.8981
41426,4.9747
41438,4.8981
41447,4.9675
41458,4.9675
41469,4.9842
41480,4.9675
41491,4.9460
41502,4.9412
41514,4.9531
41524,4.9412
41537,4.9436
41547,4.9436
41557,5.0656
41567,4.9412
41577,4.8191
41591,4.9962
41601,4.7330
41611,4.7330
41623,4.9795
41635,5.0943
41646,5.0656
41657,4.9340
41670,5.0560
41680,4.8957
41690,4.8957
41700,4.9771
41710,4.8168
41720,4.9699
41730,4.8957
41740,4.8957
41753,4.9316
41762,5.0871
41772,4.9866
41781,4.9412
41791,4.9412
41800,4.9866
41810,5.0106
41820,5.0489
41831,5.0489
41843,5.0512
41855,4.9579
41866,4.9747
41876,4.9244
41886,4.9938
41900,4.9651
41910,4.9651
41919,5.0106
41929,4.9771
41940,4.9938
41950,4.9651
41962,4.9388
41973,4.9388
41985,4.9842
41996,5.0273
42007,4.9962
42019,4.9842
42030,4.9699
42042,4.9651
42056,4.9436
42067,4.9723
42077,4.9699
42088,4.9699
42100,4.9819
42112,4.9747
42122,4.9627
42138,4.9890
42151,4.9531
42164,4.9675
42175,4.9460
42185,4.9364
42197,4.9986
42208,5.0130
42218,5.0130
42228,4.9842
42238,4.9962
42252,4.9484
42265,4.9436
42276,4.9771
42288,5.0082
42299,4.9866
42309,4.9627
42319,4.9627
42331,4.9795
42342,4.9795
42352,4.9579
42362,4.9484
42377,4.9986
42389,4.9962
42403,4.9627
42413,4.9866
42424,4.9866
42434,5.0297
42448,5.0680
42460,5.3623
42470,5.3264
42481,5.1685
42491,5.0943
42503,5.0417
42513,5.0417
42526,4.4172
42538,4.2616
42549,4.9962
42559,4.8622
42570,4.5559
42581,4.8455
42592,4.8455
42603,4.9484
42614,4.9460
42624,4.9962
42635,4.9699
42644,4.9699
42658,4.8814
42670,5.1135
42681,5.1135
42692,5.0201
42702,4.9508
42712,4.9173
42725,4.9244
42735,4.9579
42748,4.9053
42759,4.9053
42768,4.7378
42778,4.6923
42788,4.6014
42799,4.6014
42811,4.3502
42821,4.2497
42833,4.3478
42843,4.3358
42856,4.4267
42867,4.4483
42879,4.4483
42890,4.4602
42901,4.4602
42913,4.4961
42923,4.6110
42933,4.6229
42943,4.6756
42953,4.6373
42965,4.6373
42976,4.6014
42986,4.6493
42996,4.4913
43006,4.3454
43016,4.3454
43028,4.2664
43038,4.2592
43053,4.2855
43064,4.1037
43075,4.0056
43087,4.0941
43100,3.9697
43115,4.0128
43125,4.0128
43135,3.9482
43145,3.9482
43155,3.8405
43165,3.8572
43174,3.9218
43186,3.8596
43196,3.8596
43206,3.7615
43216,3.6969
43226,3.5533
43236,3.5533
43247,3.4050
43261,3.2973
43273,3.3643
43284,3.3141
43295,3.3069
43306,3.3667
43320,3.3069
43330,3.0628
43341,3.0843
43355,3.0867
43366,2.8666
43609,2.4287
43619,2.3378
43630,2.1511
43641,2.0937
43651,2.0889
43661,2.0889
43688,2.1057
43698,2.1057
43713,2.0818
43731,2.0195
43742,2.0913
43753,2.0650
43764,2.0650
43774,1.8832
43785,1.9119
43799,1.9047
43810,1.8377
43824,1.8712
43834,1.7922
43844,1.7803
43855,1.8592
43866,1.8592
43878,1.9286
43890,1.7994
43905,1.7037
43915,1.6080
43925,1.6319
43937,1.8329
43947,1.6008
43956,1.6008
43968,1.6726
43978,1.5697
43988,1.4357
44003,1.5434
44014,1.7755
44024,1.5649
44035,1.5649
44046,1.3400
44056,0.8518
44067,0.7513
44081,0.8112
44091,1.0146
44105,1.1892
44115,1.0887
44125,1.0887
44135,1.1605
44146,1.2849
44156,1.3448
44170,1.3974
44606,1.2993
44617,1.2730
44630,1.3543
44640,1.3113
44651,1.3113
44661,1.3017
44671,1.3065
44684,1.3280
44695,1.3328
44706,1.2969
44720,1.2826
44730,1.2826
44740,1.3496
44751,1.2873
44761,1.2945
44771,1.2778
44785,1.3687
44797,1.3543
44808,1.4836
44820,1.4836
44831,1.4812
44845,1.5123
44855,1.4309
44866,1.5242
44878,1.4046
44891,1.1151
44908,0.9811
44921,0.8566
44931,0.7561
44942,0.6150
44952,1.0504
44962,1.0504
44973,1.0887
44983,1.1414
44996,1.1868
45006,1.1916
45027,1.1773
45039,1.1773
45052,1.1533
45064,1.1222
45088,1.1151
45099,1.1366
45109,1.1581
45119,1.1151
45129,1.1151
45143,1.1294
45153,1.1294
45165,1.1294
45178,1.1294
45189,1.1653
45202,1.1294
45212,1.1366
45222,1.1222
45232,1.1222
45242,1.1270
45253,1.1246
45262,1.1701
45272,1.1390
45282,1.1390
45294,1.1342
45305,1.1270
45317,1.1270
45328,1.1557
45339,1.1725
45350,1.1533
45360,1.1533
45372,1.1390
45384,1.1366
45394,1.1055
45404,1.1318
45414,1.1581
45424,1.1581
45436,1.1390
45450,1.1677
45462,1.1390
45471,1.1653
45482,1.0983
45492,1.1414
45505,1.1629
45516,1.1390
45527,1.1390
45537,1.1533
45547,1.1677
45558,1.1318
45569,1.1151
45580,1.1151
45590,1.1701
45600,1.1294
45610,1.1007
45623,1.3807
45633,1.0816
45644,1.0816
45658,0.8638
45670,0.8638
45681,1.3280
45693,1.2251
45704,1.1749
45714,1.0050
45728,1.0696
45740,1.1318
45751,1.1127
45762,1.1725
45772,1.1725
45786,1.0959
45798,1.0959
45812,1.1342
45822,1.1509
45837,1.2132
45847,1.1342
45857,1.0911
45866,1.1916
45877,1.1916
45890,1.1366
45902,1.1701
45912,1.1701
45924,1.1557
45936,1.1342
45950,1.1701
45962,1.2012
45972,1.1677
45982,1.2012
45992,1.2012
46003,1.2873
46013,1.1725
46027,1.0552
46037,0.9500
46050,0.9404
46060,0.9500
46070,1.0600
46086,1.0744
46099,1.0361
46112,0.9787
46123,1.0289
46142,1.0313
46152,1.1103
46162,1.1127
46173,1.1533
46184,1.1533
46194,1.1438
46204,1.0050
46214,0.9691
46226,0.9787
46239,1.0648
46249,1.0648
46264,1.0887
46274,1.0887
46284,1.0816
46297,1.0983
46307,1.0744
46329,1.0504
46339,1.0504
46350,1.0409
46360,1.0313
46397,1.0792
46407,1.0552
46417,1.0672
46427,1.0672
46440,1.0337
46451,1.0600
46462,1.0768
46472,1.0911
46482,1.0887
46492,1.0887
46502,1.0863
46515,1.0863
46525,1.1174
46537,1.1653
46548,1.2969
46559,1.2179
46569,1.2179
46582,1.1294
46592,1.1581
46602,1.0289
46613,0.9715
46625,0.9356
46635,0.9356
46646,0.8327
46659,0.8734
46669,0.8734
46681,0.8447
46693,0.6628
46703,0.6628
46714,0.7848
46727,0.9141
46738,0.9141
46748,0.9356
46758,0.8662
46769,0.9332
46782,0.8279
46793,0.7561
46802,0.7561
46813,0.7801
46822,0.7513
46833,0.7442
46844,0.7490
46855,0.7490
46868,0.5838
46879,0.5838
46889,0.3517
46902,0.4427
46914,0.5312
46926,0.5192
46937,0.5695
46952,0.4786
46963,0.4451
46975,0.3302
46984,0.1747
46998,0.1531
47009,0.1531
47022,0.2010
47033,0.2010
47043,0.2680
47051,-0.0120
47060,-0.0120
47071,-0.0455
47080,0.1268
47092,-0.0359
47102,-0.1005
47114,0.2010
47127,0.1316
47138,0.1316
47154,0.0455
47168,0.0455
47179,-0.0048
47192,-0.2130
47203,-0.2584
47214,-0.2584
47225,-0.2967
47237,-0.4020
47248,-0.5982
47261,-0.4020
47271,-0.3446
47281,-0.4331
47293,-0.4331
47304,-0.5862
47318,-0.4259
47328,-0.3852
47338,-0.5240
47349,-0.4714
47360,-0.7585
47371,-0.8853
47386,-0.8351
47397,-0.9595
47407,-0.9595
47417,-1.0409
47427,-1.0241
47437,-1.0265
47446,-1.0265
47457,-1.0002
47467,-0.9595
47477,-1.1868
47487,-1.4812
47497,-1.4812
47509,-1.4285
47521,-1.3232
47531,-1.1174
47546,-1.1055
47557,-1.2371
47568,-1.2538
47579,-1.2993
47591,-1.0983
47601,-1.0983
47611,-1.1701
47621,-1.4644
47634,-1.5912
47646,-1.6056
47658,-1.5434
47668,-1.5649
47680,-1.6319
47691,-1.6319
47701,-1.8257
47711,-1.8736
47724,-1.6367
47736,-1.7683
47747,-1.6582
47758,-2.0076
47768,-2.0076
47780,-1.9095
47790,-1.9789
47800,-1.8736
47809,-1.9765
47819,-1.9765
47830,-2.3115
47840,-1.9621
47850,-2.2540
47863,-2.3498
47873,-2.1392
47887,-2.4431
47899,-2.5316
47909,-2.5316
47919,-2.5962
47929,-2.6106
47942,-2.6010
47953,-2.7996
47966,-2.8738
47977,-2.7278
47987,-2.7278
47998,-2.7182
48008,-2.7206
48018,-2.9169
48031,-2.7757
48041,-2.7613
48051,-2.7613
48062,-2.7541
48083,-3.0580
48094,-2.9575
48106,-2.8068
48116,-2.8068
48129,-2.6752
48142,-2.6704
48154,-2.8211
48165,-2.9336
48176,-2.7900
48186,-2.9456
48196,-2.8522
48209,-3.0867
48219,-3.0867
48230,-2.9815
48245,-3.1848
48255,-3.2255
48268,-3.0820
48278,-3.5103
48288,-3.8907
48310,-3.9218
48323,-4.0080
48335,-4.0080
48346,-3.8812
48357,-3.9721
48373,-3.8477
48383,-3.9434
48394,-3.8620
48405,-3.9171
48415,-3.8668
48426,-3.9673
48439,-3.9242
48450,-3.9242
48461,-3.8381
48473,-3.6849
48483,-3.7519
48493,-3.7998
48506,-3.9147
48516,-3.8692
48528,-3.8692
48539,-4.0199
48551,-3.8094
48564,-3.9075
48575,-4.0487
48587,-4.0223
48598,-4.0271
48609,-4.0175
48620,-4.2520
48634,-4.1898
48644,-4.1898
48654,-4.2568
48669,-4.3310
48681,-4.5870
48691,-6.6616
48701,-4.0343
48711,-4.4124
48725,-4.4865
48735,-4.4028
48747,-4.4028
48758,-4.4315
48770,-4.3023
48784,-4.3837
48795,-4.2879
48805,-4.3190
48815,-4.3071
48828,-4.3095
48839,-4.3693
48849,-4.3693
48860,-4.3813
48872,-4.3621
48883,-4.4172
48893,-4.4076
48907,-4.4004
48917,-4.3597
48928,-4.3597
48938,-4.3693
48948,-4.3717
48959,-4.3980
48973,-4.3813
48983,-4.3406
48993,-4.3932
49007,-4.3932
49020,-4.3765
49031,-4.3765
49041,-4.3669
49053,-4.3645
49064,-4.3765
49080,-4.3789
49090,-4.3717
49102,-4.3789
49112,-4.3860
49122,-4.3430
49134,-4.3765
49144,-4.3765
49154,-4.3573
49169,-4.3621
49180,-4.3669
49191,-4.4148
49201,-4.3932
49214,-4.4052
49225,-4.3669
49235,-4.3669
49245,-4.4291
49255,-4.4028
49266,-4.3597
49277,-4.4028
49289,-4.3813
49299,-4.3813
49311,-4.3932
49322,-4.3837
49331,-4.4172
49343,-4.4172
49357,-4.3884
49369,-4.4052
49395,-4.4004
49405,-4.4124
49416,-4.4124
49428,-4.3813
49440,-4.3956
49450,-4.4219
49461,-4.3932
49472,-4.4148
49483,-4.3932
49492,-4.3932
49504,-4.3765
49514,-4.3980
49525,-4.3908
49537,-4.4100
49547,-4.4148
49557,-4.4148
49569,-4.3741
49582,-4.3860
49592,-4.4004
49603,-4.3717
49613,-4.3837
49623,-4.3837
49633,-4.3884
49643,-4.4100
49655,-4.3693
49667,-4.3789
49677,-4.4100
49687,-4.4100
49699,-4.3956
49709,-4.3621
49720,-4.4219
49731,-4.4076
49744,-4.3765
49753,-4.3908
49763,-4.3908
49774,-4.3932
49785,-4.3789
49795,-4.3789
49805,-4.3884
49817,-4.4435
49827,-4.4435
49837,-4.5488
49847,-4.4602
49857,-4.3908
49867,-4.3908
49878,-4.3549
49888,-4.3286
49900,-4.3190
49910,-4.4507
49921,-4.6588
49932,-4.6588
49947,-4.5488
49958,-4.5488
49971,-4.3382
49982,-4.3382
49993,-4.3693
50008,-4.3693
50018,-4.2975
50029,-4.2927
50039,-4.1228
50051,-4.1300
50063,-4.0032
50073,-4.0032
50086,-4.0463
50097,-3.8907
50107,-3.7878
50117,-3.7783
50130,-3.8859
50140,-3.9912
50150,-3.9912
50164,-3.8668
50175,-3.7974
50186,-3.8836
50196,-3.9673
50208,-3.8548
50220,-3.7663
50231,-3.7280
50244,-3.6227
50254,-3.6778
50264,-3.6778
50275,-3.7854
50284,-3.7687
50296,-3.5964
50308,-3.5773
50318,-3.4768
50328,-3.4768
50341,-3.3428
50353,-3.2375
50363,-3.2518
50376,-3.2160
50386,-3.1107
50397,-2.9551
50407,-2.9551
50418,-3.2112
50432,-3.1442
50443,-3.1298
50454,-3.0413
50465,-2.9743
50475,-3.0102
50490,-2.8618
50500,-2.9575
50510,-2.9575
50522,-2.8857
50536,-2.6991
50549,-2.5579
50560,-2.5292
50572,-2.5699
50589,-2.6010
50602,-2.6201
50614,-2.6201
50625,-2.5316
50635,-2.4144
50646,-2.5603
50656,-2.1775
50670,-2.2564
50680,-2.3689
50690,-2.3689
50704,-2.3019
50753,-2.2540
50764,-2.0171
50776,-1.8879
50793,-1.8114
50804,-1.9071
50821,-2.0794
50834,-1.7539
50846,-1.7539
50857,-1.6965
50869,-1.6869
50880,-1.7563
50893,-1.6295
50903,-1.8162
50913,-1.8066
50924,-1.6845
50935,-1.6845
50947,-1.5147
50959,-1.2060
50971,-1.2921
50980,-1.3854
50992,-1.3280
51004,-1.4644
51014,-1.4883
51024,-1.4883
51034,-1.5314
51045,-1.3759
51059,-1.2897
51069,-1.3208
51079,-1.4812
51092,-1.3424
51103,-1.3424
51113,-1.2897
51125,-1.0504
51137,-1.1174
51149,-1.1031
51158,-1.0696
51172,-0.9667
51182,-0.8351
51194,-0.7490
51204,-0.7490
51218,-0.7490
51228,-0.5527
51238,-0.5384
51249,-0.4283
51259,-0.4116
51271,-0.4044
51285,-0.2656
51296,-0.2656
51306,-0.3565
51316,-0.7346
51326,-0.3733
51336,-0.3733
51348,-0.3015
51358,-0.1172
51371,-0.1196
51383,-0.1986
51396,-0.2847
51410,-0.2847
51427,0.1268
51442,0.3302
51452,0.3302
51461,0.2177
51470,0.2465
51486,0.3326
51496,0.3015
51506,0.3015
51516,0.3015
51526,0.2536
51536,0.2489
51549,0.1531
51559,0.1005
51569,0.0024
51581,0.0072
51592,0.0072
51602,0.0455
51613,0.0000
51624,0.0048
51635,0.0359
51648,0.1077
51658,-0.3829
51669,-0.3829
51679,0.2704
51693,0.3063
51703,0.3159
51713,0.2943
51726,0.3063
51737,0.3829
51748,0.3829
51758,0.3996
51770,0.4427
51779,0.4140
51789,0.3135
51801,-0.0407
51811,-0.0407
51824,-0.1842
51837,-0.5025
51847,-1.0122
51857,-0.3517
51870,-0.5240
51880,-0.7011
51889,-0.7011
51899,-0.4355
51909,-0.3733
51920,-0.5025
51932,-0.3015
51947,-0.1866
51959,-0.2154
51969,-0.1603
51979,-0.1603
51991,-0.1507
52002,-0.2489
52013,-0.3541
52023,-0.2034
52034,-0.2632
52044,-0.2632
52055,-0.2800
52065,-0.2895
52074,-0.2225
52084,-0.2010
52094,-0.2010
52104,-0.2728
52114,-0.2824
52129,-0.2728
52140,-0.2058
52154,-0.1699
52168,-0.2201
52182,-0.2082
52196,-0.1603
52208,-0.2034
52218,-0.1771
52231,-0.2201
52245,-0.2106
52257,-0.1747
52268,-0.1890
52279,-0.1747
52292,-0.2752
52302,-0.2800
52316,-0.2680
52326,-0.2680
52336,-0.1555
52350,-0.1699
52361,0.1029
52375,-0.2297
52387,-0.1555
52398,-0.2154
52409,-0.1316
52419,-0.0646
52431,0.1340
52441,0.1340
52452,-0.0957
52462,-0.4546
52475,-0.3278
52485,-0.3446
52497,-0.0909
52507,-0.0909
52519,0.0383
52528,-0.1364
52538,-0.0431
52548,0.3565
52561,0.2776
52572,0.2776
52581,0.1651
52594,0.4116
52605,0.4331
52616,0.2632
52628,0.3852
52640,0.2680
52650,-0.0622
52661,-0.0622
52672,-0.1005
52681,-0.1890
52690,0.0215
52699,0.0215
52710,-0.1125
52720,-0.0670
52729,0.1196
52739,0.1196
52749,-0.0383
52759,0.0981
52769,-0.0933
52781,0.0431
52792,-0.0287
52806,0.1627
52819,-0.0646
52829,-0.0646
52842,0.0239
52853,0.2321
52863,0.1890
52873,0.1029
52883,0.0526
52897,0.1292
52911,0.0455
52921,0.0455
52935,0.0096
52944,0.0096
52955,0.0335
52965,-0.0335
52975,0.0120
52987,-0.0167
52999,0.0383
53012,0.1268
53024,0.0407
53036,0.0574
53049,0.0574
53062,0.1244
53074,0.1244
53084,0.0885
53094,0.0622
53110,0.1029
53120,0.0670
53132,0.0167
53142,0.0479
53157,0.0933
53167,0.0622
53177,0.0622
53189,0.0120
53199,0.0718
53210,0.0981
53221,0.1077
53236,0.0957
53246,0.1029
53256,0.0837
53266,0.0837
53278,0.0933
53288,0.0048
53298,0.0431
53308,-0.0694
53322,0.1364
53333,0.0885
53375,0.1890
53385,0.0550
53396,0.0550
53408,0.0144
53419,0.1364
53432,0.0239
53443,0.1196
53453,0.1053
53463,0.0909
53477,0.1292
53489,0.1651
53499,0.1651
53510,0.2010
53520,0.1125
53533,-0.0072
53544,0.0287
53556,0.0048
53566,0.0407
53578,-0.0215
53591,0.0837
53604,0.0598
53616,0.0598
53629,0.1149
53639,-0.0335
53650,0.0407
53661,0.2010
53673,0.0981
53683,0.0622
53692,0.0622
53704,0.0048
53714,-0.1723
53725,-0.0550
53735,0.1125
53749,0.1005
53760,0.1603
53773,0.0191
53788,-0.0479
53797,0.0144
53808,0.0144
53818,-0.0144
53832,-0.0215
53843,0.0814
53854,-0.0215
53864,0.0455
53876,0.0861
53887,0.0383
53897,0.0383
53907,-0.0526
53919,0.0383
53939,0.0144
53951,0.0215
53964,-0.0167
53974,-0.0167
53985,0.0311
53995,0.0144
54006,0.0096
54016,0.3781
54026,0.3781
54040,-0.1651
54051,0.1316
54063,0.0239
54073,0.0718
54082,-0.0167
54093,-0.0167
54107,-0.2393
54117,-0.2393
54127,0.0814
54140,-0.0431
54149,0.0072
54159,0.1005
54169,0.1005
54182,-0.0383
54192,0.0431
54206,0.0000
54216,0.0574
54228,0.0383
54238,-0.0431
54248,0.0120
54260,0.0598
54281,-0.0526
54292,0.0239
54302,0.0144
54312,0.0144
54322,0.0144
54332,0.0000
54343,0.0215
54354,0.0048
54365,0.0335
54377,0.0335
54389,0.0072
54399,0.0072
54409,0.0167
54421,0.0000
54431,0.0311
54444,0.0311
54454,-0.0048
54466,0.0120
54478,0.0120
54491,0.0167
54504,0.0239
54517,0.0359
54572,0.0311
54582,0.0311
54594,-0.0215
54604,0.0383
54615,0.0287
54625,0.0359
54636,-0.0024
54649,0.0263
54660,0.0311
54670,0.0311
54684,0.0024
54694,0.0383
54704,0.0191
54715,0.0383
54725,0.0072
54736,0.0072
54749,0.0215
54763,0.0000
54773,0.0000
54785,-0.0096
54795,0.0096
54805,0.0096
54815,0.0311
54826,0.0311
54835,-0.0024
54847,0.0048
54857,0.0120
54867,0.0000
54877,0.0000
54889,-0.0215
54899,0.0072
54909,0.0120
54919,0.0120
54929,0.0072
54939,0.0072
54949,0.0263
54961,-0.0096
54979,0.0287
54989,0.0167
55002,0.0167
55014,0.0072
55024,0.0000
55039,0.0191
55056,0.0239
55066,0.0144
55076,0.0502
55086,0.0120
55102,0.0144
55112,0.0191
55124,0.0144
55136,0.0120
55147,0.0120
55158,0.0191
55169,0.0120
55599,-0.0072
55609,0.0048
55620,0.0335
55634,0.0191
55646,0.0096
55658,0.0120
55671,0.0287
55684,0.0048
55697,0.0335
55710,0.0191
55721,-0.0144
55730,0.0263
55745,-0.0048
55756,0.0622
55770,0.0000
55780,0.0622
55794,-0.0048
55805,-0.0048
55816,-0.0096
55827,0.0335
55837,0.0263
55849,0.0096
55861,-0.0072
55874,0.0167
55886,0.0359
55896,0.0096
55906,0.0096
55916,0.0096
55926,0.0191
55940,0.0263
55950,0.0263
55961,0.0024
55971,0.0024
55982,0.0144
55994,0.0335
56004,-0.0024
56014,0.0000
56025,0.0335
56035,0.0335
56045,0.0144
56056,0.0287
56076,0.0144
56090,0.0096
56101,0.0096
56112,0.0000
56122,0.0311
56134,0.0167
56145,0.0096
56154,0.0311
56164,0.0311
56175,0.0215
56185,0.0024
56196,0.0096
56206,0.0167
56221,0.0215
56232,0.0167
56243,0.0311
56253,0.0311
56264,0.0000
56276,0.0359
56287,0.0215
56300,0.0191
56311,-0.0024
56322,0.0000
56333,0.0000
56345,0.0335
56357,0.0096
56370,-0.0072
56380,0.0000
56392,-0.0072
56404,0.0550
56416,0.0072
56427,0.0407
56438,0.0215
56449,0.0215
56461,0.0311
56473,0.0048
56483,0.0096
56495,0.0048
56524,0.0359
56535,0.0191
56544,0.0359
56556,-0.0024
56567,-0.0024
56579,0.0000
56589,0.0000
56599,0.0335
56616,0.0311
56628,0.0167
56640,0.0144
56654,0.0048
56664,0.0455
56675,0.0144
56688,0.0335
56701,0.0263
56710,0.0048
56724,0.0144
56735,-0.0096
56745,-0.0096
56759,0.0024
56769,0.0024
56779,0.0191
56790,0.0215
56801,0.0144
56811,0.0167
56821,0.0167
56833,0.0096
56845,0.0359
56856,0.0048
56866,0.0167
56879,0.0096
56889,0.0048
56902,-0.0048
56915,0.0072
56925,0.0072
56936,0.0048
56949,0.0263
56959,0.0120
56972,0.0072
56982,0.0144
56995,0.0407
57005,0.0191
57015,0.0191
57025,0.0215
57037,0.0311
57046,0.0335
57059,0.0144
57072,0.0383
57082,0.0550
57094,0.0144
57106,0.0144
57116,0.0000
57131,0.0359
57143,0.0167
57154,-0.0383
57164,0.0048
57174,0.0144
57186,0.0120
57197,0.0359
57208,0.0359
57221,-0.0024
57233,-0.0024
57245,0.0263
57259,0.0287
57271,0.0239
57317,-0.0048
57327,-0.0024
57340,0.0239
57351,0.0072
57361,0.0072
57372,0.0024
57382,0.0096
57392,0.0024
57403,0.0072
57414,0.0072
57425,0.0048
57438,-0.0120
57452,0.0287
57462,0.0072
57473,0.0024
57484,0.0311
57495,0.0215
57508,0.0335
57519,0.0000
57529,0.0000
57539,0.0000
57553,0.0072
57563,0.0407
57573,0.0215
57583,0.0311
57595,0.0167
57608,0.0167
57618,0.0502
57637,0.0263
57650,0.0191
57661,0.0263
57672,0.0263
57682,0.0215
57697,0.0120
57708,0.0263
57719,0.0144
57730,-0.0024
57743,0.0120
57754,0.0167
57768,0.0191
57780,0.0455
57790,0.0215
57804,0.0167
57817,0.0144
57857,0.0287
57867,0.0263
57877,0.0263
57889,-0.0048
57901,0.0144
57911,0.0072
57923,0.0048
57992,0.0191
58002,0.0239
58012,0.0407
58022,0.0000
58032,0.0000
58043,0.0144
58054,0.0072
58066,0.0096
58076,0.0144
58087,-0.0048
58101,-0.0120
58110,-0.0024
58119,-0.0024
58128,0.0359
58136,0.0239
58147,0.0239
58158,-0.0167
58206,-0.0096
58218,0.0191
58229,0.0191
58238,0.0191
58253,0.0120
58264,0.0120
58274,0.0024
58290,0.0000
58301,0.0120
58315,0.0191
58325,0.0072
58340,-0.0096
58363,0.0239
58375,0.0000
58386,0.0072
58398,0.0144
58408,0.0167
58423,0.0072
58434,0.0287
58446,0.0431
58456,0.0431
58469,0.0407
58480,0.0120
58494,0.0239
58504,0.0287
58516,-0.0024
58526,0.0215
58537,0.0239
58549,0.0144
58560,0.0144
58573,-0.0096
58585,0.0287
58596,0.0239
58605,-0.0215
58617,0.0000
58628,0.0096
58638,0.0096
58648,0.0215
58659,-0.0072
58673,0.0431
58683,0.0024
58696,0.0144
58708,0.0383
58719,0.0287
58729,0.0359
58743,0.0191
58757,0.0144
58777,-0.0096
58787,-0.0072
58797,0.0239
58808,0.0335
58818,0.0335
58830,0.0167
58841,0.0215
58852,0.0239
58862,0.0311
58872,0.0215
58881,0.0215
58890,0.0144
58955,0.0263
58967,0.0191
58982,0.0239
58992,0.0359
59002,-0.0048
59012,0.0167
59024,0.0167
59037,0.0096
59047,0.0096
59060,0.0311
59071,0.0072
59082,0.0215
59095,0.0048
59107,0.0311
59119,0.0167
59129,0.0000
59144,0.0311
59154,0.0311
59165,0.0096
59178,0.0215
59190,0.0215
59203,0.0215
59213,0.0502
59226,-0.0144
59238,0.0263
59250,0.0072
59261,0.0144
59272,0.0167
59282,0.0167
59293,0.0096
59305,0.0287
59316,0.0239
59327,-0.0120
59338,0.0359
59348,0.0191
59358,0.0191
59370,0.0215
59383,0.0311
59394,0.0239
59404,0.0191
59414,0.0191
59426,0.0191
59437,0.0144
59446,0.0144
59460,0.0048
59472,0.0287
59482,0.0335
59493,0.0215
59505,0.0239
59520,0.0096
59535,0.0144
59546,0.0167
59557,0.0167
59569,0.0191
59579,0.0096
59589,0.0096
59604,0.0239
59614,-0.0096
59625,-0.0167
59635,0.0215
59647,0.0072
59657,0.0024
59667,0.0024
59680,0.0024
59693,0.0120
59706,0.0287
59718,0.0287
59731,0.0526
59743,0.0144
59754,0.0526
59764,-0.0048
59774,0.0024
59789,0.0287
59800,0.0144
59810,0.0144
59820,0.0048
59832,0.0311
59843,-0.0072
59853,0.0072
59865,0.0120
59875,0.0311
59885,0.0311
59898,0.0072
59911,0.0048
59922,0.0191
59932,0.0502
59946,0.0072
59958,0.0239
59969,0.0407
59978,0.0431
59989,0.0431
60000,0.0383
60010,0.0335
60025,-0.0215
60036,0.0263
60046,0.0574
60056,-0.0024
60071,0.0120
60082,0.0096
60092,0.0096
60102,-0.0024
60114,0.0120
60125,-0.0167
60137,0.0431
60157,-0.0072
60180,0.0287
60206,-0.0048
60217,0.0239
60228,0.0407
60238,0.0167
60251,0.0383
60262,0.0144
60272,0.0144
60282,0.0263
60293,0.0024
60305,-0.0048
60315,0.0144
60327,-0.0024
60338,-0.0024
60349,0.0120
60361,0.0144
60372,-0.0144
60382,0.0048
60398,0.0072
60412,0.0096
60423,0.0024
60435,0.0144
60448,0.0239
60460,0.0359
60471,-0.0096
60483,0.0335
60497,0.0144
60508,0.0550
60518,0.0550
60530,0.0144
60541,0.0072
60552,0.0096
60562,0.0144
60576,0.0167
60586,0.0335
60597,0.0215
60606,0.0215
60617,-0.0096
60627,0.0335
60641,0.0144
60651,0.0239
60664,0.0144
60676,0.0215
60687,0.0287
60699,0.0191
60709,0.0191
60720,0.0526
60730,0.0024
60745,-0.0144
60770,0.0072
60782,-0.0215
60792,0.0072
60805,-0.0072
60815,0.0167
60826,0.0167
60837,0.0144
60849,0.0359
60861,-0.0072
60871,0.0024
60882,0.0311
60894,0.0024
60904,0.0024
60916,0.0407
60926,0.0359
60938,0.0239
60951,-0.0048
60962,0.0215
60973,-0.0072
60983,0.0072
60994,0.0072
61003,0.0167
61017,0.0024
61027,0.0215
61037,0.0263
61049,0.0144
61060,0.0096
61070,0.0096
61083,0.0144
61143,0.0215
61154,0.0239
61167,0.0096
61177,0.0167
61186,0.0167
61196,0.0144
61206,0.0383
61217,-0.0072
61230,0.0144
61241,0.0096
61251,0.0096
61261,0.0144
61273,-0.0024
61283,-0.0072
61293,0.0120
61306,0.0215
61316,0.0215
61328,-0.0263
61338,0.0096
61349,0.0311
61362,0.0431
61375,0.0072
61388,0.0024
61398,0.0096
61409,0.0311
61419,0.0311
61430,0.0287
61440,0.0120
61451,0.0215
61461,0.0622
61471,0.0622
61482,-0.0024
61493,0.0024
61505,0.0431
61519,0.0215
61532,0.0455
61544,0.0144
61557,0.0479
61569,0.0024
61596,0.0431
61609,0.0550
61620,0.0239
61630,0.0072
61641,0.0215
61691,-0.0191
61701,-0.0191
61711,0.0335
61722,0.0167
61734,0.0024
61744,0.0120
61762,0.0120
61772,0.0383
61783,0.0263
61797,0.0263
61809,0.0191
61822,0.0359
61833,0.0502
61843,0.0502
61856,0.0287
61872,0.0335
61882,0.0335
61893,0.0239
61903,0.0287
61916,0.0215
61928,0.0287
61941,0.0263
61951,0.0000
61974,-0.0048
61984,0.0096
61994,0.0431
62004,0.0191
62015,-0.0072
62027,0.0359
62038,0.0359
62048,0.0287
62058,0.0096
62068,0.0215
62080,0.0215
62092,0.0335
62102,0.0335
62115,0.0048
62130,-0.0072
62140,-0.0072
62150,0.0359
62164,0.0215
62175,0.0263
62186,0.0239
62196,-0.0263
62206,0.0311
62216,0.0311
62226,0.0383
62236,0.0167
62248,0.0191
62259,0.0383
62270,0.0383
62286,0.0239
62296,0.0239
62308,-0.0024
62326,-0.0072
62340,0.0335
62354,0.0359
62366,0.0096
62379,-0.0048
62399,0.0096
62411,0.0024
62426,-0.0024
62437,-0.0024
62449,0.0024
62460,0.0311
62472,0.0144
62484,0.0694
62494,0.0287
62507,0.0215
62522,0.0383
62532,0.0191
62542,0.0120
62552,0.0120
62566,0.0144
62577,0.0000
62592,-0.0167
62605,0.0120
62615,0.0120
62625,0.0048
62636,-0.0120
62646,0.0120
62660,0.0000
62671,0.0311
62681,0.0311
62691,0.0191
62701,-0.0096
62713,0.0287
62724,0.0024
62733,0.0024
62745,-0.0024
62760,0.0096
62770,0.0024
62780,0.0167
62793,0.0263
62805,0.0120
62817,0.0144
62827,0.0383
62838,0.0072
62851,0.0287
62861,0.0287
62872,0.0144
62883,0.0335
62893,-0.0048
62905,0.0096
62917,0.0407
62927,0.0407
62937,-0.0096
62951,0.0144
62961,0.0383
62971,0.0407
62983,0.0120
62992,0.0191
63015,-0.0144
63026,0.0167
63036,0.0191
63046,0.0263
63056,0.0167
63067,0.0167
63077,0.0574
63087,0.0239
63097,0.0048
63111,0.0335
63122,0.0096
63132,0.0096
63142,0.0311
63156,0.0024
63166,0.0287
63178,0.0096
63189,0.0215
63201,0.0215
63211,0.0215
63223,0.0191
63234,0.0383
63244,0.0096
63257,0.0024
63267,-0.0072
63289,0.0167
63299,0.0167
63309,0.0431
63319,-0.0048
63329,0.0287
63342,0.0215
63352,0.0215
63362,-0.0024
63376,0.0550
63386,0.0191
63398,0.0072
63408,0.0335
63422,0.0215
63432,0.0287
63447,0.0215
63462,0.0431
63475,0.0215
63488,0.0072
63499,0.0239
63509,0.0287
63521,0.0502
63532,0.0502
63580,0.0191
63601,0.0191
63619,0.0191
63669,0.0191
63682,0.0191
