13185,0.0000
13195,0.0000
13209,0.0700
13224,0.6300
13235,0.2800
13246,0.2100
13258,0.0700
13271,0.1400
13281,0.0700
13291,0.2800
13301,0.2800
13312,0.2800
13326,0.0000
13336,0.0000
13346,0.5600
13356,0.3500
13366,0.3500
13375,-0.1400
13385,0.0700
13395,0.0700
13405,0.0700
13415,0.0700
13444,0.0000
13452,0.0000
13463,0.3500
13473,0.1400
13483,0.2100
13496,0.2100
13509,-0.2100
13520,-0.2100
13532,0.0000
13545,0.4200
13555,-0.0700
13569,0.6300
13579,-0.2100
13589,0.0700
13604,0.0700
13614,0.1400
13626,0.1400
13639,0.0000
13654,0.2800
13664,-0.1400
13674,-0.1400
13688,0.4900
13699,0.4900
13710,0.0700
13720,0.1400
13733,-0.0700
13742,-0.0700
13753,-0.0700
13761,0.0700
13771,0.5600
13780,0.0000
13790,0.0000
13799,0.0700
13809,0.2800
13821,0.1400
13833,0.1400
13843,0.1400
13855,0.1400
13865,0.2100
13881,0.2100
13891,0.4200
13902,-0.0700
13912,0.4200
13922,0.2100
13932,0.2100
13942,0.1400
13955,0.0000
13966,0.0700
13976,0.2800
13986,-0.0700
13996,-0.0700
14007,-0.1400
14018,0.3500
14028,0.3500
14041,0.2100
14053,0.2100
14063,-0.2100
14074,-0.2100
14084,0.2800
14093,0.2100
14104,0.0700
14116,0.2100
14127,0.4200
14136,0.4200
14146,-0.2100
14158,0.1400
14168,0.4200
14178,0.4900
14591,0.0700
14599,0.0700
14610,0.2100
14623,0.2100
14635,-0.1400
14646,0.0700
14657,0.3500
14673,0.4200
14692,-0.2800
14702,0.4900
14713,0.3500
14724,0.3500
14734,0.5600
14745,0.5600
14756,0.1400
14767,0.1400
14778,0.2100
14788,0.1400
14809,0.1400
14819,0.0000
14830,0.0700
14841,0.4900
14855,0.0700
14867,0.0000
14878,0.2800
14888,0.1400
14899,0.1400
14910,0.0000
14920,0.1400
14930,0.0000
14940,0.0000
14951,0.0000
14964,0.1400
14974,0.1400
14984,0.0700
14994,0.0700
15007,0.2100
15017,0.0700
15027,0.0700
15037,0.2800
15047,0.0000
15057,0.0700
15065,0.0700
15075,0.0000
15085,0.3500
15095,0.0000
15106,0.0700
15117,0.0700
15126,0.2100
15136,0.1400
15145,0.2800
15154,0.2800
15162,0.4200
15172,0.2100
15182,0.2100
15192,0.1400
15202,0.2800
15214,0.2100
15224,0.1400
15234,0.1400
15263,0.1400
15273,0.1400
15284,0.4200
15295,0.1400
15306,0.4200
15317,0.5600
15326,0.4900
15335,0.4900
15344,-0.0700
15355,0.0000
15365,0.5600
15375,0.5600
15389,0.0000
15400,0.2100
15413,0.0700
15423,0.2100
15433,0.4200
15445,0.4900
15455,0.0700
15467,0.2100
15477,0.2100
15487,-0.0700
15502,0.0000
15512,0.1400
15524,-0.1400
15536,0.0700
15547,0.2800
15558,0.2800
15570,0.1400
15582,0.1400
15595,0.2100
15608,0.2100
15620,0.0000
15632,0.2100
15644,0.4200
15657,0.0700
15669,0.0700
15685,0.2800
15696,0.2100
15711,0.3500
15719,-0.1400
15729,0.4900
15739,-0.0700
15749,-0.0700
15760,0.0000
15770,0.2800
15780,0.2100
15792,-0.2100
15803,0.2100
15817,0.0700
15827,0.2100
15838,0.2100
15851,0.3500
15861,0.2800
15872,0.3500
15883,0.1400
15893,0.3500
15903,0.3500
15916,0.2800
15926,0.2800
15938,0.0000
15948,0.2100
15958,0.4200
15968,0.4200
15981,0.0000
15992,-0.0700
16004,0.1400
16017,0.4900
16037,0.2800
16061,0.1400
16071,0.1400
16083,0.4200
16095,0.2100
16105,0.0000
16115,0.1400
16125,-0.0700
16138,0.4900
16159,0.3500
16169,0.4200
16178,0.1400
16187,0.1400
16197,-0.2100
16205,0.5600
16213,0.5600
16221,0.4200
16229,0.2100
16237,0.2100
16246,0.2800
16256,0.3500
16266,0.0700
16276,0.0700
16286,0.1400
16296,0.0000
16305,0.2800
16313,0.2800
16322,0.0700
16331,0.2100
16344,0.3500
16359,0.3500
16369,0.2800
16378,0.2800
16388,0.1400
16397,-0.0700
16408,0.1400
16418,0.1400
16426,0.2800
16436,0.2800
16445,0.3500
16463,0.1400
16473,0.1400
16486,0.4200
16496,0.4200
16505,0.0700
16515,0.0000
16524,0.0700
16533,0.0700
16541,0.0700
16550,0.2800
16559,0.2800
16568,0.2800
16577,0.0700
16592,0.0700
16602,0.5600
16613,0.5600
16623,0.1400
16633,0.4900
16643,0.0700
16655,0.5600
16667,0.2800
16678,0.3500
16688,0.3500
16698,0.2800
16708,0.4200
16720,0.4200
16730,0.2100
16740,0.2100
16753,0.1400
16765,0.1400
16775,0.4900
16785,-0.0700
16795,0.3500
16806,0.3500
16817,0.2100
16827,0.2100
16838,0.4200
16847,-0.1400
16855,-0.1400
16865,0.2100
16874,-0.2100
16886,-0.1400
16895,-0.1400
16904,0.1400
16913,-0.1400
16922,-0.0700
16936,-0.0700
16946,-0.7700
16956,-0.1400
16966,0.4200
16976,0.0700
16986,0.0700
16996,0.2100
17006,-0.2100
17014,0.2800
17024,0.2800
17035,0.4200
17047,0.0000
17057,0.0000
17070,0.4200
17078,0.7000
17090,1.2600
17100,1.2600
17111,2.0300
17124,3.3600
17132,1.9600
17142,0.8400
17152,0.8400
17162,1.2600
17172,1.1900
17181,2.8700
17191,2.8700
17201,2.5900
17211,2.5200
17222,3.1500
17234,2.8000
17244,2.8000
17256,3.2200
17266,3.5000
17275,3.9200
17285,3.7100
17296,3.7100
17307,-10.8500
17317,-10.2200
17327,-7.1400
17337,-4.5500
17349,-0.9800
17359,-0.9800
17370,-7.7000
17379,-4.4100
17388,-0.2800
17401,0.2800
17412,0.2800
17422,0.3500
17432,0.5600
17443,1.5400
17454,1.4000
17467,0.9800
17477,1.5400
17486,1.5400
17496,0.2100
17504,0.0700
17517,0.4900
17527,0.4900
17537,-0.2100
17547,0.4900
17558,0.7700
17569,0.2100
17579,0.2100
17589,0.0000
17604,0.5600
17614,0.4900
17624,-0.0700
17634,-1.4700
17644,-0.0700
17654,-0.0700
17664,0.4900
17676,0.1400
17691,0.2100
17699,0.2800
17709,-0.0700
17719,-0.0700
17730,0.2100
17740,0.0000
17751,0.0000
17761,0.3500
17771,0.3500
17784,0.0000
17794,0.0700
17804,0.2100
17814,0.2100
17824,0.2800
17834,0.2800
17844,0.6300
17859,0.0000
17870,0.0000
17878,0.2100
17889,0.2100
17900,0.1400
17910,0.2100
17920,0.3500
17931,0.3500
17942,0.3500
17952,0.3500
17960,0.2800
17970,0.2100
17980,0.0000
17990,0.0000
18002,0.4200
18012,-0.2100
18022,-0.1400
18036,-0.1400
18044,0.0000
18054,0.0000
18065,-1.1200
18077,-2.1000
18088,-3.2200
18100,-2.3100
18110,-1.8200
18120,-1.8200
18130,-1.6100
18140,-2.2400
18150,-1.7500
18160,-0.3500
18170,-0.3500
18183,0.1400
18194,0.1400
18204,-0.0700
18214,-1.4700
18224,-7.2100
18235,-7.2100
18248,-7.5600
18263,-4.0600
18273,-4.0600
18291,-2.1000
18304,-1.5400
18317,-0.9800
18330,-0.0700
18344,-0.4900
18355,-1.3300
18366,-1.0500
18377,-1.0500
18387,0.0000
18399,1.7500
18409,1.3300
18421,0.7700
18431,0.2100
18442,0.2100
18451,1.2600
18464,1.2600
18475,0.8400
18487,1.3300
18499,1.1200
18510,0.9800
18521,1.3300
18533,1.9600
18541,1.9600
18553,1.8900
18563,1.0500
18573,0.0700
18583,0.0700
18593,-0.4200
18604,-0.4900
18614,0.1400
18625,0.2800
18635,0.2800
18645,0.7000
18655,0.5600
18666,0.9100
18676,1.3300
18686,1.3300
18697,1.7500
18708,1.2600
18718,1.0500
18728,1.4000
18739,2.2400
18749,2.2400
18762,2.6600
18773,2.3800
18783,0.9100
18793,0.0700
18803,-0.7700
18813,-0.7700
18824,-0.6300
18834,-0.5600
18846,-0.2800
18858,-0.2800
18868,-0.5600
18878,-0.5600
18890,-0.2800
18900,0.4200
18908,0.9800
18918,0.9800
18930,2.0300
18940,1.4700
18950,-0.1400
18960,-0.2800
18970,-0.2800
18980,-0.4200
18993,-0.4200
19005,-0.3500
19015,0.5600
19025,0.7000
19035,0.3500
19045,0.3500
19055,-0.4200
19065,0.0000
19075,0.7700
19090,1.9600
19100,1.1900
19110,1.1900
19120,0.6300
19130,0.4900
19141,1.1900
19151,1.7500
19162,1.7500
19175,1.6100
19184,1.2600
19195,0.4200
19206,0.0000
19218,-0.4200
19229,-0.7700
19240,-0.7700
19249,-0.8400
19262,-0.1400
19272,0.7000
19282,0.5600
19292,0.5600
19301,0.0700
19315,-0.3500
19325,-0.0700
19335,-1.5400
19346,-1.7500
19356,-1.7500
19366,-1.4700
19376,-0.8400
19386,-0.2800
19396,-0.4200
19405,-0.4200
19417,-0.7000
19425,0.0000
19435,0.1400
19447,0.0000
19457,0.0000
19469,0.1400
19479,-0.2800
19491,-1.2600
19502,-2.5200
19513,-2.5200
19526,-1.3300
19536,-1.3300
19549,-0.7700
19561,-1.6100
19572,-1.4700
19583,-1.1200
19593,-0.8400
19603,-0.4200
19613,-0.4200
19623,-1.1200
19634,-0.8400
19643,-0.6300
19653,-0.7700
19663,-0.7700
19677,-1.0500
19688,-0.9100
19698,-0.6300
19711,0.0000
19721,-0.0700
19732,-0.2800
19742,-0.2800
19753,-0.2800
19763,-0.2800
19773,0.0000
19783,0.1400
19791,0.1400
19801,-0.1400
19811,0.0700
19821,-0.2100
19831,-0.2100
19841,-0.5600
19851,-1.2600
19861,-0.6300
19873,-0.6300
19883,-0.9100
19893,-0.8400
19905,-0.4200
19913,0.4200
19924,-0.2100
19934,-0.2100
19944,0.1400
19957,0.2100
19968,0.4200
19978,0.4200
19988,0.2100
19999,0.2100
20009,-0.1400
20018,-0.6300
20029,-1.0500
20041,-1.7500
20052,-1.7500
20062,-0.8400
20074,-0.0700
20084,0.4900
20096,0.0700
20106,0.0000
20125,0.2800
20135,0.7000
20144,0.7000
20154,0.7000
20163,0.4900
20173,0.0700
20182,-0.5600
20190,-0.5600
20203,-0.9800
20214,-1.4700
20224,-0.9100
20235,0.2800
20245,0.2800
20258,-0.1400
20268,0.0700
20278,0.5600
20289,0.0700
20299,0.4900
20309,0.4900
20321,0.5600
20333,0.6300
20346,0.4900
20357,-0.4200
20367,-1.6800
20377,-1.3300
20387,0.0000
20396,0.0000
20406,0.7700
20416,0.6300
20428,0.9100
20440,1.4700
20450,1.4700
20462,0.8400
20474,0.4200
20484,4.3400
20494,-0.5600
20509,0.1400
20519,8.4700
20528,8.4700
20541,14.0000
20551,16.2400
20563,15.2600
20573,8.4700
20585,3.8500
20595,0.0700
20606,0.0700
20616,-0.3500
20628,-1.4000
20639,-0.4900
20648,-0.2100
20659,0.0000
20673,-0.4900
20683,-0.4900
20693,-1.1900
20704,-3.7100
20714,-4.8300
20725,-5.2500
20734,-5.2500
20744,-5.3200
20754,-2.5200
20764,0.7700
20774,2.3800
20789,2.3800
20800,0.1400
20810,0.1400
20820,-2.3800
20830,-2.0300
20843,-1.4000
20853,-1.4700
20862,-1.4700
20870,-1.9600
20880,-2.2400
20890,-4.4100
20900,-4.4100
20911,-5.3200
20921,-3.5000
20934,-0.5600
20944,-1.1200
20956,-1.5400
20966,-1.5400
20976,-2.3100
20987,-0.7700
20997,0.4900
21007,-1.0500
21019,-3.4300
21029,-3.4300
21039,-5.1100
21049,-3.3600
21062,-1.2600
21072,1.5400
21082,1.5400
21092,2.3100
21101,1.1200
21111,0.4200
21121,0.4200
21141,0.2100
21152,0.3500
21162,0.7700
21171,0.7700
21179,0.6300
21189,0.7000
21199,-1.0500
21209,-1.0500
21219,-3.5000
21231,-5.5300
21241,-4.2700
21251,-0.2100
21261,-0.2100
21271,3.9200
21281,7.0700
21292,7.4200
21305,8.7500
21315,5.9500
21325,5.9500
21333,3.4300
21348,1.0500
21358,1.5400
21366,1.4700
21387,1.1900
21401,1.1900
21413,0.4900
21423,0.7700
21435,1.4700
21445,2.4500
21456,2.4500
21465,4.0600
21475,6.6500
21485,8.1900
21494,8.1900
21502,6.9300
21512,6.1600
21523,4.8300
21535,2.5900
21548,0.0700
21558,0.0700
21569,-0.3500
21582,0.5600
21592,-0.6300
21602,-0.9800
21612,-1.8900
21622,-1.8900
21632,-1.8900
21642,-1.6800
21652,-1.4000
21660,-1.4000
21672,-2.1700
21682,-1.1900
21692,-0.2800
21703,-1.1900
21718,-0.4900
21728,-0.6300
21737,-0.6300
21748,-1.2600
21759,-1.1200
21769,-0.8400
21779,-1.1900
21792,0.2100
21803,0.2100
21813,0.4900
21823,3.5000
21833,13.7200
21844,22.1200
21855,22.1200
21865,27.9300
21877,11.6200
21887,-12.1800
21897,0.8400
21907,5.2500
21917,5.2500
21928,0.3500
21938,0.9800
21947,0.4200
21956,0.4200
21967,0.7000
21978,0.6300
21988,0.6300
22012,0.8400
22022,0.8400
22037,0.7700
22048,0.7700
22060,1.1200
22071,1.1900
22081,1.1200
22091,0.9100
22101,1.0500
22111,1.0500
22123,0.9800
22133,1.0500
22144,0.3500
22154,1.2600
22164,1.2600
22174,1.2600
22186,1.2600
22195,0.6300
22205,0.5600
22215,0.5600
22225,0.9100
22234,1.0500
22242,0.7700
22252,0.7700
22262,0.9800
22274,0.7700
22285,0.9800
22294,0.7000
22304,0.7000
22314,0.7700
22324,0.8400
22338,1.1200
22352,0.6300
22366,0.9800
22377,0.6300
22388,0.4900
22398,0.7700
22408,0.7700
22419,0.5600
22428,0.7700
22439,0.6300
22449,0.5600
22459,0.5600
22469,0.3500
22481,0.4200
22491,0.4900
22502,0.8400
22512,0.8400
22524,0.6300
22535,0.8400
22543,0.8400
22557,0.6300
22567,0.4200
22578,0.9100
22591,0.9100
22602,0.6300
22613,0.3500
22625,0.8400
22635,0.3500
22645,0.4900
22655,0.5600
22664,0.5600
22673,0.4200
22684,0.7000
22694,1.1200
22706,1.1200
22716,0.4200
22729,0.4900
22739,0.7000
22755,0.7700
22765,0.6300
22777,0.6300
22787,0.6300
22797,0.4900
22808,0.4900
22819,0.9800
22832,0.8400
22842,0.7700
22852,0.7000
22864,0.9100
22874,0.7000
22885,0.7000
22894,0.6300
22902,0.4200
22911,0.4200
22924,0.6300
22934,0.8400
22945,0.4900
22957,0.7700
22967,0.4900
22978,0.5600
22988,0.5600
22998,0.7000
23008,0.7700
23018,0.8400
23028,0.4900
23038,0.4900
23052,0.7000
23062,0.7700
23072,0.7700
23082,0.7700
23092,0.9100
23101,0.9100
23111,0.6300
23121,0.9100
23130,0.9100
23138,0.7000
23189,0.2100
23199,0.9100
23210,0.8400
23220,0.8400
23233,0.8400
23248,0.7700
23257,0.7700
23270,0.7000
23281,0.7700
23291,0.7000
23301,0.8400
23312,0.8400
23323,0.8400
23332,0.7000
23340,1.0500
23351,1.1200
23364,1.2600
23374,1.2600
23386,1.1200
23396,1.1900
23406,1.1900
23419,0.9800
23431,0.9800
23441,0.5600
23451,0.5600
23463,0.6300
23473,1.0500
23483,0.8400
23494,1.0500
23507,0.6300
23517,0.7700
23528,0.7700
23540,0.2800
23551,0.9100
23561,0.8400
23575,0.9100
23585,0.9100
23595,0.9100
23605,0.9100
23615,0.6300
23625,0.7700
23635,0.7700
23645,0.6300
23655,0.6300
23667,0.7700
23678,0.8400
23689,0.8400
23699,0.9100
23709,0.9100
23720,0.4900
23729,0.7000
23739,0.8400
23753,0.5600
23763,0.7000
23777,0.9100
23787,0.7000
23798,0.7000
23809,0.8400
23819,0.9100
23829,0.7000
23843,0.8400
23851,0.8400
23861,0.9800
23871,0.8400
23881,1.1200
23891,0.7700
23903,0.7700
23913,1.0500
23925,0.5600
23935,0.7000
23945,0.9100
23955,0.5600
23964,0.5600
23974,0.6300
23984,0.8400
24000,0.7700
24010,0.9100
24020,0.9100
24030,0.9100
24040,0.8400
24050,0.5600
24060,0.7700
24070,0.7700
24080,0.6300
24089,0.7700
24098,0.7700
24108,0.7700
24118,0.5600
24129,0.7700
24140,0.7000
24150,0.6300
24159,0.6300
24168,0.7000
24178,0.6300
24189,0.7000
24200,0.5600
24210,0.5600
24220,0.7700
24230,0.6300
24239,0.7000
24249,0.7000
24259,0.7000
24270,0.3500
24280,0.5600
24292,0.5600
24302,0.5600
24312,0.7000
24326,1.0500
24337,0.7700
24351,0.7000
24361,0.7000
24371,0.9800
24385,0.7000
24394,0.7700
24403,0.7700
24412,0.4900
24420,0.4200
24428,0.4200
24438,0.7700
24448,0.3500
24459,0.3500
24469,0.3500
24483,0.4200
24494,0.4200
24504,0.7700
24512,0.7000
24525,0.9100
24534,0.3500
24544,0.3500
24554,0.7000
24562,0.9100
24572,0.9100
24582,0.4900
24594,0.4900
24605,0.4200
24615,0.4200
24625,0.6300
24637,0.6300
24646,0.7000
24654,0.8400
24663,0.4900
24675,0.4900
24685,0.7700
24693,0.7700
24702,0.5600
24711,0.5600
24721,0.8400
24731,0.9800
24741,0.7000
24749,0.7000
24758,0.7000
24772,0.4900
24784,0.6300
24800,0.3500
24809,0.7000
24818,0.4900
24827,0.4900
24835,0.4900
24844,0.4200
24855,0.4200
24864,0.4200
24880,0.5600
24890,0.8400
24903,0.6300
24913,0.9100
24923,0.6300
24936,0.9100
24946,0.7000
24956,0.7000
24969,0.8400
24979,0.8400
24989,0.7000
24999,0.5600
25008,0.5600
25019,0.7700
25030,0.7000
25040,0.9100
25051,0.6300
25062,0.6300
25072,0.6300
25083,0.7000
25097,0.7000
25108,0.6300
25118,0.7000
25130,0.5600
25144,0.4200
25154,0.5600
25164,0.5600
25175,0.7000
25186,0.9100
25194,0.8400
25204,0.8400
25218,0.4200
25230,0.4200
25241,0.7000
25249,0.3500
25259,0.5600
25269,0.6300
25279,0.6300
25288,0.9800
25298,0.6300
25309,0.7000
25319,0.7000
25329,0.8400
25339,0.8400
25350,0.5600
25360,0.6300
25372,0.7700
25381,0.7700
25395,0.5600
25403,0.4900
25413,0.8400
25426,0.4900
25438,0.7700
25449,0.7700
25459,0.7700
25470,0.9800
25480,0.7700
25492,0.6300
25502,0.5600
25511,0.5600
25521,0.5600
25529,0.6300
25539,0.5600
25550,0.5600
25559,0.4200
25570,0.2800
25580,0.4900
25593,0.5600
25601,0.5600
25611,0.6300
25621,0.4900
25630,0.3500
25641,0.3500
25651,0.8400
25665,0.6300
25675,0.4900
25685,0.3500
25695,0.5600
25705,0.5600
25715,0.3500
25724,0.7700
25734,0.7700
25744,0.7700
25754,0.8400
25765,0.4900
25777,0.8400
25788,0.2800
25796,0.2800
25804,0.2100
25816,0.6300
25826,0.7000
25835,0.3500
25843,0.3500
25855,0.3500
25865,-0.0700
25876,-0.2100
25886,-0.2100
25896,0.0700
25908,-0.0700
25918,0.4200
25931,0.3500
25941,0.6300
25951,0.6300
25963,0.0000
25976,0.4200
25987,0.4200
25999,0.4200
26009,0.5600
26021,0.8400
26029,0.2800
26039,0.2800
26049,0.4200
26059,0.7000
26069,0.7700
26080,0.7700
26091,0.7700
26118,0.0700
26126,0.2800
26137,0.3500
26147,0.7000
26157,0.7000
26167,0.6300
26179,0.6300
26189,0.4900
26201,0.6300
26209,0.6300
26219,0.4200
26231,0.7000
26241,0.1400
26253,0.5600
26265,0.7000
26275,0.4900
26287,0.6300
26296,0.6300
26305,0.5600
26316,0.6300
26328,0.8400
26341,0.4900
26351,0.5600
26361,0.5600
26375,0.4900
26385,0.4200
26395,0.2800
26407,0.7700
26418,0.4200
26429,0.5600
26438,0.5600
26449,0.4200
26459,0.2800
26469,0.5600
26478,0.5600
26488,0.3500
26498,0.3500
26509,0.3500
26519,0.6300
26547,0.2100
26561,0.3500
26573,0.4900
26581,0.4900
26593,0.2100
26603,0.4900
26615,0.3500
26625,0.7000
26635,0.6300
26645,0.6300
26655,0.7700
26670,0.7700
26680,0.4900
26690,0.4200
26700,0.4200
26710,0.4200
26720,0.8400
26730,0.5600
26740,0.4200
26750,0.4200
26762,0.7700
26770,0.5600
26780,0.7000
26790,0.2100
26802,0.5600
26813,0.5600
26827,0.6300
26837,0.4900
26848,0.4900
26860,0.2800
26871,0.3500
26883,0.4900
26895,0.3500
26905,0.7700
26915,0.7700
26925,0.4900
26935,0.7700
26946,0.5600
26956,0.8400
26969,0.6300
26979,0.6300
26991,0.6300
27001,0.4900
27011,0.4200
27024,0.5600
27034,0.4900
27046,0.4900
27056,0.9100
27066,0.7000
27076,0.7700
27087,0.5600
27097,0.5600
27108,0.7700
27119,0.3500
27129,0.9100
27141,0.9100
27153,0.1400
27163,1.0500
27175,1.0500
27185,-1.9600
27195,-0.4200
27205,-0.2100
27213,-0.2100
27226,0.0700
27238,-0.1400
27248,0.3500
27258,0.4900
27268,0.4200
27278,0.4200
27288,-0.1400
27298,0.1400
27309,0.3500
27322,0.4900
27333,0.7000
27343,0.2800
27353,0.2800
27363,1.1200
27373,1.1200
27388,1.0500
27398,0.8400
27407,0.8400
27421,0.9100
27435,1.2600
27450,0.8400
27465,1.2600
27477,1.4700
27487,1.3300
27499,1.5400
27511,1.1200
27522,1.1200
27536,1.1900
27548,1.0500
27562,2.1700
27574,2.1700
27584,5.6000
27594,11.6900
27606,15.2600
27616,9.8700
27629,6.6500
27637,6.6500
27648,0.5600
27658,-6.6500
27668,-13.1600
27679,-9.0300
27690,-9.0300
27704,-5.0400
27716,-0.7000
27726,-4.6200
27737,-7.1400
27747,-2.2400
27758,0.1400
27768,1.6800
27778,1.6800
27790,0.2100
27800,-0.0700
27810,0.4900
27820,0.3500
27831,0.3500
27841,0.7000
27853,0.5600
27863,0.7000
27877,0.5600
27887,0.9800
27897,1.4000
27907,1.4000
27917,1.6800
27930,1.1200
27940,0.9800
27950,1.5400
27960,1.5400
27969,1.5400
27979,2.2400
27989,3.2900
27999,3.2900
28011,1.8200
28021,0.9100
28036,0.9100
28046,0.9800
28059,0.7000
28069,0.2100
28079,0.4200
28094,0.4900
28104,0.7700
28114,0.7700
28123,0.9800
28133,0.8400
28141,0.8400
28151,0.5600
28161,0.7700
28173,1.0500
28183,0.8400
28193,0.6300
28202,0.6300
28216,0.7000
28228,0.8400
28242,1.3300
28253,1.6800
28264,1.8900
28313,2.4500
28325,1.5400
28335,0.2100
28345,0.2100
28355,-1.1200
28365,-2.5200
28375,-3.4300
28385,-3.4300
28399,-2.5200
28411,-2.5200
28421,-0.6300
28432,0.2100
28442,0.5600
28455,0.9100
28467,0.9100
28477,1.3300
28486,1.3300
28498,1.4000
28508,1.6100
28518,1.0500
28528,-0.4900
28540,-0.4900
28550,-1.4000
28563,-1.8900
28574,-2.8700
28585,-3.8500
28595,-3.7800
28606,-2.8000
28619,-3.1500
28629,-3.1500
28643,-2.6600
28656,-0.8400
28668,1.0500
28678,1.6800
28688,1.5400
28698,1.4000
28708,1.1900
28720,1.1900
28730,2.4500
28742,2.6600
28753,4.0600
28763,4.5500
28773,2.3800
28783,2.3800
28793,1.4000
28803,2.6600
28815,1.6100
28826,0.4200
28836,0.4200
28851,-1.4700
28861,-1.4700
28872,-1.0500
28883,-0.1400
28895,0.7000
28905,-0.2800
28915,-0.5600
28924,-0.5600
28934,0.3500
28944,0.9100
28954,1.1200
28964,1.1200
28974,1.6800
28984,0.7000
28994,1.1900
29006,-0.1400
29016,-0.1400
29025,0.4200
29033,1.0500
29044,1.0500
29055,1.0500
29065,0.5600
29078,0.3500
29089,0.9800
29102,-0.2800
29112,-1.4700
29122,-2.0300
29132,-2.0300
29142,-1.6800
29155,-1.4000
29166,-1.4700
29176,-1.4700
29187,-2.8000
29197,-2.8000
29207,-2.6600
29217,-2.7300
29231,-1.8900
29241,-0.5600
29251,1.0500
29264,1.4700
29275,1.6800
29285,1.6800
29299,1.8200
29310,1.8200
29320,1.3300
29329,1.1900
29339,1.1900
29349,2.6600
29359,3.3600
29368,1.8200
29377,1.8200
29388,0.9800
29398,0.6300
29409,0.9100
29419,-0.2800
29429,-0.2800
29440,-1.6100
29454,-0.7700
29467,-0.2800
29481,-0.0700
29491,0.0000
29502,0.3500
29512,0.1400
29525,-0.4900
29533,-0.4900
29543,-0.4900
29555,0.0000
29565,0.0700
29575,0.2800
29584,0.4900
29593,0.4900
29604,0.4900
29616,0.7700
29628,0.1400
29638,-0.9100
29648,0.2100
29658,0.2100
29668,1.6100
29679,1.0500
29688,-0.9100
29702,-1.1200
29713,-0.7700
29725,-0.4200
29736,-0.4200
29747,-1.1900
29757,-2.1000
29770,-2.5200
29783,-3.0100
29793,-2.2400
29803,-2.2400
29816,-0.2100
29828,-0.2100
29838,-0.7000
29848,-2.2400
29856,-2.1700
29868,-1.4700
29879,-1.4700
29892,-0.2800
29902,0.2800
29914,-1.5400
29925,-1.8900
29935,-1.3300
29945,0.6300
29955,0.6300
29965,0.4200
29975,-0.2100
29990,-0.6300
30000,-2.1000
30010,-2.1000
30020,-2.1000
30031,-0.7000
30039,0.2800
30050,0.7000
30062,1.1200
30072,1.1200
30087,0.9800
30097,0.9800
30107,0.8400
30119,0.7000
30129,1.8200
30139,2.1000
30148,2.1000
30159,2.0300
30167,0.9800
30177,-0.4200
30187,-0.4200
30197,-0.2100
30205,0.9800
30215,1.4000
30226,1.4000
30235,0.7700
30243,0.7000
30257,-1.1900
30269,-1.5400
30280,-1.5400
30291,-1.1900
30300,0.1400
30311,0.5600
30321,-0.1400
30332,0.0000
30342,0.0000
30352,0.4200
30365,0.1400
30375,1.6100
30385,3.4300
30395,3.4300
30408,1.8200
30419,1.3300
30429,0.7000
30439,0.2100
30448,-0.6300
30456,-0.6300
30485,-1.5400
30496,-1.1900
30506,-2.5200
30516,-4.1300
30526,-5.3200
30539,-5.3200
30550,-3.7800
30560,-3.7800
30570,-1.9600
30580,-1.4000
30593,-1.9600
30601,-1.9600
30613,-3.1500
30624,-3.4300
30634,-2.5200
30644,-1.1900
30656,-0.0700
30669,0.0000
30681,0.0000
30693,0.7000
30705,1.5400
30715,1.5400
30726,3.1500
30739,2.8000
30749,1.5400
30758,-1.1200
30768,-1.1200
30778,-2.3800
30788,-1.2600
30796,0.4900
30806,0.4900
30815,1.2600
30825,1.2600
30835,1.6100
30845,1.6100
30855,0.9800
30866,0.4200
30876,0.0700
30885,0.0700
30896,0.0700
30906,-0.0700
30915,0.0000
30923,0.0000
30933,0.0000
30945,0.8400
30957,0.7000
30969,1.3300
30979,1.2600
30989,0.7700
30999,0.7700
31009,0.8400
31019,0.4900
31029,0.2100
31039,0.1400
31049,0.1400
31059,-0.2800
31071,-0.2100
31086,0.2100
31096,0.2100
31107,0.2100
31118,0.0700
31128,0.0700
31139,0.0700
31149,-0.1400
31164,0.0000
31174,-0.3500
31184,-0.1400
31193,-0.1400
31205,0.0000
31219,-0.0700
31229,-0.2800
31237,-0.0700
31247,-0.2100
31257,-0.2100
31267,0.1400
31282,0.0000
31292,0.0000
31302,-0.2100
31315,-0.0700
31326,-0.2100
31336,-0.2800
31347,-0.2800
31357,-0.2100
31369,0.0000
31378,-0.0700
31389,-0.2800
31402,-0.3500
31412,-0.3500
31422,-0.3500
31433,0.0000
31443,0.0000
31455,-0.2800
31465,0.0700
31474,0.0700
31489,0.3500
31499,0.0700
31510,-0.0700
31521,-0.0700
31531,-0.0700
31540,-0.0700
31550,-0.3500
31560,-0.8400
31570,-0.3500
31580,-0.2100
31590,-0.2100
31601,-0.3500
31613,-1.1200
31623,-1.6800
31633,-0.9100
31643,-0.9100
31655,-0.2800
31664,-1.1200
31674,-0.6300
31685,-0.1400
31693,-0.1400
31710,-0.4200
31730,-0.1400
31739,-0.6300
31750,-0.6300
31760,-0.6300
31771,-0.8400
31782,-0.1400
31794,-0.2100
31805,0.0700
31815,-0.8400
31825,-0.2100
31835,-0.2100
31845,-0.0700
31855,-0.6300
31865,-0.6300
31877,-2.1000
31888,-2.1000
31898,-0.9800
31909,-0.2800
31919,0.1400
31929,0.4200
31942,-0.4200
31953,-0.4200
31962,-0.1400
31973,0.0700
31983,-0.3500
31996,-0.2800
32007,0.2800
32020,0.0000
32034,0.3500
32047,-0.4200
32058,-0.6300
32072,-2.0300
32083,-2.4500
32094,-2.4500
32108,-0.4900
32127,-2.6600
32138,-5.3900
32148,-4.3400
32158,-4.3400
32171,-4.9000
32182,-5.6000
32193,-4.2700
32203,-2.1700
32217,-1.9600
32232,-1.7500
32242,-1.1900
32256,-0.9800
32268,-1.0500
32279,-0.8400
32287,-0.8400
32297,-1.0500
32305,-1.5400
32317,-2.3800
32327,-1.8200
32337,-1.8200
32348,-1.2600
32359,-0.7700
32369,-0.9800
32379,-1.1900
32387,-1.1900
32397,-1.6100
32407,-2.3100
32417,-1.8200
32428,-1.8200
32438,-1.4000
32447,-1.6800
32457,-1.8900
32467,-1.8900
32480,-2.3100
32490,-2.1000
32502,-2.9400
32513,-4.4100
32523,-6.0200
32533,-6.0200
32548,-9.1700
32556,-9.1700
32566,-9.6600
32577,-10.7100
32588,-11.1300
32598,-11.1300
32608,-9.1700
32619,-23.1000
32631,-0.7700
32641,0.2100
32650,0.0700
32659,0.0700
32669,0.5600
32680,0.2800
32689,0.8400
32699,0.8400
32711,0.0700
32723,0.0000
32733,0.0700
32743,0.0700
32753,0.0000
32792,0.6300
32805,0.4200
32816,0.4200
32826,0.2100
32836,0.0700
32846,0.2100
32856,-0.1400
32866,-0.1400
32875,0.0700
32885,0.2800
32898,0.2100
32908,0.2800
32922,-0.1400
32932,0.2100
32942,0.2100
32952,0.2100
32963,0.2800
32974,-0.0700
32985,0.4200
32997,0.4200
33009,-0.3500
33019,0.0700
33029,0.0700
33039,0.2800
33049,0.1400
33059,0.1400
33069,-0.1400
33080,0.0000
33091,-0.0700
33102,0.0000
33114,0.0000
33125,-0.3500
33139,-0.0700
33147,-0.0700
33157,0.4200
33167,0.0000
33177,-0.2100
33187,-0.2100
33197,0.1400
33209,0.5600
33219,0.9100
33233,1.0500
33243,1.4000
33253,1.4000
33264,1.8900
33278,2.3800
33288,4.4800
33298,6.2300
33312,6.7200
33324,7.2800
33335,7.5600
33348,7.3500
33358,8.4700
33366,8.4700
33376,8.1200
33386,6.7200
33396,6.7200
33405,5.7400
33414,4.9000
33422,4.2700
33433,4.2700
33443,3.7800
33454,4.0600
33464,4.7600
33474,5.7400
33484,5.7400
33495,6.7200
33505,6.9300
33517,9.8700
33528,9.5900
33540,10.4300
33553,13.0200
33563,13.0200
33574,15.7500
33584,16.1700
33594,15.4000
33604,13.4400
33614,13.4400
33624,11.9700
33634,10.7800
33642,10.2200
33652,10.2200
33664,8.4700
33674,6.1600
33689,3.9200
33699,1.4000
33712,0.6300
33723,-0.2800
33733,-0.1400
33743,-0.1400
33753,-0.2100
33763,-0.2100
33779,1.4000
33787,0.0700
33797,-0.8400
33807,-0.8400
33817,0.2800
33826,0.0700
33836,0.4200
33846,0.4200
33860,-0.0700
33872,-0.0700
33885,0.2800
33897,-0.0700
33907,0.0700
33916,-0.0700
33925,-0.2100
33935,-0.2100
33947,-0.7700
33957,-0.2800
33967,-0.4900
33976,-0.1400
33986,-0.1400
33996,-0.0700
34006,-0.2800
34016,-0.4200
34026,-0.4200
34036,-0.7700
34045,-0.4900
34055,-1.1900
34064,-1.1900
34075,-0.4200
34083,-0.0700
34093,0.0000
34108,0.1400
34118,-0.4200
34126,-0.4200
34139,-0.0700
34150,-0.4900
34160,-0.0700
34170,-0.9100
34180,-0.9100
34190,-0.4900
34201,-0.4900
34214,-0.6300
34224,0.1400
34235,-0.4200
34246,0.0700
34256,0.0700
34268,-0.3500
34278,-0.1400
34288,-0.2100
34297,-0.2100
34307,0.2100
34315,0.0000
34328,0.0700
34340,-0.4200
34364,0.1400
34375,0.1400
34385,0.2800
34397,0.3500
34409,0.2100
34420,0.0000
34434,0.2800
34445,0.0700
34456,0.0000
34467,-0.2800
34480,-0.2800
34492,0.2100
34502,0.2100
34515,0.1400
34525,0.2100
34538,0.2100
34550,0.1400
34561,-0.1400
34572,0.0000
34582,-0.2100
34592,-0.2100
34605,0.0700
34615,0.4900
34625,0.3500
34635,0.0700
34645,0.3500
34655,0.3500
34666,0.1400
34676,0.5600
34686,0.0700
34696,0.0700
34709,0.2100
34719,0.3500
34729,0.2100
34738,0.6300
34748,0.3500
34758,0.3500
34768,0.0000
34780,0.4900
34790,0.3500
34802,0.2100
34812,0.2100
34824,0.1400
34834,0.3500
34844,0.3500
34856,0.0700
34868,2.5200
34878,-0.7000
34889,-0.7000
34899,0.1400
34912,0.0700
34922,-0.2100
34936,0.0700
34947,0.1400
34959,0.1400
34969,-0.1400
34977,-0.1400
34989,-0.3500
34999,0.2100
35009,0.2800
35019,0.0700
35029,0.0700
35038,0.4200
35048,0.2800
35061,0.1400
35069,0.1400
35079,0.5600
35091,0.4200
35102,0.4200
35112,0.2100
35122,0.2800
35135,0.2800
35148,0.1400
35158,0.1400
35170,0.3500
35440,-0.3500
35452,-0.1400
35465,0.2100
35475,0.1400
35485,0.1400
35498,-0.4200
35509,-0.0700
35519,-0.0700
35528,0.0700
35538,-0.2800
35550,0.4200
35559,0.0700
35568,0.0700
35578,0.0000
35589,-0.1400
35599,-0.0700
35609,-0.0700
35622,0.1400
35632,0.0700
35643,-0.2800
35653,0.0700
35663,0.1400
35673,0.1400
35685,0.1400
35696,0.0700
35706,0.1400
35719,0.2800
35730,0.1400
35742,-0.1400
35754,0.2800
35767,0.0700
35778,0.0700
35788,0.0000
35800,0.0000
35810,0.1400
35822,0.1400
35832,-0.0700
35845,0.2100
35856,0.0700
35866,0.0700
35876,-0.2800
35890,-0.0700
35899,0.1400
35907,0.2100
35921,0.2800
35931,0.2800
35948,0.4200
35959,0.0700
35970,0.0700
35980,0.2100
35994,0.0000
36006,-0.1400
36018,0.0000
36029,0.1400
36040,0.2100
36055,0.3500
36066,0.0700
36080,0.0700
36090,0.2800
36102,-0.1400
36112,-0.1400
36122,-0.0700
36132,-0.1400
36142,0.4200
36154,-0.2100
36167,-0.2100
36178,-0.2100
36188,0.1400
36199,0.4200
36213,-0.0700
36223,0.0000
36234,0.2100
36244,0.1400
36254,0.1400
36265,0.0700
36275,-0.2100
36288,0.0000
36298,0.2800
36308,-0.0700
36318,-0.0700
36328,-0.0700
36338,-0.0700
36348,0.1400
36360,0.1400
36371,0.0700
36384,0.1400
36394,0.1400
36404,-0.4200
36413,0.1400
36421,0.1400
36433,0.0000
36441,0.0000
36457,0.2100
36467,0.2100
36477,0.0700
36490,0.0700
36500,0.2100
36512,0.2100
36522,-0.4200
36533,0.4200
36547,0.0000
36557,0.1400
36569,-0.0700
36579,0.0700
36591,-0.1400
36603,-0.1400
36613,-0.1400
36623,0.1400
36636,0.0000
36647,0.1400
36657,-0.1400
36673,0.0000
36681,0.1400
36692,0.1400
36705,0.2800
36718,0.7700
36729,1.6800
36742,1.3300
36754,1.1200
36767,1.1200
36777,1.2600
36785,1.4700
36797,1.4700
36809,1.5400
36819,1.5400
36833,2.1000
36844,2.5200
36855,2.3800
36864,2.2400
36875,-16.3100
36884,-16.3100
36895,-6.1600
36908,-0.2800
36918,-1.5400
36928,-1.8200
36938,-3.8500
36952,-10.0100
36962,-10.0100
36972,-10.2900
36982,-7.2100
36996,-3.7800
37007,-0.3500
37018,-0.1400
37028,0.4200
37041,0.2800
37049,0.2800
37062,0.3500
37073,0.0700
37083,0.2100
37096,0.4200
37106,0.0700
37115,0.0700
37125,0.2800
37136,0.2100
37148,0.0700
37159,0.0700
37171,0.1400
37183,-0.1400
37191,-0.1400
37199,0.2100
37209,0.1400
37219,0.1400
37231,-0.0700
37242,0.2800
37254,0.2800
37265,0.4900
37273,0.0700
37281,0.0700
37292,0.0700
37304,-0.0700
37315,0.3500
37327,0.1400
37341,0.0000
37352,0.2800
37366,0.2100
37376,0.2100
37389,-0.0700
37400,-0.0700
37410,0.0000
37420,0.0000
37430,0.2100
37440,0.2100
37450,0.2100
37460,0.3500
37470,0.2800
37480,0.0700
37491,0.0700
37503,-0.1400
37513,-0.2800
37523,0.1400
37533,0.1400
37543,0.2800
37554,0.2800
37564,0.2800
37577,-0.1400
37589,0.0000
37599,-0.2100
37609,0.1400
37620,0.1400
37630,0.2100
37642,-0.5600
37652,0.1400
37662,0.4900
37672,0.0000
37682,0.0000
37691,-0.1400
37699,-0.4200
37711,-0.4200
37723,0.0700
37733,0.3500
37742,0.2100
37754,0.2100
37764,0.0000
37774,0.0000
37789,0.0700
37797,0.0700
37808,-0.0700
37819,0.1400
37831,0.0700
37843,-0.2100
37856,0.0700
37869,-0.0700
37881,0.4200
37892,0.2100
37904,0.0700
37916,0.0700
37927,-0.1400
37939,0.2100
37950,0.1400
37960,0.0700
37971,-0.1400
37981,-0.1400
37993,-0.1400
38004,-0.2100
38015,0.2800
38025,0.2800
38038,0.0700
38049,0.1400
38059,0.0000
38069,0.0000
38079,0.0000
38089,0.0700
38101,0.2100
38109,0.2100
38120,0.1400
38134,0.2800
38147,0.2100
38157,-0.4900
38167,0.0000
38177,0.1400
38191,-0.0700
38202,-0.3500
38213,-0.1400
38223,-0.1400
38233,-0.2800
38245,0.4900
38254,0.5600
38264,0.5600
38274,1.1200
38284,0.9100
38294,0.4900
38305,1.1900
38315,1.1900
38327,1.3300
38337,1.1900
38348,0.7700
38358,0.8400
38371,0.7000
38382,0.7700
38392,0.7700
38400,0.2800
38410,0.1400
38420,-0.0700
38430,-0.0700
38440,0.0700
38450,0.1400
38461,0.2100
38473,0.2800
38482,0.2800
38492,0.7000
38500,0.9100
38510,0.4200
38520,0.4200
38530,0.8400
38540,0.8400
38552,1.8900
38563,1.1900
38573,1.1900
38585,0.0700
38596,-0.6300
38607,-0.4200
38617,0.8400
38629,0.9100
38641,1.4700
38652,1.5400
38663,1.5400
38673,1.4000
38686,2.3800
38696,2.7300
38709,2.6600
38720,2.5200
38730,2.0300
38744,1.1900
38754,0.7000
38765,0.7000
38778,-0.2800
38792,-0.9800
38803,-1.5400
38811,-2.5200
38823,-2.4500
38835,-2.5900
38847,-0.9800
38859,0.9800
38870,1.7500
38880,1.7500
38891,0.9100
38902,0.9100
38912,1.0500
38927,0.4900
38937,0.4900
38949,0.4900
38961,0.4900
38973,0.4900
38983,1.1200
38995,1.5400
39006,1.3300
39015,0.3500
39025,0.1400
39036,0.1400
39045,0.8400
39056,1.7500
39069,1.8900
39080,1.1900
39091,0.1400
39101,0.1400
39115,1.8200
39125,1.8200
39134,3.5000
39144,3.5000
39152,3.5000
39160,3.2200
39171,1.6100
39182,1.8900
39195,2.1700
39209,1.6100
39220,2.1000
39231,1.7500
39242,1.7500
39252,1.6100
39264,2.1000
39274,2.6600
39284,1.6800
39295,1.4700
39305,1.4700
39317,1.4000
39327,0.9800
39335,1.6100
39345,1.6100
39357,1.8900
39369,2.3800
39380,2.4500
39390,1.9600
39398,1.9600
39408,2.0300
39421,1.5400
39432,1.3300
39443,2.0300
39453,1.9600
39463,1.6100
39473,1.6100
39483,1.2600
39492,0.5600
39500,0.5600
39510,-0.2800
39520,1.2600
39530,2.3100
39541,2.5900
39554,1.8900
39564,1.8900
39576,1.6800
39586,0.9100
39597,0.0000
39610,0.8400
39621,1.0500
39631,1.3300
39642,1.3300
39653,0.9800
39665,0.3500
39675,0.2800
39685,0.0700
39695,-0.1400
39706,-0.1400
39714,0.0000
39725,-0.2800
39736,-0.0700
39745,-0.0700
39755,0.2100
39766,-0.7000
39778,-0.7700
39789,-0.9800
39801,-1.6100
39813,-0.9100
39823,-1.1900
39834,-1.1900
39844,-1.0500
39856,-0.4200
39866,0.3500
39881,-0.2800
39890,-1.6100
39902,-1.8200
39913,-1.8200
39924,-2.2400
39935,-2.2400
39947,-1.8900
39959,-1.6100
39970,-1.4700
39983,-1.6800
39997,-2.6600
40009,-0.3500
40024,0.9800
40036,-0.0700
40048,0.1400
40058,-0.0700
40068,-0.0700
40078,0.2100
40088,0.4900
40098,0.3500
40109,0.2800
40119,0.2100
40131,0.2100
40141,0.6300
40150,0.4900
40160,0.2800
40170,0.2800
40182,0.4200
40193,0.0700
40203,0.0700
40215,0.2800
40223,0.1400
40234,0.1400
40247,0.2100
40262,0.4900
40274,0.7000
40285,0.7000
40296,-0.0700
40306,0.2800
40318,-0.1400
40329,-0.0700
40341,0.1400
40351,0.1400
40361,0.3500
40370,0.7000
40380,0.4900
40388,0.4900
40398,0.2800
40407,0.4900
40420,0.2800
40432,0.7000
40444,0.1400
40454,0.1400
40466,0.4200
40476,0.2800
40488,0.0000
40498,0.2800
40508,0.1400
40518,0.1400
40530,0.0000
40542,0.5600
40552,0.1400
40560,0.4200
40570,0.4200
40580,0.2100
40590,-0.0700
40599,0.2100
40607,0.2100
40617,0.0000
40635,0.3500
40645,0.3500
40653,0.2800
40661,0.5600
40671,0.5600
40681,0.0700
40691,0.7000
40701,0.0000
40710,0.0000
40720,-0.0700
40731,0.4200
40740,0.4900
40750,0.4900
40764,0.3500
40774,0.3500
40782,0.4200
40792,0.2800
40804,0.0700
40818,0.4200
40832,0.0000
40842,-0.0700
40854,0.2800
40867,0.3500
40877,0.3500
40888,0.2800
40898,0.4200
40909,0.4200
40920,0.0700
40932,0.1400
40942,0.1400
40952,0.4200
40962,0.2800
40971,0.2100
40981,0.2100
40993,0.2800
41003,0.7000
41013,0.4200
41027,0.2800
41038,0.0700
41046,0.0700
41058,0.3500
41068,0.2100
41080,0.2100
41092,0.2100
41104,0.2800
41118,0.2100
41130,0.2800
41142,0.2800
41152,0.2100
41167,0.0700
41178,0.3500
41193,0.3500
41202,0.2800
41216,0.3500
41230,0.3500
41241,0.1400
41256,0.3500
41267,0.4900
41278,0.4900
41288,0.2800
41299,0.2800
41310,0.4900
41322,0.6300
41335,0.4200
41348,0.2800
41360,0.6300
41371,0.3500
41383,0.0700
41395,0.2800
41409,-0.0700
41419,-0.0700
41433,0.0000
41443,-0.0700
41456,0.2800
41467,0.1400
41478,0.1400
41488,0.2100
41500,0.3500
41512,0.2100
41522,0.2100
41535,-0.2800
41544,0.2800
41554,0.2100
41564,0.0700
41574,0.0700
41589,0.4200
41599,0.4200
41607,-0.2800
41617,0.5600
41629,0.4900
41640,0.5600
41652,0.2800
41663,0.2800
41678,0.4900
41688,0.7700
41698,0.2100
41708,0.0700
41718,-0.0700
41728,-0.0700
41738,0.0000
41750,0.3500
41758,-0.1400
41768,-0.1400
41778,0.2800
41788,0.0700
41798,-0.4900
41808,0.4900
41818,0.4900
41829,0.2100
41840,0.3500
41853,0.3500
41863,0.3500
41873,-0.0700
41883,-0.0700
41897,0.2800
41907,0.2800
41917,0.0700
41927,0.3500
41937,-0.1400
41947,-0.1400
41960,0.0700
41971,0.0700
41983,-0.0700
41994,0.0000
42004,0.3500
42016,0.0700
42028,0.1400
42040,0.4900
42053,0.4900
42065,0.2100
42075,0.2100
42086,0.1400
42096,0.1400
42104,0.3500
42114,0.3500
42125,0.3500
42143,-0.1400
42153,-0.1400
42162,0.1400
42173,0.1400
42183,0.3500
42195,0.3500
42206,0.4900
42216,-0.0700
42226,0.3500
42236,0.0700
42244,0.0700
42256,0.2800
42269,0.4200
42279,0.2100
42291,0.4900
42301,0.2100
42311,-0.0700
42322,-0.0700
42334,0.2800
42344,0.3500
42354,0.0700
42369,0.0700
42381,0.3500
42391,0.2100
42400,0.2800
42410,0.2800
42422,-0.2800
42432,0.0000
42440,0.1400
42450,0.1400
42462,-1.1200
42472,-3.0800
42484,-3.8500
42494,-3.9200
42505,-4.0600
42515,-2.9400
42524,-2.9400
42536,-1.1900
42546,-0.5600
42557,-2.3100
42568,-0.9100
42578,-0.9100
42590,-0.0700
42601,-0.0700
42612,0.2100
42622,-0.1400
42633,0.5600
42642,0.5600
42651,0.0700
42663,0.3500
42678,0.7000
42686,0.8400
42696,1.6800
42706,1.6800
42718,1.8200
42729,1.9600
42738,3.2200
42746,3.2200
42756,2.4500
42766,1.7500
42776,2.1700
42786,1.1200
42796,1.1200
42808,0.7000
42818,-0.0700
42830,-0.2800
42840,-0.2100
42854,-0.0700
42864,0.0000
42877,0.2100
42887,0.2100
42897,-0.2800
42905,-0.5600
42915,-0.6300
42925,-0.6300
42935,-0.7700
42945,-0.9800
42955,-0.4900
42969,-0.0700
42979,-0.0700
42989,0.3500
43000,0.4900
43010,0.8400
43020,0.4900
43033,0.9100
43045,1.6800
43058,2.7300
43069,2.7300
43082,2.1700
43098,1.8200
43107,1.8200
43121,1.8900
43131,0.9800
43142,1.6100
43152,2.7300
43162,2.8000
43172,2.8000
43184,2.6600
43194,2.1700
43204,1.7500
43214,0.8400
43224,-0.4200
43234,-0.4200
43245,-0.5600
43259,-1.1900
43270,-1.0500
43282,-1.2600
43292,-0.0700
43304,0.9800
43313,0.9800
43323,2.2400
43333,2.4500
43344,0.9800
43352,0.4900
43364,0.4900
43607,-0.8400
43617,-1.1200
43627,-0.2800
43635,-0.2800
43646,0.4900
43657,0.6300
43667,0.0700
43686,0.1400
43696,0.7000
43704,1.3300
43719,1.4000
43737,1.1900
43748,0.4200
43758,0.7000
43769,0.6300
43780,0.6300
43793,0.3500
43803,0.8400
43817,0.4900
43832,-0.8400
43842,-1.0500
43852,-1.0500
43861,-0.9100
43872,-0.7000
43883,-0.2800
43893,0.1400
43902,0.1400
43910,-0.5600
43920,-0.7700
43931,-0.7700
43943,-0.9800
43953,-1.1900
43966,-1.2600
43976,-1.2600
43986,-0.8400
43995,-0.8400
44005,-0.8400
44013,-0.9100
44023,-0.2800
44034,-0.2800
44045,0.4900
44055,0.3500
44066,-0.2100
44079,0.0700
44089,0.1400
44103,0.1400
44113,0.3500
44123,0.3500
44133,0.2100
44143,0.1400
44154,0.1400
44168,0.3500
44604,-0.0700
44614,0.4200
44628,-0.2100
44638,-0.2100
44648,0.4900
44659,0.1400
44669,0.4200
44682,0.4200
44692,0.0700
44704,0.0700
44717,0.3500
44725,0.0000
44735,0.2800
44745,0.1400
44755,0.1400
44765,0.3500
44777,0.4200
44787,-0.4200
44802,-0.2800
44812,-0.4900
44824,0.3500
44834,-0.3500
44842,-0.3500
44853,-0.6300
44864,-0.3500
44874,-1.0500
44889,-1.0500
44905,-1.6100
44919,-1.4700
44929,-0.9100
44939,-0.3500
44949,-0.3500
44960,0.0700
44971,-0.2800
44981,0.0000
44994,0.1400
45004,-0.0700
45024,-0.0700
45035,-0.0700
45043,0.0700
45056,-0.0700
45066,0.0700
45086,0.2100
45097,0.2100
45107,0.2100
45117,0.0700
45127,0.0700
45135,-0.0700
45145,0.3500
45155,0.0700
45170,0.0000
45181,0.0700
45191,0.0700
45200,0.2800
45208,0.0700
45218,0.0700
45228,0.0700
45239,0.0700
45250,-0.3500
45260,0.0000
45270,0.0000
45280,-0.0700
45290,-0.2100
45303,-0.1400
45314,-0.2100
45326,0.0700
45337,-0.1400
45348,-0.1400
45358,0.0700
45370,0.1400
45381,0.0000
45392,0.1400
45402,0.2800
45412,0.2800
45422,-0.2800
45431,0.0000
45439,-0.0700
45447,-0.0700
45459,0.0700
45469,-0.2100
45480,0.0700
45490,0.0700
45502,0.0000
45514,0.0700
45524,0.0000
45534,0.4200
45544,0.3500
45555,0.3500
45566,-0.3500
45578,0.0700
45588,-0.2100
45598,0.0000
45608,-0.0700
45621,0.2100
45631,0.2100
45641,0.0000
45656,0.7700
45664,-0.3500
45675,0.6300
45687,-0.6300
45699,-1.4700
45709,-1.4700
45721,-0.9800
45733,0.0700
45744,-0.2100
45755,-0.1400
45766,-0.4200
45777,-1.0500
45785,-1.0500
45796,-0.6300
45811,0.1400
45821,0.0000
45836,0.0700
45846,-0.0700
45856,0.0700
45865,-0.2100
45874,-0.2100
45886,0.0000
45894,-0.0700
45906,-0.6300
45916,-0.2100
45927,-0.2100
45939,0.0000
45954,-0.2100
45964,-0.2100
45975,-0.9800
45984,-0.8400
45995,-1.6100
46006,-1.6800
46019,-1.6800
46030,-1.3300
46040,-0.0700
46048,0.6300
46058,0.4200
46068,0.4200
46083,-0.2100
46092,-0.2100
46102,-0.3500
46111,-1.1200
46122,0.0700
46141,0.0700
46150,-0.1400
46161,-0.2100
46172,-0.2100
46183,-0.9800
46193,-2.1700
46203,-2.1700
46213,-0.2800
46225,-0.2100
46238,0.2100
46248,0.2100
46263,-0.0700
46272,0.0700
46282,0.1400
46296,-0.1400
46306,-0.0700
46326,-0.0700
46335,-0.2100
46345,0.2800
46355,0.0000
46392,-0.1400
46403,-0.1400
46413,-0.2100
46424,-0.0700
46435,0.0000
46446,0.0700
46460,-0.1400
46469,0.1400
46480,0.1400
46490,-0.1400
46499,-0.2100
46512,-0.2100
46523,-0.0700
46535,-0.0700
46545,-0.0700
46557,0.0000
46567,-0.2100
46576,-0.3500
46586,-1.2600
46596,-1.2600
46606,-0.7700
46616,-0.4900
46628,-0.6300
46638,-0.6300
46648,-0.4200
46657,-0.4200
46667,-0.0700
46679,-0.1400
46691,-0.3500
46699,-0.3500
46710,-0.1400
46721,-0.3500
46732,-0.5600
46743,-0.9100
46753,-0.8400
46763,-0.8400
46773,-1.3300
46787,-1.2600
46797,-0.8400
46807,-0.2800
46817,-0.6300
46827,-0.6300
46837,-1.4700
46848,-1.8200
46861,-2.0300
46871,-2.1700
46883,-1.1900
46893,-1.1900
46901,-0.6300
46911,-1.0500
46920,-0.5600
46931,-0.5600
46941,-1.2600
46950,-0.8400
46958,-0.5600
46969,-0.5600
46979,0.4900
46989,1.7500
46997,2.2400
47007,2.2400
47021,1.1200
47032,0.1400
47042,0.3500
47050,0.9100
47059,0.9100
47069,2.0300
47078,2.2400
47087,1.8200
47096,1.8200
47107,2.0300
47119,2.1000
47132,3.1500
47145,3.2900
47161,3.3600
47174,2.3100
47186,3.2200
47196,1.3300
47208,-0.4200
47218,-1.8200
47230,-1.8200
47242,-1.1200
47253,-1.1200
47265,-1.0500
47275,-0.5600
47285,-0.3500
47297,-0.9100
47307,-0.9100
47316,-0.9100
47327,-0.3500
47337,-0.2100
47348,0.2800
47359,2.0300
47370,1.8900
47385,0.9100
47396,0.9100
47406,0.9100
47416,0.0000
47426,-1.6800
47436,-2.0300
47445,-2.0300
47455,-2.5900
47465,-2.7300
47475,-2.8000
47485,-2.8000
47495,-1.4700
47505,-1.1900
47513,-0.9100
47523,-0.9100
47538,-2.4500
47549,-2.4500
47559,-3.0100
47570,-2.7300
47584,-2.6600
47594,-2.8000
47604,-3.2200
47614,-1.1200
47626,-1.1200
47637,0.9100
47651,2.3100
47661,1.7500
47671,0.2100
47682,0.2800
47695,0.6300
47705,0.6300
47716,0.9100
47727,2.2400
47739,3.0800
47749,3.0100
47761,2.3800
47771,2.1700
47784,2.1700
47794,2.1700
47804,2.7300
47815,1.3300
47825,1.2600
47835,1.1200
47845,1.1200
47855,1.8200
47869,2.7300
47880,2.9400
47892,3.2900
47902,2.7300
47913,1.5400
47923,1.5400
47937,0.8400
47947,0.8400
47957,1.2600
47970,2.3800
47982,2.5900
47992,2.3100
48002,2.1000
48012,2.1000
48022,1.8200
48035,1.9600
48046,1.8900
48056,1.2600
48069,1.9600
48088,1.4700
48099,1.4700
48109,1.6800
48121,1.9600
48133,1.5400
48141,1.5400
48153,1.5400
48164,1.6800
48175,2.7300
48185,3.0100
48195,3.7100
48208,3.5700
48218,3.5700
48228,3.2200
48243,1.6100
48254,-0.3500
48267,-1.5400
48277,-1.8200
48287,-1.3300
48308,-1.1900
48316,-2.1700
48327,-2.5900
48341,-2.1700
48351,-1.6100
48362,-2.0300
48371,-2.0300
48381,-1.6100
48389,-0.4900
48399,-0.4900
48410,0.7700
48421,1.4000
48434,1.4700
48445,1.4000
48455,1.2600
48468,1.2600
48479,1.6800
48489,1.6800
48501,2.2400
48512,3.4300
48523,3.9200
48534,3.4300
48549,4.1300
48562,4.6200
48573,4.0600
48585,3.5700
48595,2.8700
48607,2.3100
48617,2.3100
48632,1.5400
48642,1.5400
48652,2.2400
48667,2.1700
48678,1.6800
48688,0.5600
48699,-1.4000
48709,-1.4000
48718,0.3500
48729,0.2100
48739,0.1400
48749,0.2100
48763,0.5600
48773,0.5600
48781,0.4900
48793,0.7000
48803,0.7000
48813,0.4900
48826,0.7000
48837,0.7000
48847,0.5600
48857,0.5600
48870,0.4900
48880,0.0700
48890,0.3500
48899,0.3500
48910,0.2800
48921,0.2800
48931,0.4200
48942,0.2800
48952,0.2800
48965,0.3500
48976,0.6300
48987,0.2800
48997,0.4200
49011,0.0700
49019,0.2800
49030,0.2800
49040,0.2100
49052,0.2800
49063,0.2800
49078,0.1400
49089,0.4200
49101,0.4200
49111,0.4900
49121,0.4200
49133,0.4200
49143,0.4900
49153,0.4200
49168,0.5600
49179,0.4200
49190,0.5600
49200,-0.1400
49212,0.1400
49224,0.1400
49234,0.0700
49244,0.0000
49254,-0.0700
49265,-0.1400
49275,-0.1400
49288,0.0000
49298,-0.1400
49309,0.2800
49320,0.4200
49330,0.4200
49340,0.2800
49355,0.0700
49368,0.4200
49393,0.6300
49404,0.6300
49415,0.2100
49427,-0.0700
49439,0.5600
49449,0.4900
49460,0.6300
49470,0.3500
49482,0.4200
49491,0.4200
49503,0.0700
49513,0.2100
49524,0.2800
49536,0.4200
49546,0.4200
49556,0.3500
49567,0.2800
49579,0.2100
49587,0.4200
49597,0.4200
49608,0.2100
49619,0.2800
49629,0.0700
49641,0.3500
49649,0.2100
49661,0.2100
49671,0.2800
49681,0.0700
49691,0.0700
49705,0.2100
49715,0.0700
49726,0.0700
49738,0.2100
49749,0.0700
49759,0.3500
49771,0.2800
49779,0.1400
49789,0.1400
49799,0.2100
49811,0.5600
49822,0.3500
49835,0.8400
49845,1.8900
49855,2.3800
49865,2.3800
49873,2.0300
49883,1.4000
49895,0.9100
49904,0.9100
49915,0.7000
49925,0.8400
49937,1.8200
49945,1.8200
49953,1.9600
49965,2.4500
49977,2.5900
49988,2.5900
49999,2.9400
50012,2.5900
50021,2.5900
50032,2.2400
50042,1.8200
50055,1.5400
50065,2.9400
50075,3.9200
50084,3.9200
50094,4.6200
50104,4.0600
50115,2.3800
50128,0.8400
50138,0.8400
50148,-0.4900
50162,0.0700
50173,0.7000
50183,1.6800
50193,3.0800
50205,4.3400
50217,3.5000
50229,2.8700
50242,0.7700
50252,0.7700
50262,-1.1200
50272,-1.3300
50282,-0.8400
50292,-0.8400
50301,0.4200
50310,0.6300
50321,2.6600
50330,2.6600
50345,1.7500
50355,1.7500
50365,2.0300
50379,3.5700
50389,3.9200
50400,2.0300
50411,0.5600
50421,0.5600
50429,-0.3500
50441,-0.2100
50451,1.4700
50463,2.1700
50473,2.1700
50487,1.6800
50498,1.6800
50508,0.4900
50519,1.4000
50534,3.0800
50542,2.6600
50554,0.4900
50564,-1.4000
50586,-1.9600
50595,-1.4700
50612,0.2800
50623,0.8400
50633,0.9800
50643,0.9800
50654,2.6600
50663,2.6600
50673,4.4800
50683,3.9200
50693,1.8900
50701,1.8900
50742,1.5400
50752,2.3100
50763,3.6400
50775,2.9400
50790,0.1400
50802,-1.8200
50814,-1.8200
50825,2.1000
50836,4.6900
50849,5.1100
50861,4.4100
50873,1.3300
50883,1.3300
50895,-0.7000
50905,-1.5400
50915,0.3500
50927,4.0600
50940,5.8100
50951,5.6000
50964,3.0100
50974,3.0100
50984,1.1200
50996,1.6100
51007,2.1700
51018,2.8000
51028,2.0300
51039,2.0300
51052,0.8400
51064,-1.2600
51074,-0.4200
51085,2.1000
51097,2.5200
51107,2.8000
51120,1.4000
51132,-0.4200
51144,-1.4000
51154,-1.4000
51166,-1.1900
51176,-1.4700
51186,-0.7000
51197,0.3500
51212,0.6300
51222,1.7500
51231,1.7500
51241,2.1000
51253,1.4700
51264,0.9800
51274,-0.1400
51284,-0.1400
51295,-0.9800
51305,-0.4200
51315,0.6300
51325,1.5400
51335,1.5400
51347,2.2400
51357,1.4000
51369,-0.5600
51381,-0.9800
51393,-0.5600
51408,-0.2800
51419,0.2800
51431,1.6100
51441,2.0300
51450,2.0300
51460,1.8200
51469,1.4700
51477,1.4700
51485,1.2600
51495,0.8400
51504,0.9800
51514,0.9800
51525,0.6300
51535,0.3500
51547,0.2800
51557,-0.1400
51567,-0.1400
51579,-0.2100
51590,-0.2100
51600,-0.1400
51611,0.1400
51622,0.3500
51632,0.7700
51646,2.1000
51656,2.1000
51666,3.9900
51676,6.7900
51691,4.0600
51701,2.1700
51711,1.8200
51723,1.0500
51731,1.0500
51741,1.1900
51752,0.6300
51765,0.9800
51775,0.9800
51783,0.9800
51795,0.8400
51806,0.2800
51816,-0.4900
51830,0.4900
51840,-0.7700
51850,-0.7700
51865,-7.6300
51875,-7.6300
51885,-5.0400
51895,-2.6600
51907,-1.8200
51917,-1.2600
51929,0.5600
51944,0.0700
51956,0.0000
51967,0.0000
51977,0.2800
51988,-0.0700
51999,0.3500
52011,-0.2800
52021,-0.0700
52031,0.0000
52041,0.0000
52053,-0.1400
52063,-0.2800
52072,-0.0700
52080,-0.0700
52090,0.0700
52100,-0.1400
52110,0.0700
52122,0.0700
52135,-0.1400
52147,-0.2800
52157,-0.2800
52166,-0.2100
52181,-0.2100
52195,-0.4200
52207,-0.3500
52217,-0.1400
52229,-0.0700
52243,-0.2100
52251,-0.2800
52261,-0.2800
52273,0.0000
52285,-0.2100
52295,-0.8400
52309,-0.4200
52319,-0.0700
52329,0.0700
52341,-0.2100
52349,-0.2100
52359,-0.2800
52368,0.0000
52379,0.0000
52391,-0.3500
52401,-0.9100
52414,-2.1000
52424,-4.2000
52434,-2.9400
52443,-2.9400
52451,-2.8700
52461,-0.2100
52473,3.0800
52482,2.4500
52495,2.4500
52505,0.2800
52516,0.7000
52526,1.5400
52536,0.3500
52546,2.5200
52559,2.5200
52569,0.2100
52579,-1.7500
52592,-1.4000
52603,-0.9100
52613,-0.5600
52625,-0.5600
52633,-0.5600
52643,-0.6300
52653,-0.4900
52664,0.0000
52674,0.0000
52683,-0.5600
52692,-0.4200
52701,-0.4200
52713,-0.5600
52723,-0.9800
52733,-0.5600
52743,-0.3500
52753,-0.3500
52763,-0.6300
52773,-1.0500
52787,-0.8400
52799,-2.5900
52809,-1.3300
52818,-2.0300
52828,-2.0300
52841,-3.5700
52851,-2.3800
52861,-0.9100
52872,-0.4900
52882,-0.8400
52895,-0.3500
52904,-0.3500
52914,-0.9800
52929,-1.1200
52939,-1.1200
52949,-0.6300
52959,-0.7000
52969,-0.7000
52979,-0.3500
52991,-0.5600
53005,-0.6300
53018,-0.6300
53029,-0.3500
53039,-0.3500
53054,-0.5600
53066,-0.6300
53078,-0.5600
53088,-0.8400
53098,-0.8400
53108,-0.7700
53118,-1.0500
53127,-1.1900
53137,-1.1900
53150,-0.4900
53160,-1.0500
53170,-1.5400
53180,-2.3100
53193,-2.6600
53204,-2.6600
53214,-3.2900
53226,-4.9000
53235,-6.0200
53245,-7.7700
53255,-7.7700
53265,-9.5200
53277,-9.6600
53287,-9.1700
53296,-8.8200
53307,-8.8200
53320,-1.6800
53331,-1.6800
53372,-0.4900
53382,-0.4900
53392,-0.5600
53401,-0.2100
53412,-0.7700
53424,-0.9100
53435,-0.9100
53446,-0.7700
53456,-1.1900
53466,-2.1700
53474,-2.5900
53487,-2.5900
53496,-3.2200
53508,-2.8700
53518,-1.6100
53530,-0.5600
53542,-0.3500
53554,-0.3500
53564,-0.4200
53576,-0.4200
53589,-0.2100
53599,0.1400
53608,0.6300
53618,0.6300
53627,0.6300
53637,0.3500
53647,0.5600
53659,0.4900
53670,0.6300
53680,0.6300
53690,0.5600
53702,0.5600
53712,0.4900
53722,-0.0700
53732,0.2100
53747,0.2100
53758,0.0700
53769,0.0700
53777,0.1400
53785,0.2100
53795,0.2100
53805,0.0000
53815,0.2100
53830,0.3500
53838,-0.0700
53848,0.2100
53858,0.2100
53869,0.6300
53882,0.6300
53892,0.0700
53901,-0.0700
53911,-0.0700
53925,-0.0700
53945,-0.3500
53957,0.0700
53967,0.0700
53977,-0.0700
53988,-0.0700
53998,-0.0700
54009,0.0000
54018,-0.0700
54028,0.2800
54039,0.2800
54050,0.0700
54061,0.4200
54071,0.3500
54080,0.5600
54090,0.5600
54105,0.2100
54115,0.0000
54125,0.4900
54135,-0.2800
54145,0.4900
54155,0.4900
54165,-0.0700
54175,0.1400
54189,0.3500
54199,0.0700
54213,0.0700
54225,0.2800
54236,-0.0700
54246,-0.0700
54258,0.3500
54278,0.0700
54287,-0.2100
54298,-0.2100
54308,-0.2800
54318,0.0000
54328,-0.2100
54340,0.4200
54352,-0.0700
54362,-0.0700
54373,0.2100
54381,-0.0700
54391,-0.0700
54401,-0.0700
54413,0.0000
54423,-0.1400
54433,-0.1400
54442,0.0000
54452,0.0000
54462,0.2100
54471,0.0000
54484,0.2100
54494,0.3500
54508,0.2800
54520,0.0000
54570,0.1400
54579,0.1400
54589,-0.0700
54601,-0.1400
54613,-0.3500
54621,0.0000
54631,0.0000
54643,0.0700
54653,0.0000
54664,0.0000
54677,0.2100
54688,0.1400
54698,0.1400
54709,0.1400
54719,0.0700
54729,-0.1400
54739,0.3500
54754,0.4900
54762,0.2800
54772,0.2800
54784,0.3500
54794,-0.1400
54804,0.0000
54812,0.0000
54823,0.2100
54833,0.2800
54844,-0.0700
54855,0.3500
54865,0.3500
54875,-0.0700
54887,0.1400
54897,0.2100
54907,0.0700
54917,0.1400
54927,0.1400
54937,-0.0700
54947,-0.2100
54958,0.2800
54967,0.2800
54976,0.2800
54987,0.0000
55000,-0.1400
55012,0.0700
55022,-0.0700
55036,0.0700
55053,0.0700
55063,-0.0700
55073,0.4900
55083,0.4900
55093,0.2800
55101,-0.0700
55111,0.2100
55119,0.2100
55132,0.2100
55145,0.2100
55156,0.2100
55167,0.0700
55597,0.2800
55607,-0.0700
55617,0.3500
55632,0.0000
55642,0.2100
55651,0.4200
55661,0.4200
55669,-0.0700
55682,0.2100
55694,0.3500
55706,0.3500
55715,0.3500
55725,-0.0700
55736,0.0700
55750,0.0000
55760,0.0000
55768,-0.1400
55776,-0.1400
55788,-0.0700
55799,0.3500
55809,0.1400
55822,-0.0700
55832,0.1400
55842,0.1400
55855,-0.2800
55866,0.0700
55878,0.2800
55889,0.1400
55901,0.0700
55911,0.0700
55921,0.0700
55933,0.2100
55943,0.1400
55952,0.1400
55960,0.1400
55970,0.2100
55980,-0.0700
55992,0.0700
56002,0.0000
56012,0.0000
56023,0.0000
56033,0.0000
56043,0.2100
56053,-0.2100
56062,-0.2100
56074,0.0700
56087,0.0000
56100,-0.2800
56111,0.2800
56121,-0.1400
56133,0.2100
56143,0.2100
56153,0.2800
56163,0.2800
56174,-0.1400
56184,-0.0700
56194,0.2100
56205,0.0000
56218,0.1400
56229,0.1400
56241,0.1400
56251,0.1400
56261,0.2100
56269,-0.0700
56279,-0.0700
56291,0.0000
56304,0.2100
56315,-0.1400
56325,-0.2800
56336,-0.0700
56349,0.2800
56362,-0.1400
56372,-0.0700
56382,-0.0700
56396,0.4200
56408,-0.0700
56419,0.2100
56430,-0.0700
56440,-0.1400
56453,0.1400
56465,-0.2100
56475,-0.1400
56487,-0.1400
56499,0.0700
56528,-0.0700
56537,-0.0700
56546,0.2800
56554,0.2100
56566,0.2100
56578,0.0700
56588,0.0700
56598,0.2100
56612,-0.0700
56620,0.0700
56630,0.0700
56645,0.0000
56657,-0.0700
56667,-0.0700
56678,0.0700
56693,0.2800
56704,-0.1400
56716,0.1400
56728,0.3500
56738,0.3500
56748,0.0000
56756,0.0000
56766,0.1400
56776,0.0700
56787,0.2100
56799,0.0000
56809,0.0000
56819,0.3500
56831,-0.0700
56843,-0.3500
56854,0.1400
56864,0.1400
56877,-0.0700
56887,0.2100
56898,0.2100
56907,0.0700
56918,-0.0700
56928,-0.1400
56942,0.1400
56952,0.1400
56964,0.0700
56975,0.0700
56984,0.2100
56993,0.0000
57003,0.1400
57013,0.1400
57023,0.0700
57035,0.2800
57044,-0.1400
57053,-0.1400
57063,0.2100
57071,0.0700
57081,0.4200
57093,0.4200
57104,0.0000
57115,0.2100
57129,0.0700
57137,0.1400
57147,0.0700
57158,0.2100
57169,0.2100
57179,0.0000
57191,0.1400
57201,0.1400
57211,0.4900
57220,0.4900
57232,0.3500
57242,-0.0700
57257,0.1400
57269,0.4200
57314,-0.0700
57323,-0.0700
57332,-0.2100
57346,-0.1400
57356,0.0000
57366,0.0700
57376,0.0700
57386,0.0700
57396,0.0000
57409,-0.2800
57419,0.1400
57432,0.1400
57442,-0.2100
57451,-0.2100
57461,0.1400
57472,0.0700
57483,-0.0700
57494,0.0700
57506,0.1400
57517,0.1400
57527,-0.1400
57537,0.0000
57550,-0.1400
57560,0.1400
57570,0.0700
57580,0.0700
57593,0.0700
57601,-0.2100
57611,0.0700
57621,-0.0700
57639,0.0700
57654,0.3500
57665,0.0700
57675,0.1400
57685,0.0700
57694,0.0700
57705,0.0000
57717,0.1400
57727,-0.2100
57740,0.0700
57752,0.2100
57765,0.2100
57778,0.1400
57788,0.1400
57802,-0.1400
57815,0.0000
57855,0.0000
57864,0.0000
57874,0.0700
57884,0.0700
57896,-0.2800
57907,0.0700
57918,-0.0700
57931,0.2100
57991,-0.2100
58001,0.0000
58011,0.2800
58021,0.0000
58030,0.0000
58040,0.1400
58052,0.2100
58063,0.0700
58073,-0.3500
58085,-0.0700
58099,-0.2100
58108,-0.2100
58117,0.0700
58126,0.0000
58134,0.0000
58145,0.0700
58156,0.2800
58204,0.3500
58216,-0.1400
58226,-0.1400
58236,0.0700
58251,-0.0700
58262,0.2800
58272,0.3500
58284,-0.0700
58296,0.1400
58309,0.0700
58320,-0.0700
58333,0.1400
58343,0.2100
58352,0.2100
58369,-0.0700
58380,-0.0700
58391,0.1400
58402,-0.2100
58416,0.2800
58428,0.0700
58439,-0.0700
58449,0.0700
58459,0.1400
58474,0.3500
58488,-0.1400
58497,0.1400
58507,0.1400
58519,-0.1400
58528,0.0700
58536,0.0000
58546,0.0000
58559,-0.2800
58571,0.2100
58584,-0.0700
58595,-0.1400
58604,0.0700
58613,-0.0700
58623,-0.0700
58634,0.4900
58644,-0.0700
58654,-0.0700
58666,-0.1400
58676,-0.1400
58685,-0.0700
58695,0.0000
58707,0.3500
58718,0.0700
58728,0.0700
58740,0.0000
58752,0.0000
58760,0.2800
58774,0.1400
58784,0.4900
58795,0.0000
58806,-0.0700
58816,-0.0700
58828,0.2100
58838,-0.0700
58850,0.2800
58860,0.0700
58869,0.0700
58879,0.1400
58888,-0.2800
58901,-0.0700
58960,0.1400
58973,0.2100
58985,0.2100
58995,0.3500
59005,0.1400
59016,0.2800
59026,0.2100
59034,0.2100
59045,0.2100
59058,0.2800
59068,0.2800
59080,0.1400
59091,0.0000
59099,0.0000
59110,0.0700
59122,0.0700
59132,0.0700
59141,0.2100
59149,0.2100
59160,0.3500
59170,0.0700
59184,0.2100
59195,0.1400
59208,0.2100
59220,0.0700
59231,0.0700
59243,0.0000
59253,0.4900
59266,0.1400
59276,0.1400
59286,0.2800
59298,0.0700
59308,-0.1400
59321,0.5600
59331,0.5600
59341,0.0700
59351,0.3500
59361,-0.1400
59373,0.3500
59382,0.3500
59393,0.2100
59403,0.2800
59413,-0.2100
59425,0.0700
59436,0.0700
59445,0.0000
59454,0.0000
59465,0.1400
59476,0.0700
59486,0.0700
59498,0.0700
59513,0.2800
59528,0.0000
59540,0.0000
59551,0.3500
59561,0.3500
59572,0.2800
59581,0.0700
59594,0.0700
59602,0.0700
59613,0.0700
59624,0.2800
59634,0.2100
59645,0.2100
59655,0.2100
59665,-0.2100
59678,0.0000
59686,0.2100
59696,0.0700
59704,0.0700
59714,-0.0700
59723,0.1400
59735,-0.2800
59747,-0.2100
59757,-0.2100
59767,0.0000
59777,-0.0700
59787,-0.0700
59798,-0.2800
59808,-0.2800
59818,0.0700
59830,0.2100
59840,-0.1400
59850,-0.0700
59863,0.2800
59872,0.2800
59883,0.2100
59895,0.4200
59904,0.3500
59914,0.1400
59925,0.1400
59936,0.0000
59950,0.0700
59962,0.0000
59972,0.3500
59982,0.2100
59993,0.0700
60003,0.0700
60013,0.2100
60022,0.0700
60030,0.4200
60040,0.4200
60051,0.0700
60062,0.0000
60076,0.0000
60086,0.1400
60096,0.2100
60110,0.0700
60120,0.0000
60130,0.0000
60143,0.1400
60164,0.2800
60178,0.3500
60204,0.0700
60212,0.0000
60222,0.2800
60232,0.2800
60243,0.0000
60256,-0.0700
60266,0.2100
60275,0.0700
60285,0.0700
60297,0.0000
60308,0.2800
60319,0.1400
60331,0.2100
60341,0.0700
60353,-0.1400
60364,-0.0700
60374,-0.0700
60389,0.2800
60397,0.0700
60409,0.1400
60421,-0.0700
60433,-0.2100
60446,0.3500
60457,0.0700
60469,0.1400
60479,0.1400
60488,0.1400
60500,-0.1400
60510,0.0000
60520,0.2800
60533,0.2100
60544,0.2100
60554,0.1400
60568,-0.2100
60578,0.0000
60590,0.0000
60600,0.0700
60610,0.0000
60620,0.0000
60630,0.1400
60639,0.2800
60649,0.2800
60662,-0.0700
60674,-0.0700
60685,0.2800
60697,0.2800
60707,0.0700
60717,0.0700
60727,0.0700
60736,0.0700
60744,0.2800
60756,0.0000
60775,-0.1400
60785,0.0700
60797,0.0000
60807,-0.2100
60819,0.0000
60829,0.1400
60839,0.1400
60851,0.2800
60859,0.1400
60869,0.0000
60880,0.2800
60891,0.2800
60901,0.2100
60914,0.2800
60924,-0.1400
60936,0.0700
60948,0.2100
60960,-0.1400
60971,-0.3500
60981,-0.3500
60991,0.0000
61001,0.2800
61010,0.0000
61020,0.0000
61030,-0.0700
61040,0.2800
61052,0.2800
61064,0.2800
61076,-0.3500
61130,-0.2100
61141,0.0000
61151,0.1400
61165,0.1400
61175,0.1400
61184,0.1400
61194,0.2100
61202,0.1400
61212,0.1400
61222,0.2800
61236,0.5600
61246,0.1400
61258,0.0700
61271,0.0000
61281,0.2800
61291,0.2800
61304,-0.1400
61314,0.0700
61326,0.4200
61336,0.0700
61347,-0.0700
61360,-0.0700
61369,0.3500
61380,0.3500
61393,0.3500
61404,0.0700
61414,0.4200
61424,-0.0700
61435,-0.0700
61446,-0.0700
61457,-0.1400
61467,0.1400
61479,0.4200
61488,0.2100
61500,0.1400
61510,0.1400
61524,0.1400
61537,0.2800
61551,0.2100
61561,0.2100
61572,0.0000
61594,0.2100
61602,0.3500
61615,0.1400
61626,0.1400
61636,0.2800
61649,-0.0700
61689,-0.0700
61697,0.2100
61707,0.0700
61717,0.3500
61728,0.3500
61740,-0.1400
61750,-0.0700
61767,0.2100
61777,0.2100
61791,0.2800
61801,0.0000
61814,0.5600
61826,0.5600
61837,-0.2100
61849,0.0700
61863,0.2800
61875,0.1400
61885,-0.2100
61898,0.1400
61909,0.1400
61921,0.1400
61933,0.1400
61946,0.3500
61958,0.3500
61971,0.0700
61980,-0.2100
61991,0.2100
62001,0.2800
62013,0.2100
62021,0.2100
62032,0.4900
62042,0.0700
62052,0.3500
62062,0.3500
62073,0.0000
62086,0.2800
62098,0.2100
62110,0.1400
62124,0.2800
62135,0.1400
62145,0.0700
62157,-0.2800
62169,0.1400
62179,0.1400
62194,0.1400
62204,0.1400
62214,0.2100
62222,0.2100
62232,0.4200
62246,0.1400
62256,0.1400
62265,-0.2100
62275,-0.1400
62284,0.0700
62294,0.0700
62305,-0.1400
62315,0.2800
62324,-0.2100
62333,-0.2100
62346,0.1400
62359,0.2800
62374,0.2100
62392,-0.0700
62404,-0.0700
62419,0.1400
62431,0.2800
62441,0.1400
62454,0.2100
62466,0.2100
62477,0.0000
62488,0.0000
62499,0.0700
62510,0.4900
62520,0.0700
62530,0.0000
62540,0.0000
62549,0.1400
62558,0.3500
62569,0.0700
62580,0.3500
62597,-0.0700
62608,0.0700
62618,0.0700
62629,-0.2800
62639,0.0000
62649,-0.0700
62657,-0.1400
62669,-0.1400
62679,0.2100
62689,0.4200
62699,0.3500
62709,-0.2100
62718,-0.2100
62728,0.0700
62741,-0.0700
62751,0.4900
62765,0.4200
62774,0.2800
62786,-0.1400
62798,-0.1400
62810,0.2800
62822,0.4200
62832,0.3500
62842,0.1400
62855,0.2800
62865,-0.0700
62878,0.0700
62888,0.0700
62898,0.0000
62910,0.2100
62920,0.3500
62930,0.3500
62944,0.2800
62954,0.4200
62966,0.4200
62978,0.1400
62987,0.0000
63010,0.0700
63021,0.2100
63032,-0.0700
63042,-0.0700
63052,0.2100
63065,0.1400
63075,0.4900
63085,0.3500
63095,0.2100
63108,0.1400
63120,0.1400
63130,0.2100
63140,0.0000
63153,-0.0700
63161,0.2800
63171,0.2800
63184,0.7700
63194,0.4900
63205,0.2100
63217,0.2800
63228,0.1400
63239,0.0700
63250,0.1400
63263,0.2100
63273,0.2100
63287,0.0700
63297,-0.2800
63307,-0.1400
63317,0.2100
63327,0.4900
63339,0.4900
63349,0.2800
63360,0.0700
63373,-0.2100
63383,0.2100
63395,0.0000
63406,0.0700
63419,0.2800
63429,0.2800
63439,0.3500
63453,-0.0700
63467,0.0000
63478,0.4200
63491,0.2800
63501,0.0000
63510,-0.0700
63522,0.0700
63530,0.0700
63540,0.2800
63585,0.2800
63597,0.2800
63607,0.2800
63618,0.2800
63665,0.2800
63677,0.2800
