13184,0.0000
13196,0.0120
13212,-0.0263
13221,0.0096
13229,0.0096
13239,-0.0072
13248,-0.0120
13258,-0.0215
13269,-0.0215
13279,0.0120
13293,0.0072
13303,-0.0167
13313,-0.0048
13324,-0.0120
13335,-0.0120
13345,-0.0215
13355,0.0144
13366,0.0096
13376,0.0000
13386,0.0000
13397,0.0239
13407,-0.0335
13418,0.0000
13430,0.0096
13443,0.0072
13453,-0.0120
13463,-0.0120
13473,-0.0239
13483,-0.0072
13494,-0.0120
13504,-0.0048
13514,-0.0048
13524,-0.0311
13536,-0.0383
13546,-0.0048
13556,0.0191
13568,0.0359
13578,0.0359
13588,0.0144
13601,-0.0024
13612,0.0335
13622,-0.0024
13631,-0.0024
13641,-0.0096
13651,0.0000
13661,0.0191
13671,0.0263
13684,0.0263
13695,-0.0144
13707,0.0431
13718,0.0287
13735,0.0120
13746,0.0120
13756,-0.0072
13766,-0.0096
13777,0.0215
13786,0.0215
13797,0.0239
13809,0.0311
13821,-0.0072
13831,0.0191
13841,0.0383
13851,-0.0096
13860,-0.0096
13870,-0.0072
13880,0.0144
13890,0.0000
13903,-0.0048
13914,-0.0048
13925,0.0335
13935,0.0311
13946,0.0048
13955,0.0120
13968,0.0000
13979,0.0000
13992,-0.0239
14002,-0.0096
14012,0.0096
14023,0.0000
14035,0.0287
14045,0.0431
14055,0.0431
14064,-0.0024
14073,-0.0024
14085,0.0120
14095,0.0120
14104,0.0120
14114,0.0167
14124,-0.0191
14134,0.0024
14145,0.0024
14155,0.0096
14168,0.0215
14178,-0.0215
14189,0.0024
14203,0.0239
14214,0.0287
14224,0.0287
14234,-0.0096
14244,-0.0096
14254,0.0167
14264,-0.0263
14278,-0.0072
14295,0.0144
14312,0.0072
14325,0.0144
14335,-0.0096
14345,0.0000
14354,0.0120
14364,0.0120
14374,-0.0048
14385,-0.0215
14397,-0.0191
14407,-0.0120
14417,-0.0120
14427,-0.0263
14437,-0.0191
14448,-0.0048
14457,0.0215
14467,0.0215
14479,0.0120
14489,0.0311
14500,0.0096
14511,0.0048
14521,0.0120
14531,0.0120
14545,-0.0215
14557,0.0311
14567,-0.0239
14577,0.0311
14589,0.0144
14599,-0.0024
14610,-0.0024
14621,-0.0024
14631,-0.0120
14643,0.0096
14656,-0.0096
14667,0.0024
14678,0.0096
14688,0.0096
14699,-0.0096
14709,-0.0167
14719,-0.0048
14729,0.0120
14739,0.0120
14752,0.0144
14762,-0.0096
14772,-0.0191
14783,0.0000
14796,-0.0263
14807,-0.0072
14817,-0.0048
14826,-0.0048
14836,0.0000
14845,-0.0215
14854,-0.0215
14865,-0.0215
14878,-0.0144
14887,-0.0287
14897,-0.0287
14906,-0.0287
14917,-0.0215
14927,0.0144
14938,-0.0048
14948,-0.0287
14957,-0.0287
14967,0.0096
14977,0.0431
14992,-0.0144
15002,-0.0311
15013,-0.0096
15034,-0.0096
15044,-0.0215
15054,-0.0191
15063,-0.0239
15073,-0.0239
15084,0.0191
15094,0.0048
15103,0.0215
15113,0.0024
15124,0.0024
15136,-0.0144
15145,0.0215
15155,0.0359
15165,0.0120
15173,0.0120
15182,0.0024
15192,0.0048
15206,-0.0024
15217,0.0024
15230,0.0000
15240,0.0000
15250,-0.0072
15259,-0.0024
15268,0.0024
15278,0.0024
15293,0.0048
15306,-0.0383
15318,-0.0072
15328,-0.0144
15339,0.0239
15350,0.0000
15361,0.0215
15370,0.0215
15383,-0.0239
15394,0.0144
15406,-0.0215
15417,0.0287
15427,-0.0167
15440,-0.0311
15449,0.0072
15461,0.0215
15471,0.0215
15481,0.0120
15491,-0.0048
15501,-0.0024
15513,-0.0072
15523,-0.0072
15533,-0.0287
15543,0.0120
15553,0.0024
15562,0.0024
15572,0.0072
15582,0.0120
15594,0.0024
15604,-0.0048
15615,-0.0048
15624,0.0120
15639,0.0000
15649,0.0311
15658,-0.0239
15667,-0.0239
15677,-0.0048
15686,0.0167
15694,0.0048
15704,0.0048
15712,-0.0048
15721,-0.0215
15731,-0.0215
15741,-0.0072
15749,0.0239
15758,0.0072
15767,0.0072
15775,0.0048
15783,0.0000
15792,0.0000
15802,0.0144
15813,-0.0215
15821,-0.0215
15830,0.0120
15839,0.0502
15848,0.0096
15861,0.0048
15870,0.0048
15878,0.0000
15888,-0.0048
15896,-0.0048
15905,-0.0120
15914,-0.0239
15922,-0.0239
15932,0.0144
15941,0.0383
15951,0.0383
15961,-0.0048
15969,0.0335
15977,0.0048
15985,0.0048
15995,0.0120
16007,0.0144
16016,0.0120
16026,0.0120
16037,0.0215
16046,0.0287
16055,0.0096
16067,-0.0263
16077,-0.0263
16087,0.0263
16097,-0.0120
16107,0.0167
16117,0.0167
16129,-0.0144
16139,0.0072
16151,0.0167
16161,0.0024
16171,0.0144
16182,0.0144
16193,-0.0144
16203,-0.0263
16214,0.0287
16226,-0.0407
16235,-0.0072
16247,-0.0120
16257,-0.0120
16268,0.0335
16278,0.0120
16288,0.0263
16299,-0.0359
16309,-0.0359
16319,-0.0048
16329,-0.0335
16342,-0.0096
16352,0.0167
16362,0.0167
16372,0.0120
16382,-0.0120
16391,0.0215
16401,-0.0120
16413,-0.0120
16428,0.0239
16439,0.0239
16449,0.0000
16460,0.0048
16469,0.0191
16479,-0.0311
16489,-0.0311
16499,-0.0024
16509,-0.0191
16518,0.0048
16528,0.0048
16540,-0.0024
16551,-0.0215
16561,-0.0024
16571,-0.0191
16581,-0.0191
16591,-0.0144
16606,-0.0120
16616,-0.0191
16627,-0.0120
16640,-0.0191
16649,-0.0335
16657,-0.0335
16666,0.0048
16676,-0.0048
16687,-0.0167
16698,0.0072
16708,0.0072
16718,0.0311
16728,-0.0646
16739,0.0000
16749,0.0000
16758,-0.0072
16767,0.0215
16779,0.0144
16789,-0.0550
16799,-0.0550
16809,-0.0215
16821,0.0239
16841,-0.0167
16851,-0.0167
16861,0.0096
16871,0.0048
16881,0.0096
16890,0.0096
16902,0.0096
16912,0.0024
16925,0.0120
16934,-0.0239
16944,0.0024
16953,0.0024
16962,0.0072
16971,-0.0048
16981,-0.0048
16992,-0.0120
17000,-0.0024
17011,-0.0191
17022,0.0024
17033,0.0048
17042,0.0048
17051,0.0144
17062,0.0144
17071,0.0048
17081,0.0048
17090,0.0191
17100,0.0598
17113,0.0048
17123,-0.0144
17133,-0.0144
17143,0.0000
17152,-0.0048
17162,0.0096
17172,0.0096
17181,0.0263
17191,0.0048
17210,-0.0167
17220,0.0215
17231,0.0287
17241,0.0239
17252,0.0048
17263,0.0048
17276,0.0215
17286,0.0311
17296,0.0574
17305,0.0048
17315,-0.0048
17325,-0.0048
17335,0.0096
17350,0.0407
17360,0.0024
17371,0.0263
17380,-0.0048
17391,-0.0048
17404,0.0000
17417,0.0120
17430,-0.0167
17440,0.0024
17450,-0.0072
17461,0.0215
17471,0.0000
17480,0.0000
17489,0.0215
17499,0.0024
17509,-0.0263
17519,-0.0263
17529,0.0287
17540,0.0144
17551,0.0096
17561,-0.0191
17571,-0.0191
17582,0.0048
17592,0.0072
17602,-0.0048
17612,0.0120
17622,0.0120
17632,0.0120
17644,0.0502
17654,0.0144
17663,0.0144
17672,0.0096
17681,-0.0144
17690,0.0287
17698,0.0287
17708,-0.0383
17716,-0.0024
17724,-0.0024
17733,-0.0239
17743,0.0215
17753,0.0215
17762,0.0048
17770,0.0000
17784,-0.0215
17793,0.0167
17802,0.0167
17811,-0.0096
17820,0.0335
17832,-0.0096
17844,-0.0120
17854,-0.0120
17863,0.0072
17873,0.0096
17881,0.0096
17890,0.0359
17899,0.0215
17907,0.0215
17915,-0.0072
17929,0.0000
17938,0.0167
17948,-0.0072
17956,-0.0072
17965,0.0024
17975,0.0191
17984,0.0191
17992,-0.0048
18003,0.0215
18012,0.0000
18020,0.0000
18028,-0.0191
18039,0.0120
18049,0.0120
18059,-0.0191
18070,-0.0120
18080,-0.0144
18090,-0.0120
18100,-0.0120
18110,-0.0096
18120,0.0144
18132,-0.0072
18144,-0.0287
18154,-0.0048
18165,-0.0048
18174,-0.0096
18185,0.0048
18195,-0.0144
18205,-0.0335
18218,-0.0072
18228,-0.0072
18238,-0.0335
18250,-0.0144
18260,-0.0048
18275,-0.0239
18285,-0.0120
18296,-0.0311
18306,-0.0311
18316,-0.0144
18327,0.0000
18337,-0.0048
18347,0.0407
18357,0.0407
18369,0.0239
18379,0.0120
18388,0.0167
18398,0.0287
18413,0.0048
18423,0.0048
18434,-0.0263
18445,0.0191
18463,0.0191
18473,0.0191
18483,-0.0167
18493,-0.0048
18502,0.0000
18512,0.0000
18522,0.0120
18532,0.0096
18542,0.0144
18551,0.0144
18561,-0.0263
18571,-0.0144
18581,-0.0024
18591,0.0191
18601,0.0191
18611,-0.0215
18620,-0.0120
18633,0.0120
18672,0.0072
18685,-0.0191
18695,0.0144
18707,0.0191
18717,0.0191
18727,0.0000
18736,0.0167
18748,0.0096
18758,0.0024
18768,0.0024
18778,0.0191
18789,-0.0335
18800,0.0167
18810,0.0048
18820,0.0048
18830,0.0167
18840,0.0000
18855,0.0239
18865,0.0167
18875,0.0167
18885,0.0167
18897,-0.0024
18910,0.0000
18920,0.0000
18930,0.0144
18940,-0.0024
18950,-0.0024
18960,0.0000
18970,0.0215
18981,0.0096
18992,-0.0263
19002,-0.0263
19013,0.0407
19025,-0.0072
19035,0.0000
19048,-0.0048
19060,0.0263
19078,0.0096
19088,0.0048
19103,-0.0144
19113,0.0431
19123,0.0120
19133,-0.0096
19143,-0.0096
19153,0.0120
19163,0.0144
19175,-0.0072
19187,0.0144
19197,0.0407
19207,0.0407
19218,0.0120
19231,0.0287
19243,0.0144
19252,-0.0167
19273,-0.0407
19282,0.0359
19295,0.0096
19305,-0.0167
19315,-0.0215
19325,-0.0215
19336,-0.0311
19346,-0.0120
19355,0.0694
19364,0.0120
19374,0.0120
19387,-0.0167
19397,-0.0144
19408,-0.0048
19418,0.0167
19429,0.0000
19442,0.0000
19461,0.0311
19472,0.0144
19482,0.0000
19492,0.0120
19504,0.0120
19516,0.0072
19526,-0.0024
19535,0.0167
19545,0.0263
19555,0.0263
19569,-0.0239
19579,-0.0024
19589,0.0383
19599,0.0191
19610,0.0144
19620,0.0144
19630,0.0024
19641,0.0048
19651,0.0024
19660,0.0048
19669,0.0048
19682,-0.0120
19691,0.0024
19700,-0.0072
19709,-0.0072
19718,0.0000
19727,-0.0096
19736,-0.0096
19744,-0.0024
19752,-0.0096
19763,-0.0096
19773,-0.0120
19782,-0.0096
19791,0.0000
19800,0.0000
19809,-0.0335
19817,-0.0072
19826,-0.0072
19835,0.0024
19846,-0.0096
19855,-0.0144
19864,-0.0144
19873,-0.0335
19883,-0.0167
19892,-0.0048
19901,-0.0048
19910,-0.0120
19918,-0.0191
19926,-0.0191
19934,-0.0311
19944,-0.0191
19954,-0.0191
19965,-0.0239
19973,-0.0096
19982,-0.0048
19991,-0.0048
19999,0.0024
20008,0.0024
20017,0.0024
20025,-0.0144
20034,-0.0215
20046,-0.0311
20057,-0.0311
20067,0.0024
20079,-0.0048
20090,0.0215
20102,0.0096
20113,-0.0072
20123,-0.0287
20133,-0.0287
20143,-0.0120
20153,0.0072
20164,0.0144
20175,0.0144
20185,0.0000
20195,-0.0167
20209,-0.0096
20220,0.0215
20230,0.0144
20242,0.0263
20252,-0.0048
20263,-0.0048
20285,-0.0144
20296,-0.0072
20307,-0.0048
20319,0.0215
20329,0.0024
20339,0.0024
20354,-0.0048
20364,-0.0239
20375,-0.0167
20386,0.0144
20396,0.0024
20408,0.0167
20418,0.0167
20430,-0.0383
20440,-0.0048
20450,-0.0263
20460,0.0120
20470,0.0120
20480,0.0215
20491,-0.0191
20502,0.0096
20512,-0.0048
20523,0.0120
20534,0.0120
20543,-0.0144
20553,0.0335
20563,0.0167
20573,0.0167
20583,-0.0048
20624,0.0096
20634,0.0096
20644,0.0239
20658,-0.0024
20668,0.0048
20680,-0.0239
20692,0.0024
20744,0.0120
20754,0.0120
20764,0.0120
20778,0.0215
20788,-0.0215
20798,-0.0120
20808,-0.0024
20821,0.0144
20831,0.0144
20842,0.0000
20852,-0.0191
20862,0.0359
20872,0.0263
20886,0.0072
20896,-0.0191
20906,-0.0191
20916,0.0167
20926,-0.0048
20935,-0.0072
20945,-0.0072
20955,0.0120
20965,0.0335
20975,-0.0167
20986,-0.0072
20996,-0.0072
21007,0.0167
21016,-0.0287
21027,-0.0239
21038,0.0072
21050,0.0144
21061,0.0144
21072,0.0167
21085,-0.0191
21097,-0.0191
21108,0.0359
21118,0.0239
21128,0.0000
21138,0.0000
21149,0.0120
21162,0.0191
21171,0.0215
21181,0.0239
21191,0.0239
21201,-0.0239
21211,0.0000
21223,0.0144
21233,-0.0024
21244,-0.0024
21255,-0.0072
21267,-0.0048
21277,-0.0191
21286,-0.0024
21299,0.0144
21311,-0.0215
21322,0.0000
21332,0.0000
21343,-0.0072
21353,-0.0287
21367,-0.0215
21377,0.0000
21392,-0.0072
21402,0.0144
21413,0.0191
21426,-0.0311
21437,-0.0215
21447,-0.0215
21461,-0.0120
21472,0.0263
21482,-0.0479
21495,0.0096
21507,0.0287
21517,-0.0263
21528,0.0215
21540,-0.0144
21550,-0.0144
21560,-0.0239
21570,0.0239
21580,-0.0215
21592,0.0048
21602,0.0048
21612,-0.0048
21624,0.0144
21634,0.0096
21644,-0.0072
21652,-0.0072
21660,-0.0526
21672,-0.0144
21682,0.0191
21691,0.0191
21704,0.0072
21713,-0.0096
21722,-0.0072
21731,-0.0072
21739,0.0120
21749,-0.0287
21757,-0.0287
21765,-0.0335
21775,-0.0120
21783,-0.0120
21792,-0.0072
21802,0.0072
21811,0.0024
21820,0.0024
21830,0.0072
21845,0.0120
21854,-0.0144
21866,-0.0120
21875,-0.0096
21887,-0.0072
21899,-0.0072
21909,-0.0120
21918,0.0120
21927,-0.0167
21937,-0.0167
21946,0.0048
21956,0.0215
21964,-0.0455
21973,-0.0455
21982,-0.0167
21992,-0.0191
22001,-0.0191
22011,0.0048
22019,-0.0263
22030,-0.0167
22039,-0.0167
22048,-0.0048
22060,0.0311
22070,0.0024
22079,0.0024
22089,-0.0167
22099,0.0167
22109,0.0263
22122,0.0215
22133,-0.0167
22143,-0.0167
22153,0.0000
22164,-0.0024
22174,-0.0311
22184,-0.0072
22194,-0.0072
22203,0.0048
22213,-0.0191
22225,-0.0120
22238,-0.0383
22252,0.0048
22266,0.0263
22276,0.0215
22288,0.0000
22298,0.0000
22310,-0.0024
22322,0.0120
22331,0.0359
22341,0.0167
22351,0.0144
22363,0.0144
22373,-0.0120
22384,0.0120
22394,0.0263
22405,0.0287
22416,-0.0024
22425,-0.0024
22435,0.0072
22445,0.0215
22461,-0.0024
22471,0.0215
22481,-0.0096
22492,-0.0096
22502,-0.0431
22516,0.0167
22528,0.0191
22540,0.0120
22550,0.0096
22560,0.0335
22570,-0.0120
22580,-0.0120
22590,-0.0072
22602,0.0335
22611,-0.0048
22621,0.0239
22631,0.0239
22640,0.0096
22649,0.0072
22659,0.0072
22669,-0.0239
22677,0.0526
22686,0.0120
22697,0.0120
22709,0.0024
22721,0.0144
22730,0.0335
22739,0.0335
22748,0.0335
22758,0.0335
22767,0.0096
22776,0.0096
22784,0.0096
22793,0.0048
22804,0.0263
22816,0.0191
22825,0.0191
22835,0.0359
22844,-0.0215
22854,0.0646
22864,0.0646
22872,-0.0167
22880,-0.0215
22892,0.0287
22901,0.0287
22915,0.0120
22925,-0.0311
22934,-0.0048
22943,-0.0048
22953,0.0072
22965,0.0000
22975,0.0000
22983,-0.0335
22992,-0.0335
23001,0.0359
23010,0.0167
23019,0.0167
23029,-0.0024
23040,0.0287
23050,-0.0024
23060,-0.0167
23070,-0.0167
23080,0.0096
23090,0.0096
23100,0.0000
23109,0.0000
23119,0.0191
23130,-0.0167
23144,0.0311
23155,0.0120
23165,-0.0096
23176,-0.0287
23186,-0.0287
23196,-0.0120
23206,-0.0048
23216,-0.0024
23230,0.0144
23241,-0.0335
23251,-0.0335
23262,0.0287
23273,0.0048
23283,0.0000
23293,0.0000
23303,-0.0359
23314,-0.0359
23325,0.0072
23336,-0.0120
23346,-0.0215
23357,-0.0431
23370,-0.0287
23380,-0.0287
23390,-0.0167
23400,-0.0407
23410,-0.0048
23420,0.0072
23429,0.0072
23439,0.0144
23453,-0.0215
23463,0.0167
23473,-0.0167
23484,-0.0167
23498,0.0096
23509,0.0096
23524,0.0263
23539,-0.0096
23551,-0.0287
23562,0.0072
23574,0.0263
23586,0.0263
23597,0.0144
23608,0.0072
23620,0.0311
23631,-0.0072
23643,0.0072
23653,0.0383
23663,0.0383
23698,0.0000
23707,-0.0479
23716,0.0167
23725,0.0167
23743,-0.0167
23753,-0.0167
23764,0.0215
23774,-0.0096
23785,0.0215
23794,-0.0144
23804,-0.0144
23813,0.0072
23826,0.0000
23835,-0.0263
23848,0.0335
23859,0.0120
23869,0.0120
23883,-0.0287
23893,-0.0287
23902,0.0000
23912,-0.0167
23922,0.0096
23935,0.0191
23945,0.0191
23955,0.0096
23964,0.0048
23972,0.0048
23980,-0.0191
23989,0.0096
23999,0.0096
24008,0.0383
24017,-0.0096
24026,0.0335
24035,0.0335
24045,-0.0072
24057,0.0191
24068,0.0287
24079,0.0048
24094,-0.0239
24105,0.0215
24116,0.0191
24128,-0.0024
24144,-0.0311
24156,0.0215
24168,0.0096
24179,0.0072
24191,0.0072
24202,0.0000
24213,-0.0287
24222,-0.0048
24232,0.0526
24242,0.0526
24252,-0.0024
24262,-0.0024
24272,-0.0048
24283,-0.0167
24293,-0.0167
24304,0.0000
24314,0.0191
24325,0.0096
24335,0.0502
24345,0.0502
24358,-0.0024
24368,0.0072
24378,0.0455
24389,-0.0072
24398,0.0096
24408,0.0096
24418,0.0167
24429,0.0144
24442,0.0072
24453,0.0096
24464,0.0120
24474,0.0120
24484,0.0048
24494,0.0024
24504,-0.0144
24514,-0.0096
24527,0.0096
24539,0.0096
24550,-0.0335
24562,0.0096
24572,0.0215
24582,-0.0048
24592,0.0191
24605,0.0191
24618,-0.0335
24628,-0.0335
24638,0.0000
24649,0.0167
24661,-0.0287
24670,0.0167
24691,-0.0048
24701,-0.0215
24710,-0.0048
24718,-0.0048
24728,0.0000
24738,-0.0024
24748,-0.0191
24758,-0.0191
24768,-0.0239
24777,-0.0144
24786,0.0215
24795,0.0215
24803,0.0263
24812,0.0287
24821,0.0287
24829,0.0024
24838,-0.0335
24847,-0.0335
24855,0.0024
24864,0.0287
24875,0.0287
24887,-0.0024
24895,0.0048
24907,0.0144
24916,0.0144
24925,0.0144
24934,-0.0144
24943,-0.0072
24955,0.0120
24965,-0.0024
24976,-0.0024
24987,-0.0263
24999,0.0263
25011,-0.0287
25022,-0.0120
25033,0.0239
25047,-0.0167
25058,-0.0239
25069,0.0120
25082,0.0024
25094,-0.0072
25106,-0.0072
25118,0.0120
25132,-0.0096
25145,-0.0191
25159,-0.0191
25177,-0.0144
25190,0.0048
25201,0.0096
25211,0.0287
25224,-0.0144
25234,-0.0144
25245,-0.0191
25255,0.0287
25265,-0.0048
25275,-0.0024
25285,-0.0024
25297,0.0072
25307,0.0000
25319,0.0215
25329,0.0287
25339,-0.0024
25353,0.0000
25363,0.0000
25375,0.0096
25385,-0.0024
25395,0.0048
25409,-0.0167
25419,-0.0191
25429,-0.0096
25439,-0.0096
25450,-0.0024
25460,-0.0096
25470,0.0431
25482,0.0000
25493,-0.0144
25503,-0.0144
25513,-0.0120
25529,-0.0120
25539,0.0263
25553,-0.0144
25566,-0.0479
25579,-0.0167
25591,0.0167
25603,0.0000
25614,0.0144
25626,-0.0144
25637,-0.0335
25648,0.0024
25660,0.0024
25676,0.0144
25687,0.0431
25699,0.0048
25710,0.0048
25722,-0.0120
25733,0.0263
25745,0.0407
25755,0.0215
25765,0.0311
25775,0.0311
25789,0.0048
25800,0.0048
25811,0.0144
25822,0.0215
25833,0.0263
25843,0.0000
25856,0.0072
25866,0.0455
25876,0.0455
25888,0.0000
25898,0.0479
25908,0.0072
25921,-0.0120
25931,-0.0072
25941,-0.0072
25951,-0.0215
25963,0.0024
25973,0.0096
25985,-0.0120
25995,-0.0024
26006,-0.0024
26019,0.0383
26029,-0.0072
26039,0.0048
26048,-0.0191
26057,-0.0191
26067,0.0024
26077,0.0191
26089,-0.0072
26101,0.0287
26112,-0.0048
26122,-0.0048
26132,0.0072
26141,0.0000
26151,0.0120
26163,0.0120
26176,0.0072
26189,0.0072
26201,0.0191
26212,0.0191
26223,-0.0048
26235,-0.0167
26246,-0.0024
26257,0.0167
26268,-0.0311
26283,-0.0239
26299,-0.0048
26310,0.0167
26320,-0.0287
26331,0.0215
26341,0.0215
26354,0.0144
26364,0.0048
26374,-0.0048
26384,-0.0191
26395,-0.0167
26410,-0.0215
26421,-0.0144
26431,-0.0144
26446,0.0000
26459,0.0000
26472,-0.0072
26483,-0.0072
26494,0.0215
26507,-0.0024
26520,0.0000
26533,0.0191
26544,-0.0335
26556,0.0048
26568,-0.0287
26585,-0.0072
26596,0.0000
26607,-0.0072
26618,0.0048
26629,0.0048
26641,-0.0287
26652,0.0120
26663,0.0120
26673,-0.0215
26683,-0.0167
26694,-0.0072
26704,-0.0191
26714,-0.0191
26726,0.0048
26738,-0.0120
26748,0.0072
26757,0.0167
26768,-0.0359
26782,0.0072
26793,-0.0191
26804,-0.0191
26814,-0.0120
26824,0.0048
26834,0.0144
26844,0.0072
26855,0.0072
26869,-0.0048
26879,0.0072
26889,0.0000
26899,-0.0096
26909,0.0048
26924,0.0096
26934,0.0072
26944,0.0072
26953,-0.0479
26963,0.0191
26973,-0.0048
26985,-0.0048
26997,0.0191
27008,-0.0048
27018,0.0000
27029,-0.0096
27040,0.0215
27052,0.0144
27062,0.0144
27072,0.0239
27082,-0.0167
27093,-0.0239
27103,0.0191
27112,0.0191
27122,0.0167
27132,-0.0144
27141,0.0096
27151,0.0096
27166,-0.0096
27175,-0.0072
27185,-0.0072
27197,0.0072
27208,0.0000
27219,-0.0167
27231,0.0383
27241,0.0383
27251,0.0407
27261,0.0263
27270,0.0000
27282,0.0120
27292,0.0120
27302,0.0239
27315,0.0120
27325,0.0526
27335,0.0048
27346,-0.0024
27356,-0.0024
27366,0.0359
27378,0.0120
27392,0.0167
27404,0.0072
27418,0.0215
27428,0.0167
27438,-0.0024
27448,-0.0024
27459,0.0096
27470,0.0167
27479,0.0048
27493,0.0120
27503,0.0144
27513,0.0144
27526,-0.0096
27538,-0.0024
27548,-0.0048
27561,-0.0287
27574,0.0191
27587,-0.0167
27599,0.0120
27610,-0.0215
27624,0.0335
27635,0.0335
27646,0.0072
27658,0.0215
27669,0.0096
27684,-0.0120
27695,0.0024
27708,0.0024
27721,0.0024
27733,0.0407
27746,0.0144
27758,0.0144
27769,0.0072
27780,0.0144
27793,0.0000
27804,0.0287
27818,0.0096
27828,0.0096
27838,0.0000
27848,0.0000
27860,-0.0287
27870,0.0072
27880,-0.0407
27889,0.0096
27899,0.0096
27908,0.0024
27918,-0.0191
27928,-0.0191
27940,0.0048
27952,-0.0239
27963,-0.0239
27977,-0.0072
27989,-0.0239
28001,-0.0072
28012,0.0048
28024,-0.0144
28034,-0.0335
28045,0.0120
28056,-0.0287
28070,-0.0072
28080,-0.0072
28090,0.0072
28099,0.0144
28109,-0.0311
28120,0.0383
28134,-0.0072
28145,-0.0072
28156,-0.0024
28168,-0.0096
28178,0.0191
28187,-0.0096
28199,-0.0144
28213,-0.0167
28224,0.0096
28234,0.0096
28244,-0.0287
28256,-0.0215
28267,-0.0239
28277,0.0000
28289,-0.0072
28299,-0.0072
28308,0.0191
28318,0.0120
28328,-0.0096
28337,-0.0096
28347,-0.0239
28356,0.0120
28367,0.0024
28377,-0.0144
28389,-0.0144
28399,-0.0144
28409,-0.0311
28420,-0.0072
28431,-0.0311
28441,0.0120
28451,0.0120
28461,0.0335
28471,-0.0144
28488,0.0024
28500,-0.0072
28511,-0.0120
28521,-0.0167
28531,0.0263
28541,0.0263
28551,-0.0167
28567,-0.0191
28579,-0.0096
28589,-0.0072
28600,0.0120
28614,0.0215
28624,0.0048
28637,0.0263
28651,-0.0096
28661,0.0072
28672,0.0072
28681,-0.0024
28691,0.0215
28700,-0.0239
28709,-0.0239
28720,0.0096
28729,-0.0215
28737,-0.0024
28746,-0.0024
28755,-0.0239
28764,0.0048
28773,0.0048
28783,0.0048
28793,0.0096
28804,0.0072
28814,-0.0072
28823,-0.0072
28833,-0.0167
28842,-0.0096
28852,-0.0120
28861,-0.0120
28870,-0.0072
28882,-0.0096
28892,0.0455
28903,0.0455
28915,-0.0120
28924,0.0120
28936,0.0263
28945,-0.0072
28957,0.0239
28966,0.0239
28976,-0.0191
28988,-0.0096
28997,0.0048
29016,0.0239
29029,-0.0072
29038,0.0072
29048,-0.0096
29058,-0.0096
29068,0.0167
29078,-0.0120
29088,-0.0096
29101,0.0000
29111,0.0191
29121,0.0191
29131,0.0191
29143,0.0072
29154,0.0144
29168,-0.0120
29178,0.0383
29193,0.0096
29203,-0.0072
29216,0.0287
29227,0.0239
29238,0.0239
29248,0.0215
29258,0.0120
29270,0.0167
29280,0.0167
29290,0.0167
29300,0.0048
29310,0.0407
29321,0.0120
29331,-0.0144
29341,-0.0144
29352,0.0024
29363,0.0287
29373,-0.0048
29385,0.0096
29396,-0.0024
29406,-0.0024
29418,0.0144
29429,0.0287
29439,0.0048
29452,0.0191
29465,0.0048
29475,-0.0096
29485,0.0383
29495,0.0383
29508,0.0096
29518,0.0120
29528,0.0000
29539,0.0120
29549,-0.0239
29559,-0.0239
29572,0.0120
29582,-0.0263
29592,-0.0191
29605,0.0072
29617,-0.0120
29629,-0.0024
29639,-0.0072
29650,-0.0072
29660,0.0263
29669,-0.0191
29680,-0.0048
29691,-0.0072
29701,-0.0072
29710,-0.0167
29720,-0.0335
29729,-0.0072
29743,-0.0191
29752,-0.0191
29762,-0.0215
29772,0.0000
29785,0.0144
29797,0.0000
29806,-0.0072
29814,-0.0072
29823,0.0072
29834,0.0167
29844,0.0167
29853,0.0024
29862,-0.0167
29870,0.0000
29879,0.0000
29888,0.0048
29900,-0.0144
29909,0.0239
29917,0.0239
29926,0.0024
29935,-0.0263
29943,-0.0263
29951,-0.0239
29962,0.0191
29975,0.0096
29984,0.0096
29992,0.0024
30000,0.0000
30013,-0.0335
30024,-0.0239
30034,-0.0239
30043,-0.0167
30054,-0.0239
30063,0.0239
30072,0.0239
30086,0.0000
30096,-0.0072
30106,-0.0239
30117,-0.0215
30127,-0.0215
30137,0.0191
30152,0.0167
30164,0.0000
30174,0.0096
30184,0.0000
30193,-0.0120
30203,-0.0120
30214,0.0144
30224,-0.0120
30235,-0.0120
30250,0.0048
30260,0.0048
30270,0.0191
30280,0.0191
30290,-0.0120
30302,0.0287
30312,-0.0024
30324,-0.0072
30346,0.0263
30356,-0.0072
30366,-0.0048
30378,0.0096
30388,0.0096
30398,-0.0096
30407,-0.0096
30417,-0.0024
30430,-0.0024
30440,-0.0072
30453,0.0120
30463,0.0144
30473,0.0144
30483,-0.0144
30495,-0.0215
30505,-0.0167
30515,-0.0048
30525,-0.0048
30535,0.0000
30545,-0.0096
30555,0.0024
30568,0.0096
30578,0.0024
30588,0.0024
30603,0.0048
30616,0.0120
30662,0.0215
30687,-0.0144
30697,0.0024
30705,0.0024
30714,0.0335
30724,-0.0191
30734,-0.0072
30744,-0.0072
30756,0.0000
30767,0.0167
30777,0.0311
30791,0.0191
30801,0.0167
30812,0.0000
30823,0.0479
30833,0.0479
30846,0.0239
30858,0.0191
30867,0.0144
30876,0.0263
30924,-0.0072
30933,-0.0191
30945,0.0024
30954,-0.0120
30963,-0.0120
30973,0.0120
30984,-0.0024
30995,0.0287
31008,0.0048
31017,0.0000
31025,0.0000
31040,0.0000
31049,0.0263
31062,0.0024
31073,0.0191
31083,0.0311
31093,0.0479
31104,0.0479
31114,0.0144
31124,0.0144
31137,0.0287
31147,0.0024
31158,-0.0144
31168,-0.0144
31180,0.0263
31190,0.0120
31200,0.0048
31212,-0.0024
31223,0.0024
31233,0.0024
31245,0.0024
31260,0.0239
31271,0.0048
31281,-0.0024
31292,-0.0048
31303,-0.0311
31313,0.0120
31326,0.0096
31337,0.0096
31347,0.0144
31359,-0.0263
31368,-0.0024
31379,0.0096
31390,0.0191
31400,0.0191
31410,0.0000
31422,-0.0167
31432,-0.0096
31442,0.0072
31452,0.0072
31464,0.0000
31474,0.0144
31489,0.0048
31499,0.0144
31509,0.0144
31519,-0.0048
31529,-0.0048
31539,0.0144
31549,0.0167
31558,-0.0167
31568,-0.0167
31578,-0.0096
31590,-0.0191
31600,-0.0096
31611,-0.0407
31621,-0.0096
31634,-0.0096
31643,0.0096
31652,-0.0144
31666,-0.0263
31675,0.0000
31684,0.0000
31693,0.0000
31702,0.0000
31711,0.0000
31719,-0.0096
31732,-0.0335
31741,0.0048
31750,-0.0287
31762,-0.0287
31771,-0.0024
31780,-0.0072
31791,0.0144
31801,0.0096
31815,0.0120
31825,0.0120
31834,-0.0144
31859,0.0167
31871,0.0120
31881,0.0096
31890,0.0096
31899,0.0144
31909,-0.0096
31917,-0.0335
31925,-0.0335
31934,0.0359
31943,-0.0024
31951,-0.0024
31960,-0.0048
31970,-0.0048
31979,-0.0048
31991,-0.0407
31999,-0.0335
32009,0.0024
32018,0.0024
32029,0.0144
32038,0.0096
32051,-0.0048
32061,0.0096
32071,0.0096
32085,-0.0191
32098,0.0096
32108,0.0096
32118,-0.0335
32128,0.0072
32138,0.0048
32148,0.0048
32159,-0.0024
32169,0.0215
32182,0.0383
32192,0.0096
32204,0.0120
32215,0.0287
32225,0.0287
32237,0.0144
32247,-0.0072
32258,-0.0096
32269,0.0215
32279,0.0215
32289,0.0215
32299,0.0024
32313,-0.0096
32323,0.0072
32333,0.0287
32343,-0.0072
32353,-0.0072
32364,0.0120
32375,-0.0191
32385,0.0120
32396,-0.0048
32406,-0.0048
32417,-0.0096
32428,0.0048
32438,0.0000
32450,0.0024
32460,-0.0024
32471,0.0048
32482,0.0048
32493,0.0239
32503,0.0215
32513,0.0024
32525,-0.0144
32535,-0.0144
32545,0.0215
32555,-0.0072
32567,-0.0072
32578,-0.0191
32588,0.0024
32598,0.0024
32608,0.0120
32618,-0.0120
32629,-0.0120
32639,0.0000
32652,0.0144
32662,0.0144
32673,0.0215
32688,0.0431
32700,-0.0191
32710,0.0000
32721,-0.0048
32731,0.0096
32741,-0.0144
32752,-0.0144
32762,0.0191
32780,0.0263
32791,0.0263
32801,-0.0048
32810,-0.0096
32820,-0.0167
32834,-0.0096
32844,0.0144
32854,0.0144
32867,0.0335
32877,0.0239
32888,-0.0072
32898,-0.0167
32911,-0.0263
32921,-0.0024
32931,-0.0024
32941,-0.0144
32960,0.0048
32973,-0.0072
32986,-0.0144
32997,-0.0144
33009,-0.0048
33021,-0.0311
33032,-0.0120
33042,0.0024
33052,0.0263
33063,-0.0191
33074,-0.0191
33085,0.0144
33099,0.0479
33109,-0.0096
33119,-0.0072
33129,0.0024
33140,-0.0263
33151,-0.0263
33162,-0.0024
33174,0.0024
33186,-0.0239
33197,0.0048
33207,-0.0191
33217,-0.0191
33227,0.0024
33237,0.0024
33247,-0.0120
33260,-0.0263
33273,0.0120
33338,-0.0431
33354,-0.0024
33368,0.0287
33379,0.0287
33389,-0.0120
33399,0.0000
33411,-0.0311
33421,-0.0311
33431,0.0048
33444,-0.0072
33455,0.0096
33465,0.0072
33479,0.0048
33489,-0.0120
33498,-0.0120
33509,-0.0024
33524,-0.0263
33534,-0.0144
33544,-0.0287
33554,-0.0215
33569,0.0120
33581,0.0000
33594,-0.0215
33604,0.0191
33614,0.0191
33628,-0.0215
33638,-0.0144
33647,-0.0144
33657,-0.0048
33668,-0.0048
33682,0.0096
33692,0.0096
33702,0.0191
33712,0.0263
33724,0.0263
33735,-0.0024
33745,0.0191
33757,0.0191
33767,0.0048
33777,0.0239
33787,0.0072
33796,-0.0072
33807,-0.0072
33817,-0.0167
33827,0.0191
33837,0.0287
33847,-0.0120
33857,-0.0120
33867,-0.0239
33877,0.0191
33888,0.0239
33908,-0.0096
33918,0.0335
33928,0.0215
33937,0.0215
33946,-0.0215
33956,-0.0048
33966,0.0383
33975,0.0383
33989,-0.0096
34001,-0.0048
34012,0.0120
34022,0.0191
34032,-0.0167
34045,0.0024
34068,0.0120
34078,0.0120
34090,0.0502
34102,0.0311
34112,0.0215
34122,0.0144
34132,0.0000
34146,0.0024
34156,0.0024
34166,0.0335
34176,-0.0167
34186,-0.0215
34196,0.0215
34206,0.0215
34218,0.0024
34228,0.0024
34238,-0.0048
34248,0.0167
34258,0.0167
34269,0.0167
34280,-0.0048
34290,0.0096
34302,0.0000
34312,0.0167
34322,0.0167
34337,0.0024
34347,0.0024
34358,-0.0191
34368,0.0239
34378,-0.0239
34389,0.0000
34399,0.0000
34409,0.0096
34421,0.0335
34431,0.0191
34440,0.0215
34449,0.0215
34459,0.0407
34470,0.0024
34480,0.0048
34493,0.0191
34503,0.0191
34519,0.0096
34529,0.0096
34539,0.0144
34549,0.0120
34559,-0.0383
34571,0.0120
34584,-0.0191
34594,0.0120
34604,0.0120
34614,-0.0072
34624,-0.0048
34634,0.0096
34643,0.0096
34653,0.0096
34663,0.0024
34671,0.0000
34681,0.0000
34692,0.0000
34700,0.0072
34709,0.0072
34721,0.0048
34730,-0.0120
34738,-0.0215
34747,-0.0215
34756,0.0215
34764,-0.0024
34776,0.0048
34790,0.0120
34799,0.0120
34809,0.0144
34819,-0.0335
34829,-0.0072
34837,-0.0072
34848,-0.0191
34858,0.0120
34868,-0.0120
34876,-0.0120
34884,-0.0072
34893,0.0287
34904,0.0287
34914,-0.0072
34923,0.0383
34932,-0.0287
34942,-0.0431
34952,-0.0431
34967,0.0239
34977,-0.0215
34987,-0.0287
34996,0.0024
35004,0.0024
35013,0.0120
35023,-0.0144
35036,-0.0144
35046,-0.0024
35056,-0.0024
35066,-0.0215
35076,-0.0359
35089,0.0120
35100,-0.0024
35110,-0.0311
35120,-0.0311
35134,-0.0120
35144,-0.0144
35155,0.0048
35165,0.0096
35175,-0.0263
35185,-0.0263
35195,-0.0072
35208,-0.0048
35217,-0.0072
35227,0.0000
35236,0.0000
35246,0.0000
35258,0.0239
35309,-0.0167
35319,0.0048
35330,0.0000
35340,0.0000
35350,-0.0072
35362,0.0144
35373,0.0000
35384,0.0120
35393,-0.0120
35404,-0.0120
35414,0.0000
35426,-0.0144
35437,0.0072
35446,0.0167
35457,0.0048
35466,0.0048
35476,0.0215
35487,0.0215
35497,-0.0096
35506,-0.0096
35518,-0.0024
35529,0.0024
35539,-0.0024
35549,0.0144
35559,0.0096
35569,0.0096
35579,0.0407
35589,-0.0191
35601,0.0144
35611,0.0072
35623,0.0072
35632,-0.0287
35643,0.0359
35653,-0.0191
35662,0.0072
35672,0.0072
35681,0.0383
35695,-0.0048
35707,-0.0048
35716,-0.0024
35725,-0.0024
35736,-0.0167
35746,0.0215
35759,0.0144
35769,0.0048
35780,0.0120
35797,0.0167
35806,0.0048
35816,0.0048
35825,-0.0024
35839,-0.0048
35848,-0.0048
35857,0.0096
35866,0.0096
35875,0.0072
35885,0.0072
35894,0.0191
35902,0.0191
35913,-0.0024
35922,0.0167
35930,0.0167
35940,-0.0024
35949,0.0335
35957,0.0335
35966,-0.0144
35975,-0.0239
35984,0.0096
35993,0.0096
36006,0.0048
36016,0.0048
36025,-0.0048
36038,-0.0024
36047,-0.0024
36055,-0.0287
36067,0.0048
36077,0.0072
36087,0.0167
36098,0.0167
36108,0.0167
36119,0.0072
36129,0.0096
36142,-0.0335
36152,0.0024
36162,0.0024
36173,-0.0215
36183,0.0144
36194,-0.0024
36204,0.0287
36214,0.0287
36224,0.0239
36235,0.0120
36245,0.0072
36256,-0.0072
36266,-0.0072
36275,-0.0167
36289,-0.0072
36300,0.0167
36310,0.0263
36320,-0.0311
36336,-0.0120
36349,-0.0144
36360,0.0024
36370,-0.0072
36380,-0.0072
36390,-0.0167
36405,-0.0072
36415,0.0048
36426,-0.0144
36435,0.0144
36445,0.0144
36454,0.0024
36464,-0.0335
36474,0.0048
36484,0.0048
36494,0.0000
36504,-0.0215
36514,-0.0287
36525,-0.0072
36537,0.0239
36547,0.0239
36557,-0.0120
36567,-0.0048
36576,0.0191
36586,0.0191
36595,-0.0120
36605,0.0000
36615,0.0144
36624,0.0144
36634,-0.0335
36644,0.0215
36653,-0.0335
36668,-0.0048
36677,-0.0048
36686,0.0167
36695,0.0000
36703,0.0000
36714,-0.0215
36724,0.0000
36735,0.0383
36745,-0.0120
36755,-0.0120
36764,0.0048
36776,0.0024
36786,-0.0120
36795,0.0167
36804,0.0167
36813,0.0048
36821,0.0287
36831,0.0287
36840,-0.0144
36849,0.0215
36859,-0.0096
36869,-0.0096
36877,0.0167
36887,-0.0048
36896,-0.0048
36905,0.0215
36914,-0.0048
36924,0.0000
36936,-0.0287
36946,-0.0287
36957,0.0144
36967,0.0144
36977,0.0359
36988,-0.0191
36997,-0.0191
37006,0.0455
37015,0.0072
37023,0.0072
37035,-0.0144
37044,-0.0024
37053,0.0215
37063,0.0215
37072,-0.0096
37081,-0.0144
37091,0.0144
37101,0.0144
37116,0.0120
37129,0.0144
37139,0.0335
37153,0.0263
37163,0.0215
37173,-0.0096
37185,0.0263
37196,-0.0096
37207,0.0215
37218,0.0215
37228,0.0072
37242,0.0048
37251,0.0167
37261,-0.0024
37272,-0.0167
37282,-0.0167
37292,0.0239
37305,-0.0167
37315,0.0048
37325,0.0287
37337,-0.0191
37346,-0.0191
37357,-0.0024
37369,-0.0144
37381,0.0048
37391,0.0120
37401,0.0120
37412,0.0120
37422,0.0144
37433,0.0072
37444,-0.0048
37455,0.0144
37465,-0.0024
37476,-0.0024
37489,0.0072
37502,0.0263
37513,0.0455
37526,0.0239
37547,-0.0096
37560,0.0191
37571,-0.0024
37581,-0.0191
37592,-0.0191
37603,0.0048
37617,0.0311
37628,0.0024
37640,0.0287
37653,-0.0096
37664,-0.0335
37674,0.0048
37685,0.0072
37697,-0.0191
37706,-0.0191
37717,0.0167
37727,0.0287
37741,0.0167
37752,0.0239
37762,-0.0096
37773,-0.0359
37786,-0.0096
37795,-0.0096
37804,0.0000
37813,-0.0096
37822,-0.0096
37832,-0.0239
37843,0.0024
37852,0.0024
37864,0.0191
37874,0.0191
37884,-0.0024
37894,-0.0120
37905,-0.0096
37915,-0.0407
37924,-0.0407
37933,0.0311
37943,0.0096
37956,-0.0407
37966,0.0144
37975,0.0144
37984,0.0120
37993,-0.0096
38002,-0.0096
38011,0.0024
38020,-0.0096
38030,-0.0096
38039,0.0048
38049,0.0120
38059,0.0191
38069,0.0287
38084,-0.0144
38094,-0.0144
38108,-0.0120
38121,-0.0287
38131,-0.0287
38143,0.0120
38158,0.0072
38169,-0.0024
38185,0.0072
38195,0.0072
38205,-0.0263
38216,0.0096
38226,-0.0024
38237,-0.0191
38248,-0.0191
38258,-0.0096
38267,0.0072
38277,0.0000
38288,0.0359
38299,0.0359
38309,-0.0335
38322,-0.0144
38333,-0.0120
38344,-0.0048
38354,-0.0311
38364,-0.0311
38377,0.0144
38389,0.0144
38400,0.0263
38411,0.0048
38421,-0.0191
38431,-0.0120
38441,-0.0120
38451,0.0048
38461,0.0167
38473,-0.0096
38485,-0.0120
38496,0.0191
38506,0.0096
38516,0.0096
38526,0.0144
38539,0.0263
38550,0.0048
38559,0.0120
38569,0.0120
38579,0.0000
38589,0.0335
38601,0.0311
38610,0.0072
38620,0.0072
38630,0.0215
38639,0.0239
38648,-0.0024
38658,-0.0024
38666,0.0144
38678,0.0096
38687,-0.0048
38696,-0.0048
38707,0.0048
38716,0.0000
38725,-0.0263
38734,-0.0263
38744,0.0096
38752,-0.0167
38761,-0.0167
38773,-0.0048
38783,0.0120
38836,-0.0167
38845,0.0167
38854,-0.0048
38866,0.0263
38876,0.0263
38885,0.0431
38898,-0.0096
38908,0.0048
38921,0.0000
38931,0.0287
38941,0.0287
38949,-0.0048
38960,0.0096
38970,0.0096
38979,0.0120
38994,0.0239
39004,0.0287
39014,0.0167
39025,-0.0048
39036,0.0191
39049,0.0048
39062,0.0239
39074,-0.0167
39087,0.0191
39098,-0.0120
39108,-0.0120
39118,0.0096
39130,0.0167
39140,0.0048
39150,0.0335
39161,0.0335
39173,0.0144
39186,-0.0263
39197,-0.0191
39207,0.0120
39217,-0.0455
39227,0.0120
39239,0.0120
39250,-0.0263
39260,-0.0144
39270,0.0024
39279,0.0072
39288,0.0072
39300,-0.0239
39313,0.0144
39325,0.0383
39335,0.0024
39347,-0.0072
39359,-0.0144
39371,0.0239
39387,0.0072
39399,0.0191
39410,0.0120
39422,0.0239
39432,0.0239
39443,-0.0191
39452,0.0072
39462,-0.0144
39473,0.0263
39486,-0.0359
39495,-0.0359
39505,0.0000
39516,-0.0167
39529,0.0167
39543,-0.0215
39554,0.0167
39564,-0.0383
39574,-0.0383
39584,-0.0359
39599,0.0191
39610,-0.0287
39620,-0.0167
39631,-0.0072
39642,-0.0502
39654,-0.0191
39663,-0.0191
39671,-0.0120
39680,0.0000
39689,0.0000
39697,0.0000
39709,-0.0120
39719,0.0144
39729,-0.0215
39738,-0.0215
39749,0.0024
39758,0.0215
39767,0.0215
39778,-0.0096
39787,-0.0072
39797,-0.0120
39807,0.0215
39820,0.0048
39829,0.0048
39838,0.0263
39848,-0.0120
39858,-0.0048
39866,-0.0048
39875,0.0167
39886,0.0215
39897,-0.0048
39907,-0.0048
39916,-0.0144
39926,0.0287
39935,0.0335
39945,0.0335
39953,0.0263
39961,0.0120
39970,0.0120
39979,0.0120
39991,-0.0144
40001,0.0191
40010,0.0191
40022,0.0096
40031,-0.0263
40041,-0.0239
40050,-0.0239
40060,0.0072
40070,0.0000
40080,0.0167
40090,0.0287
40100,0.0287
40110,0.0239
40123,0.0263
40133,-0.0048
40143,0.0191
40156,0.0072
40167,0.0144
40177,0.0144
40189,-0.0096
40199,-0.0263
40210,0.0048
40220,0.0191
40232,-0.0024
40243,-0.0024
40254,0.0120
40264,0.0072
40276,0.0215
40290,0.0024
40302,0.0048
40313,0.0359
40324,0.0024
40334,0.0024
40343,0.0167
40353,-0.0048
40363,0.0263
40372,0.0263
40385,-0.0048
40397,0.0120
40409,0.0096
40419,0.0144
40429,-0.0311
40441,0.0048
40451,0.0096
40462,0.0096
40475,0.0191
40486,0.0191
40497,0.0096
40511,-0.0024
40524,0.0048
40534,-0.0502
40549,0.0144
40559,-0.0024
40569,0.0096
40579,-0.0024
40591,0.0120
40603,0.0120
40614,0.0407
40627,-0.0144
40636,0.0048
40646,0.0072
40656,-0.0048
40667,-0.0048
40678,0.0096
40688,-0.0167
40700,0.0096
40710,0.0000
40720,0.0311
40730,0.0311
40740,-0.0263
40752,0.0096
40762,0.0000
40772,-0.0024
40782,-0.0024
40795,-0.0335
40810,0.0407
40820,0.0407
40831,-0.0167
40842,-0.0096
40852,0.0048
40863,0.0263
40874,0.0263
40884,-0.0263
40895,0.0120
40905,-0.0191
40916,0.0000
40927,0.0215
40938,0.0000
40952,-0.0024
40962,-0.0024
40974,-0.0096
40984,0.0048
40999,0.0096
41012,-0.0048
41023,-0.0191
41034,0.0048
41044,-0.0024
41055,0.0024
41069,-0.0407
41080,0.0000
41090,0.0000
41099,-0.0215
41113,-0.0263
41124,-0.0383
41137,0.0287
41147,-0.0335
41158,-0.0502
41170,0.0048
41180,0.0048
41192,-0.0215
41202,0.0024
41212,-0.0263
41225,0.0048
41241,-0.0191
41252,-0.0215
41263,-0.0144
41274,0.0120
41287,0.0048
41297,0.0048
41308,-0.0215
41318,-0.0167
41328,-0.0144
41338,-0.0024
41348,-0.0024
41358,0.0144
41368,0.0215
41381,0.0144
41392,0.0144
41402,-0.0144
41412,-0.0144
41422,0.0048
41432,0.0024
41443,-0.0072
41455,-0.0335
41466,0.0024
41477,0.0024
41489,-0.0167
41501,0.0048
41511,0.0048
41523,-0.0024
41533,-0.0239
41547,0.0072
41557,-0.0144
41567,-0.0144
41577,0.0048
41587,-0.0167
41598,-0.0024
41612,-0.0335
41622,-0.0335
41632,-0.0335
41642,0.0215
41654,0.0048
41663,0.0048
41673,-0.0120
41686,0.0287
41696,0.0287
41705,0.0215
41715,-0.0311
41724,-0.0167
41733,-0.0167
41744,0.0024
41753,0.0359
41766,-0.0072
41775,0.0335
41786,0.0335
41795,0.0024
41805,0.0024
41814,-0.0096
41823,-0.0096
41835,-0.0359
41845,0.0024
41853,0.0048
41861,0.0048
41870,0.0024
41880,-0.0120
41890,-0.0120
41903,0.0096
41912,0.0335
41920,0.0024
41962,-0.0287
41972,0.0263
41982,0.0144
41995,-0.0096
42006,0.0383
42017,0.0383
42026,0.0191
42037,0.0000
42047,0.0000
42058,-0.0191
42068,-0.0191
42077,-0.0024
42087,0.0024
42097,0.0048
42110,0.0215
42121,0.0215
42131,0.0167
42143,0.0191
42153,-0.0024
42163,0.0096
42173,0.0096
42187,0.0120
42197,0.0120
42206,0.0072
42216,0.0167
42229,0.0215
42240,-0.0024
42251,-0.0024
42264,0.0024
42274,0.0263
42285,-0.0072
42295,0.0048
42306,0.0167
42319,0.0120
42329,0.0120
42339,0.0120
42351,0.0096
42361,0.0144
42372,0.0024
42382,0.0407
42394,0.0167
42405,0.0167
42417,0.0096
42427,0.0215
42438,0.0000
42451,-0.0024
42461,0.0072
42472,0.0024
42482,0.0024
42492,0.0072
42502,-0.0144
42514,0.0000
42525,-0.0072
42535,0.0144
42545,0.0144
42558,0.0120
42568,-0.0239
42577,0.0646
42591,-0.0120
42603,0.0024
42613,0.0120
42625,-0.0407
42636,-0.0407
42647,-0.0215
42657,-0.0048
42666,-0.0144
42676,0.0120
42686,0.0120
42698,0.0167
42707,0.0167
42717,0.0048
42727,0.0000
42741,-0.0072
42751,-0.0072
42762,0.0000
42773,-0.0335
42787,-0.0048
42797,0.0287
42827,0.0048
42840,-0.0024
42850,-0.0167
42861,-0.0383
42870,-0.0239
42882,-0.0239
42893,0.0000
42904,-0.0191
42914,0.0144
42925,0.0048
42938,-0.0191
42951,-0.0383
42963,-0.0239
42977,-0.0072
42990,-0.0120
43002,-0.0239
43017,0.0024
43030,-0.0144
43044,-0.0167
43057,0.0096
43069,0.0120
43080,-0.0263
43094,0.0120
43107,0.0215
43119,0.0024
43143,0.0383
43160,0.0215
43171,-0.0024
43185,-0.0383
43199,-0.0144
43212,-0.0096
43227,0.0000
43238,-0.0120
43251,0.0000
43267,-0.0191
43279,0.0024
43290,0.0000
43301,0.0072
43313,0.0455
43327,-0.0167
43341,-0.0072
43355,0.0215
43365,-0.0407
43377,0.0000
43391,-0.0048
43402,-0.0096
43412,-0.0167
43426,0.0096
43437,-0.0167
43451,0.0239
43462,0.0024
43473,0.0024
43483,0.0000
43493,-0.0144
43503,0.0120
43512,0.0048
43524,0.0048
43534,0.0263
43547,0.0144
43557,0.0239
43570,0.0072
43580,0.0000
43592,0.0383
43602,0.0383
43612,-0.0144
43625,0.0024
43645,-0.0215
43660,0.0024
43671,0.0167
43681,0.0215
43693,0.0000
43703,0.0000
43713,0.0048
43723,0.0072
43743,-0.0167
43753,0.0239
43765,0.0072
43776,0.0024
43787,0.0024
43799,0.0431
43810,0.0455
43824,0.0359
43834,0.0000
43849,0.0239
43860,-0.0191
43875,-0.0144
43890,0.0311
43901,-0.0048
43912,-0.0215
43922,-0.0215
43933,0.0167
43945,0.0024
43956,-0.0215
43967,-0.0335
43980,0.0144
43991,-0.0167
44003,0.0024
44016,0.0239
44026,0.0239
44038,0.0311
44049,-0.0096
44062,0.0024
44073,-0.0144
44083,-0.0120
44094,0.0239
44104,0.0239
44116,-0.0120
44127,0.0335
44137,-0.0144
44148,0.0120
44158,-0.0048
44168,-0.0048
44181,-0.0048
44191,-0.0048
44201,-0.0239
44215,0.0191
44226,0.0072
44240,0.0024
44250,0.0191
44263,-0.0335
44273,0.0024
44285,-0.0239
44297,0.0048
44309,0.0048
44324,-0.0120
44334,-0.0120
44344,0.0048
44354,0.0024
44368,-0.0359
44378,-0.0191
44392,0.0096
44402,0.0120
44412,-0.0335
44425,-0.0024
44436,-0.0024
44449,-0.0287
44460,-0.0287
44470,-0.0191
44479,-0.0120
44489,-0.0120
44500,-0.0383
44511,-0.0072
44524,0.0167
44535,-0.0096
44547,-0.0072
44560,-0.0144
44572,0.0072
44582,0.0239
44592,0.0239
44603,0.0239
44616,0.0024
44626,-0.0191
44636,-0.0096
44647,0.0144
44659,-0.0191
44671,-0.0072
44681,-0.0072
44691,0.0120
44701,-0.0191
44710,0.0215
44720,0.0215
44730,0.0072
44742,-0.0383
44752,0.0096
44762,-0.0263
44818,-0.0024
44828,0.0144
44839,-0.0359
44850,0.0191
44864,-0.0144
44874,-0.0144
44885,0.0287
44896,0.0024
44909,-0.0335
44919,-0.0120
44930,-0.0024
44942,-0.0144
44952,-0.0144
44963,0.0407
44973,-0.0072
44983,0.0048
44996,0.0048
45008,0.0000
45018,0.0072
45028,0.0072
45039,-0.0048
45049,0.0096
45060,0.0048
45072,0.0335
45084,0.0167
45096,-0.0048
45112,0.0048
45122,-0.0287
45133,-0.0287
45147,0.0287
45158,0.0287
45171,-0.0048
45185,0.0167
45195,0.0167
45208,0.0096
45220,0.0120
45230,0.0287
45244,0.0000
45255,0.0000
45265,-0.0215
45276,0.0479
45290,0.0120
45302,-0.0191
45312,-0.0191
45326,-0.0120
45336,-0.0096
45348,0.0096
45362,-0.0072
45373,-0.0383
45398,-0.0096
45409,-0.0239
45423,0.0072
45438,-0.0096
45449,0.0120
45461,0.0311
45471,0.0215
45482,0.0144
45497,0.0000
45510,0.0431
45521,-0.0048
45534,-0.0096
45544,-0.0096
45554,0.0048
45564,0.0191
45575,-0.0096
45584,0.0144
45594,0.0144
45605,-0.0072
45615,0.0120
45625,0.0215
45637,0.0024
45646,0.0024
45658,0.0024
45667,0.0263
45679,-0.0287
45688,0.0287
45697,0.0287
45708,-0.0263
45717,-0.0048
45726,0.0000
45738,0.0144
45748,0.0144
45766,-0.0191
45776,-0.0191
45787,-0.0048
45796,-0.0431
45808,0.0311
45819,-0.0287
45828,-0.0287
45838,-0.0311
45847,0.0167
45856,0.0263
45869,-0.0048
45879,-0.0048
45888,-0.0144
45900,0.0167
45910,0.0048
45919,0.0120
45928,0.0120
45938,0.0048
45948,0.0335
45960,0.0215
45969,0.0215
45981,0.0072
45991,-0.0048
46001,-0.0072
46010,-0.0167
46023,0.0287
46033,0.0287
46044,-0.0024
46054,-0.0311
46065,0.0144
46078,-0.0048
46089,-0.0096
46122,-0.0048
46132,-0.0215
46141,0.0024
46155,-0.0048
46166,0.0167
46177,0.0120
46200,-0.0072
46214,0.0024
46224,0.0072
46234,0.0072
46246,-0.0144
46259,0.0144
46271,-0.0263
46281,0.0000
46293,-0.0072
46307,-0.0120
46317,-0.0120
46327,-0.0096
46338,0.0120
46347,-0.0120
46355,-0.0120
46366,0.0024
46375,0.0455
46385,-0.0120
46396,0.0048
46405,0.0048
46417,0.0359
46426,0.0359
46438,0.0263
46446,0.0024
46455,0.0024
46464,-0.0120
46474,0.0120
46486,0.0000
46497,0.0000
46508,-0.0120
46519,-0.0215
46528,-0.0024
46536,0.0096
46545,0.0096
46554,-0.0167
46563,0.0000
46573,0.0000
46582,0.0024
46593,0.0120
46604,-0.0024
46614,-0.0096
46624,-0.0096
46636,-0.0144
46646,0.0359
46655,-0.0048
46667,0.0215
46678,0.0048
46687,0.0048
46696,0.0167
46707,-0.0120
46720,0.0359
46731,-0.0048
46744,0.0359
46754,0.0359
46762,-0.0072
46772,0.0335
46782,-0.0024
46797,-0.0335
46807,0.0024
46817,0.0024
46827,0.0120
46836,0.0000
46849,0.0335
46859,-0.0335
46870,-0.0335
46881,-0.0167
46893,0.0239
46903,0.0144
46913,0.0191
46924,0.0191
46944,0.0215
46956,0.0215
46967,0.0431
46978,0.0431
46991,0.0000
47001,0.0000
47015,0.0239
47028,0.0167
47038,0.0167
47048,-0.0048
47059,0.0550
47071,-0.0215
47082,-0.0048
47094,0.0215
47106,0.0167
47116,0.0455
47129,0.0072
47144,0.0215
47155,0.0120
47166,0.0120
47177,0.0239
47217,0.0191
47227,-0.0048
47237,-0.0167
47248,0.0120
47258,-0.0072
47271,-0.0072
47282,0.0144
47293,-0.0024
47303,0.0167
47315,0.0096
47325,0.0000
47335,-0.0120
47345,-0.0120
47355,0.0024
47367,-0.0144
47378,-0.0239
47389,0.0120
47401,-0.0191
47411,-0.0191
47421,-0.0167
47432,-0.0502
47441,-0.0263
47451,0.0311
47535,-0.0191
47544,0.0000
47554,-0.0167
47564,-0.0167
47577,-0.0239
47588,0.0096
47598,-0.0191
47610,-0.0048
47622,0.0024
47632,0.0144
47642,0.0144
47651,-0.0215
47660,0.0000
47673,0.0431
47684,-0.0096
47693,-0.0096
47704,-0.0191
47714,0.0215
47724,-0.0144
47734,0.0191
47746,0.0191
47755,0.0072
47764,0.0072
47773,-0.0383
47784,-0.0383
47795,-0.0311
47805,-0.0335
47815,0.0024
47825,-0.0120
47836,-0.0120
47845,-0.0024
47858,0.0048
47867,-0.0167
47876,0.0215
47885,0.0215
47897,-0.0215
47909,-0.0072
47922,0.0000
47935,-0.0215
47946,0.0000
47958,-0.0191
47970,0.0024
47982,-0.0072
47993,-0.0144
48003,-0.0144
48012,-0.0144
48024,0.0000
48034,0.0311
48044,0.0120
48059,0.0072
48074,-0.0072
48085,0.0215
48098,-0.0048
48109,0.0191
48121,-0.0096
48135,0.0359
48150,0.0191
48162,0.0311
48172,0.0167
48182,0.0167
48192,0.0096
48202,-0.0144
48215,0.0096
48226,0.0263
48236,0.0024
48250,0.0000
48260,0.0000
48272,0.0239
48285,0.0024
48297,0.0144
48307,-0.0215
48319,-0.0215
48328,-0.0048
48343,0.0048
48354,0.0191
48364,0.0287
48375,0.0287
48389,0.0120
48403,0.0239
48414,0.0239
48424,0.0167
48436,-0.0144
48446,-0.0096
48457,0.0096
48466,0.0096
48477,0.0000
48486,-0.0048
48499,-0.0191
48509,0.0215
48519,-0.0144
48529,-0.0144
48540,0.0215
48552,-0.0024
48564,-0.0120
48575,0.0263
48586,-0.0144
48599,0.0263
48609,0.0000
48619,0.0000
48629,0.0096
48639,0.0072
48649,0.0000
48659,0.0000
48671,-0.0048
48685,0.0048
48696,0.0311
48707,0.0024
48718,0.0311
48728,-0.0120
48738,0.0000
48747,0.0000
48761,-0.0024
48773,-0.0239
48785,0.0096
48798,0.0072
48809,-0.0024
48818,0.0120
48829,0.0383
48838,0.0383
48847,-0.0167
48857,-0.0096
48869,-0.0215
48882,0.0048
48892,0.0096
48904,0.0024
48916,0.0024
48927,0.0096
48936,0.0120
48944,0.0120
48954,0.0120
48964,0.0000
48973,0.0048
48982,-0.0215
48991,-0.0215
49001,0.0335
49014,-0.0048
49025,0.0335
49035,-0.0239
49047,0.0072
49057,0.0072
49066,-0.0072
49078,-0.0239
49088,0.0024
49099,-0.0096
49113,0.0000
49123,0.0096
49137,-0.0335
49148,-0.0335
49158,-0.0096
49169,-0.0072
49183,-0.0287
49193,-0.0072
49203,0.0000
49214,-0.0479
49226,-0.0479
49238,-0.0431
49250,-0.0072
49263,0.0048
49273,-0.0191
49285,0.0024
49296,0.0048
49306,-0.0072
49316,-0.0096
49327,-0.0096
49338,-0.0144
49347,-0.0144
49358,0.0096
49368,-0.0024
49392,-0.0048
49404,-0.0072
49414,-0.0096
49425,0.0144
49436,-0.0024
49447,-0.0072
49458,-0.0359
49469,-0.0359
49482,-0.0072
49492,-0.0120
49505,0.0048
49515,0.0048
49525,-0.0120
49536,0.0024
49547,0.0024
49558,0.0000
49569,0.0024
49578,-0.0120
49590,0.0048
49600,0.0144
49610,0.0144
49622,-0.0239
49632,0.0024
49642,-0.0072
49654,-0.0311
49663,-0.0311
49673,0.0335
49684,0.0215
49698,0.0144
49707,-0.0239
49716,-0.0191
49726,-0.0191
49736,0.0024
49746,-0.0096
49757,0.0167
49767,0.0048
49777,0.0048
49789,0.0311
49801,-0.0167
49811,0.0072
49821,0.0144
49830,0.0144
49842,0.0024
49851,0.0263
49861,-0.0072
49870,0.0455
49879,0.0455
49889,-0.0144
49901,0.0144
49911,0.0072
49921,0.0048
49934,0.0048
49944,0.0048
49956,-0.0167
49966,0.0096
49976,0.0167
49988,0.0191
49998,0.0191
50030,0.0191
50040,0.0072
50056,-0.0096
50066,0.0072
50077,0.0263
50087,0.0263
50098,-0.0096
50109,0.0024
50121,0.0144
50132,0.0120
50144,0.0120
50154,0.0144
50165,0.0144
50179,-0.0215
50191,-0.0215
50201,0.0239
50211,0.0096
50222,0.0144
50237,0.0072
50247,0.0311
50257,0.0120
50268,0.0120
50277,-0.0144
50288,-0.0120
50304,-0.0167
50315,-0.0024
50327,0.0191
50337,-0.0072
50348,-0.0215
50357,-0.0215
50369,0.0024
50384,0.0048
50400,0.0048
50418,-0.0144
50430,-0.0096
50440,0.0120
50454,0.0191
50464,0.0000
50474,0.0000
50485,0.0000
50499,0.0024
50509,-0.0072
50520,0.0072
50530,-0.0144
50542,0.0096
50553,-0.0096
50567,-0.0335
50578,-0.0191
50590,-0.0191
50601,-0.0311
50612,0.0024
50622,-0.0167
50632,0.0335
50644,-0.0120
50653,-0.0120
50665,-0.0215
50676,0.0048
50688,0.0311
50702,-0.0144
50711,-0.0311
50722,0.0191
50731,0.0191
50740,0.0048
50749,-0.0024
50758,0.0024
50770,0.0048
50781,0.0048
50793,-0.0048
50806,-0.0144
50817,-0.0120
50826,0.0048
50834,-0.0120
50844,-0.0120
50854,-0.0502
50863,-0.0287
50877,0.0048
50887,-0.0622
50898,-0.0622
50908,-0.0120
50918,0.0048
50927,-0.0120
50935,-0.0120
50944,-0.0096
50953,-0.0191
50962,-0.0191
50973,-0.0048
50984,-0.0072
50996,-0.0120
51006,-0.0311
51017,-0.0096
51027,-0.0096
51036,-0.0144
51046,0.0263
51058,0.0215
51068,-0.0239
51081,0.0287
51092,0.0287
51107,0.0096
51119,0.0024
51132,0.0072
51142,0.0072
51153,0.0072
51164,0.0072
51175,0.0024
51186,0.0239
51207,-0.0144
51228,-0.0096
51240,0.0048
51253,0.0144
51268,0.0191
51279,-0.0167
51289,-0.0096
51301,-0.0335
51316,0.0191
51331,-0.0167
51343,0.0239
51353,0.0024
51366,-0.0120
51375,-0.0120
51385,-0.0072
51396,-0.0191
51408,0.0144
51419,0.0167
51433,0.0191
51442,0.0120
51452,0.0120
51462,0.0120
51472,0.0072
51482,0.0120
51495,-0.0072
51505,0.0335
51514,0.0335
51524,0.0072
51536,-0.0144
51549,0.0335
51572,0.0072
51583,-0.0048
51594,0.0287
51603,0.0287
51613,0.0287
51624,0.0072
51634,0.0144
51646,0.0096
51654,0.0096
51670,-0.0072
51684,0.0144
51698,-0.0048
51709,-0.0048
51718,-0.0048
51727,0.0120
51736,0.0024
51745,0.0024
51753,-0.0263
51766,0.0096
51777,-0.0144
51791,0.0263
51803,0.0215
51814,0.0239
51824,0.0239
51833,-0.0024
51841,0.0407
51851,0.0407
51860,-0.0024
51869,0.0144
51880,0.0120
51889,0.0120
51900,-0.0263
51914,0.0215
51923,0.0144
51931,0.0120
51944,-0.0383
51953,-0.0383
51962,0.0096
51972,0.0167
52023,0.0072
52033,-0.0167
52043,-0.0167
52052,0.0048
52062,0.0144
52072,0.0263
52084,0.0000
52094,0.0000
52103,0.0191
52117,0.0167
52127,-0.0215
52136,-0.0144
52147,-0.0144
52157,-0.0048
52170,-0.0287
52180,0.0048
52191,-0.0359
52206,-0.0144
52216,-0.0191
52228,-0.0120
52239,-0.0024
52249,-0.0024
52259,0.0024
52269,-0.0048
52280,0.0072
52293,-0.0263
52308,0.0000
52322,-0.0024
52334,-0.0479
52346,0.0096
52357,0.0263
52367,0.0215
52378,0.0215
52392,0.0167
52406,0.0072
52417,0.0072
52432,0.0239
52443,0.0239
52454,-0.0359
52465,-0.0096
52483,-0.0072
52493,-0.0072
52502,-0.0407
52512,-0.0167
52525,0.0144
52535,-0.0167
52546,-0.0072
52560,-0.0167
52570,-0.0167
52581,-0.0072
52592,0.0000
52615,0.0120
52628,-0.0024
52638,-0.0215
52650,0.0120
52662,0.0000
52671,0.0000
52681,0.0072
52690,0.0072
52699,0.0072
52710,-0.0311
52721,0.0024
52730,-0.0024
52740,0.0024
52750,0.0024
52760,-0.0096
52770,-0.0120
52780,0.0072
52790,0.0072
52801,0.0263
52812,-0.0096
52823,0.0191
52833,0.0072
52845,-0.0024
52857,0.0072
52867,0.0072
52876,-0.0072
52886,0.0215
52896,-0.0072
52905,-0.0072
52914,-0.0263
52924,-0.0167
52932,-0.0167
52941,0.0359
52951,-0.0167
52966,0.0048
52976,0.0311
52988,0.0048
52997,0.0048
53006,0.0048
53017,-0.0120
53027,-0.0048
53036,0.0311
53047,0.0311
53057,-0.0144
53069,-0.0120
53079,0.0120
53089,0.0072
53101,0.0311
53111,0.0311
53122,0.0048
53133,-0.0215
53143,0.0120
53155,0.0215
53166,0.0048
53178,0.0048
53192,0.0072
53203,0.0191
53213,0.0191
53226,-0.0048
53239,0.0191
53249,-0.0048
53259,0.0144
53269,-0.0120
53280,-0.0120
53290,0.0144
53301,0.0000
53314,0.0024
53327,-0.0048
53337,0.0072
53349,0.0000
53360,0.0215
53371,-0.0096
53384,0.0167
53398,-0.0287
53411,-0.0144
53422,-0.0239
53434,0.0000
53444,0.0000
53454,0.0024
53464,0.0120
53477,-0.0215
53487,-0.0048
53500,-0.0048
53512,-0.0383
53526,0.0287
53537,0.0287
53546,0.0048
53558,-0.0215
53568,-0.0048
53581,-0.0120
53594,0.0024
53606,0.0311
53617,-0.0120
53627,-0.0120
53637,-0.0455
53651,0.0096
53661,0.0072
53671,0.0024
53681,-0.0167
53691,-0.0167
53701,-0.0287
53714,0.0287
53724,-0.0215
53739,-0.0311
53752,-0.0191
53763,-0.0024
53774,-0.0120
53788,-0.0096
53798,-0.0096
53811,-0.0024
53823,0.0215
53835,-0.0335
53845,-0.0335
53857,-0.0335
53867,-0.0120
53878,-0.0167
53888,-0.0144
53898,-0.0072
53911,0.0144
53920,0.0144
53936,-0.0144
53948,-0.0263
53961,-0.0024
53975,0.0024
53988,-0.0048
54000,-0.0048
54010,-0.0263
54022,-0.0239
54046,-0.0359
54062,0.0167
54073,-0.0120
54084,-0.0096
54094,-0.0191
54107,0.0120
54118,-0.0191
54130,-0.0191
54141,0.0000
54153,-0.0024
54163,-0.0191
54177,0.0000
54189,0.0120
54199,0.0048
54212,-0.0120
54222,0.0000
54232,0.0000
54244,0.0167
54254,-0.0072
54266,0.0096
54279,0.0120
54289,0.0048
54299,0.0024
54314,-0.0072
54325,0.0120
54335,0.0120
54345,-0.0024
54355,-0.0120
54366,0.0096
54378,0.0000
54389,0.0215
54398,0.0215
54410,0.0191
54428,-0.0215
54437,-0.0215
54448,0.0191
54460,-0.0024
54470,0.0167
54482,-0.0048
54494,0.0263
54521,-0.0024
54532,-0.0048
54544,0.0287
54555,0.0120
54566,0.0120
54577,0.0167
54588,-0.0096
54604,0.0144
54617,-0.0072
54630,0.0167
54641,0.0048
54650,0.0167
54662,0.0263
54671,0.0000
54680,0.0000
54689,0.0239
54700,0.0096
54712,0.0144
54724,0.0167
54736,-0.0096
54747,0.0455
54760,0.0455
54771,0.0048
54782,0.0144
54792,-0.0191
54804,0.0096
54817,0.0120
54830,0.0120
54841,0.0167
54852,0.0215
54863,0.0120
54875,0.0120
54885,-0.0048
54895,0.0263
54909,0.0120
54924,0.0479
54936,0.0144
54951,0.0072
54961,0.0096
54977,-0.0598
54988,0.0072
54999,0.0096
55008,0.0287
55019,0.0096
55032,-0.0263
55043,-0.0263
55055,0.0263
55065,0.0311
55076,-0.0120
55086,0.0167
55099,-0.0072
55109,0.0215
55121,0.0072
55131,0.0072
55143,0.0167
55153,-0.0191
55167,-0.0072
55178,-0.0024
55188,-0.0191
55203,-0.0024
55223,0.0120
55232,-0.0359
55242,-0.0072
55254,0.0287
55265,-0.0048
55277,-0.0167
55287,-0.0167
55298,-0.0239
55310,-0.0072
55322,0.0024
55332,0.0167
55342,0.0024
55352,-0.0167
55363,-0.0167
55373,0.0000
55383,-0.0072
55396,-0.0120
55408,0.0120
55418,-0.0048
55430,-0.0096
55440,-0.0096
55451,0.0000
55461,-0.0024
55471,0.0167
55481,-0.0239
55492,-0.0239
55503,0.0048
55516,0.0072
55529,-0.0479
55539,-0.0335
55549,0.0096
55559,-0.0167
55571,-0.0167
55581,-0.0167
55592,0.0072
55602,-0.0048
55613,0.0048
55625,-0.0335
55635,-0.0096
55649,-0.0120
55659,-0.0120
55670,0.0048
55679,-0.0215
55688,-0.0215
55697,-0.0215
55708,0.0096
55719,-0.0191
55730,0.0096
55741,0.0024
55751,-0.0167
55762,-0.0167
55771,0.0096
55780,0.0167
55790,-0.0096
55800,-0.0096
55811,0.0024
55822,0.0048
55832,0.0048
55845,-0.0144
55855,-0.0096
55865,-0.0096
55875,-0.0479
55888,-0.0215
55897,0.0191
55907,-0.0167
55916,-0.0167
55929,-0.0263
55940,0.0024
55949,0.0191
55959,0.0263
55968,0.0263
55977,0.0144
55988,-0.0120
56000,0.0144
56012,0.0335
56022,0.0096
56033,0.0096
56044,0.0024
56054,0.0239
56066,-0.0024
56076,0.0000
56086,0.0000
56095,0.0120
56104,0.0191
56114,-0.0239
56127,0.0431
56137,-0.0191
56152,-0.0167
56162,-0.0167
56176,0.0000
56186,0.0000
56195,0.0072
56207,0.0455
56217,-0.0120
56227,0.0191
56238,0.0191
56249,0.0120
56261,-0.0239
56272,0.0096
56282,0.0263
56292,0.0096
56302,0.0096
56364,0.0167
56379,0.0000
56390,0.0239
56400,0.0167
56410,-0.0048
56420,-0.0048
56431,-0.0048
56440,-0.0048
56450,-0.0024
56461,0.0048
56470,0.0048
56481,0.0048
56490,-0.0096
56501,0.0167
56512,0.0144
56523,0.0144
56533,0.0000
56545,-0.0144
56555,0.0526
56569,0.0311
56580,0.0072
56593,0.0144
56603,0.0215
56614,0.0215
56624,-0.0024
56634,0.0048
56642,0.0024
56653,0.0550
56664,0.0550
56676,0.0263
56685,0.0287
56700,-0.0167
56712,0.0311
56722,0.0120
56733,0.0072
56744,0.0144
56758,0.0144
56771,0.0287
56788,0.0000
56802,-0.0335
56896,0.0048
56906,0.0191
56919,-0.0024
56934,-0.0096
56943,-0.0024
56955,0.0144
56967,0.0072
56978,0.0191
56988,0.0191
56999,0.0191
57012,-0.0120
57025,0.0287
57034,-0.0191
57047,-0.0215
57056,0.0167
57067,-0.0048
57077,0.0167
57085,0.0167
57098,0.0144
57109,0.0096
57118,0.0383
57128,-0.0263
57143,0.0191
57153,0.0191
57165,0.0024
57175,0.0000
57185,0.0000
57195,-0.0287
57205,-0.0287
57215,-0.0120
57226,0.0048
57240,-0.0215
57249,-0.0024
57260,-0.0215
57273,0.0287
57283,0.0263
57294,0.0263
57307,-0.0359
57324,0.0024
57334,0.0024
57344,0.0072
57359,0.0048
57372,0.0072
57384,-0.0024
57394,-0.0431
57405,0.0000
57414,0.0000
57424,0.0000
57434,-0.0024
57449,-0.0072
57461,-0.0024
57474,-0.0144
57487,-0.0072
57497,0.0072
57507,-0.0144
57521,-0.0024
57532,-0.0215
57543,0.0096
57553,-0.0144
57564,-0.0144
57577,-0.0287
57589,-0.0072
57601,-0.0096
57611,-0.0120
57621,-0.0359
57632,-0.0144
57645,0.0072
57656,0.0072
57667,0.0048
57677,-0.0335
57686,0.0144
57699,-0.0024
57708,-0.0144
57719,-0.0144
57729,-0.0287
57737,-0.0120
57746,-0.0120
57755,0.0239
57763,0.0024
57774,0.0024
57784,0.0024
57797,-0.0215
57814,-0.0215
57824,0.0191
57832,0.0191
57841,-0.0120
57850,0.0144
57860,0.0144
57869,0.0072
57881,0.0144
57892,0.0263
57902,-0.0048
57911,-0.0048
57920,-0.0072
57929,0.0191
57940,0.0096
57950,0.0096
57959,0.0048
57969,0.0096
57978,0.0072
57986,0.0072
57995,0.0000
58006,0.0144
58018,0.0144
58028,0.0144
58039,-0.0120
58050,-0.0024
58060,0.0120
58071,0.0407
58082,0.0000
58093,0.0000
58107,0.0024
58118,0.0024
58135,0.0000
58146,0.0263
58158,0.0263
58170,0.0096
58182,0.0383
58196,-0.0167
58208,0.0072
58220,-0.0024
58231,0.0024
58243,-0.0191
58253,0.0215
58264,-0.0048
58275,-0.0096
58285,-0.0096
58297,0.0096
58307,0.0144
58319,0.0120
58331,0.0000
58342,0.0191
58355,-0.0287
58366,-0.0191
58376,-0.0191
58386,0.0072
58396,-0.0096
58406,0.0215
58416,0.0000
58426,0.0000
58441,-0.0167
58456,0.0096
58466,0.0096
58479,-0.0215
58489,-0.0120
58499,0.0120
58510,-0.0048
58521,-0.0048
58538,0.0072
58551,0.0144
58562,0.0072
58573,-0.0383
58583,-0.0072
58593,-0.0072
58605,0.0096
58616,-0.0263
58627,0.0311
58639,0.0072
58650,-0.0263
58663,-0.0120
58672,-0.0120
58681,0.0311
58691,0.0096
58700,0.0191
58708,0.0191
58719,-0.0167
58728,0.0120
58736,0.0120
58745,-0.0167
58754,-0.0120
58762,-0.0120
58781,0.0000
58790,-0.0191
58800,-0.0191
58808,0.0167
58821,-0.0263
58833,-0.0263
58844,0.0096
58855,-0.0191
58864,-0.0191
58878,-0.0024
58887,-0.0263
58897,0.0191
58906,-0.0072
58915,-0.0072
58925,-0.0072
58937,0.0144
58948,-0.0191
58956,-0.0263
58964,-0.0263
58974,-0.0191
58986,-0.0024
58996,-0.0024
59008,-0.0311
59017,-0.0311
59026,-0.0239
59037,-0.0359
59047,0.0072
59058,0.0072
59068,-0.0120
59081,-0.0263
59092,-0.0072
59116,-0.0502
59126,-0.0072
59136,-0.0072
59146,-0.0191
59156,0.0263
59165,-0.0311
59175,0.0120
59184,0.0120
59195,-0.0024
59207,-0.0048
59219,0.0191
59229,-0.0431
59240,0.0335
59252,-0.0096
59262,-0.0096
59273,0.0191
59284,0.0024
59296,-0.0072
59307,-0.0191
59318,0.0120
59329,0.0120
59339,0.0144
59350,0.0287
59360,0.0048
59370,-0.0215
59381,0.0359
59391,0.0359
59401,-0.0239
59413,-0.0239
59424,0.0120
59438,0.0191
59449,-0.0048
59463,0.0191
59473,0.0024
59484,0.0359
59494,0.0359
59504,0.0191
59516,-0.0287
59528,-0.0215
59541,-0.0144
59552,-0.0239
59565,0.0287
59576,-0.0120
59586,-0.0120
59597,-0.0383
59607,0.0431
59617,0.0096
59627,-0.0024
59637,-0.0024
59648,-0.0383
59660,0.0048
59670,-0.0096
59680,-0.0048
59690,0.0144
59700,0.0144
59712,0.0144
59722,0.0191
59731,0.0191
59742,-0.0072
59754,0.0048
59764,0.0048
59775,-0.0191
59787,-0.0024
59800,-0.0359
59810,-0.0024
59821,0.0167
59834,0.0000
59849,0.0120
59867,-0.0072
59877,-0.0239
59892,-0.0120
59904,0.0024
59920,0.0000
59933,0.0239
59944,0.0024
59955,-0.0072
59968,0.0359
59981,-0.0144
59995,-0.0048
60009,0.0167
60022,0.0072
60033,0.0215
60050,0.0287
60060,0.0000
60070,-0.0024
60080,-0.0024
60090,-0.0072
60104,0.0120
60115,-0.0048
60128,-0.0024
60142,-0.0167
60152,-0.0167
60164,-0.0096
60174,0.0167
60184,-0.0167
60195,-0.0048
60206,0.0048
60217,-0.0072
60230,0.0191
60243,-0.0239
60253,-0.0239
60268,0.0000
60278,0.0024
60290,-0.0191
60302,0.0311
60312,-0.0048
60325,-0.0024
60344,0.0263
60354,-0.0215
60366,0.0048
60376,-0.0120
60386,-0.0144
60396,-0.0144
60406,-0.0311
60419,0.0191
60429,0.0167
60440,0.0167
60452,0.0359
60464,0.0120
60478,0.0215
60487,0.0215
60497,-0.0024
60508,-0.0144
60517,0.0167
60529,0.0144
60539,-0.0072
60555,0.0096
60568,-0.0215
60579,0.0024
60591,0.0072
60601,0.0072
60612,0.0072
60622,-0.0407
60633,-0.0215
60643,-0.0167
60655,-0.0215
60667,-0.0215
60678,0.0048
60690,-0.0215
60700,0.0144
60712,0.0072
60724,-0.0120
60734,0.0000
60744,0.0000
60754,0.0311
60765,0.0072
60775,-0.0311
60787,0.0215
60796,0.0239
60807,0.0239
60819,-0.0167
60832,0.0072
60843,0.0072
60856,-0.0144
60866,-0.0215
60876,-0.0167
60886,-0.0359
60897,-0.0359
60911,0.0120
60922,-0.0120
60932,0.0144
60945,0.0407
60957,0.0359
60974,-0.0407
61027,0.0072
61042,0.0072
61062,0.0072
61111,0.0072
61122,0.0072
