13180,0.0000
13191,0.0000
13198,-0.3500
13208,0.1400
13215,0.1400
13224,0.0700
13233,-0.0700
13242,-0.0700
13252,-0.0700
13263,0.0000
13273,-0.3500
13285,0.1400
13292,0.1400
13302,-0.1400
13308,-0.1400
13318,0.2800
13328,-0.1400
13334,-0.1400
13340,0.0000
13350,-0.1400
13360,-0.1400
13371,-0.2100
13382,-0.0700
13393,-0.2800
13403,-0.2100
13409,-0.2100
13415,0.0700
13425,0.0700
13432,-0.2800
13439,-0.0700
13445,-0.0700
13455,0.0000
13465,-0.2800
13475,-0.2800
13486,-0.0700
13496,-0.2800
13506,-0.2100
13516,-0.3500
13526,-0.3500
13533,0.0700
13540,0.0700
13550,-0.1400
13560,0.2100
13566,0.2100
13576,0.0000
13586,-0.1400
13596,0.2800
13605,0.2800
13611,-0.2100
13621,-0.2800
13630,-0.2800
13640,0.0700
13646,-0.0700
13656,-0.0700
13666,0.1400
13676,-0.2100
13688,0.0700
13694,0.0700
13700,-0.1400
13706,-0.1400
13716,-0.1400
13722,-0.1400
13731,-0.1400
13739,0.2100
13750,0.1400
13761,0.1400
13771,0.2100
13783,-0.1400
13790,-0.2100
13802,-0.2100
13808,-0.2100
13819,-0.5600
13829,0.0700
13835,0.0700
13845,-0.2100
13855,-0.2800
13865,-0.2800
13875,-0.2800
13884,0.4200
13894,-0.3500
13901,-0.3500
13908,0.0000
13918,-0.1400
13924,-0.1400
13934,-0.3500
13940,-0.3500
13950,-0.0700
13962,-0.2100
13972,-0.3500
13978,-0.3500
13991,0.0700
13997,-0.1400
14007,-0.0700
14017,-0.0700
14028,0.1400
14034,0.0700
14044,0.1400
14050,0.1400
14060,0.0000
14070,-0.4200
14082,-0.4200
14088,-0.2800
14098,0.1400
14107,0.1400
14117,-0.2800
14127,0.0000
14136,-0.1400
14142,-0.1400
14152,0.2100
14158,0.2100
14164,-0.1400
14170,-0.1400
14181,0.1400
14191,-0.0700
14198,-0.1400
14206,-0.1400
14212,-0.1400
14222,0.1400
14231,-0.1400
14242,-0.1400
14252,0.2800
14262,0.2800
14274,0.2100
14283,-0.0700
14291,0.0700
14300,0.0700
14306,-0.2800
14316,0.2100
14323,0.2100
14333,-0.1400
14339,-0.1400
14349,-0.2100
14358,0.0000
14369,0.0000
14382,0.0000
14389,0.0000
14395,0.0700
14405,-0.2100
14411,-0.2100
14421,0.0000
14431,0.1400
14441,0.1400
14454,0.1400
14462,0.0700
14472,-0.1400
14478,-0.1400
14488,-0.2800
14494,-0.2800
14504,0.1400
14510,0.0700
14520,0.0700
14530,0.0700
14536,-0.1400
14543,-0.1400
14550,-0.2100
14556,-0.2100
14566,0.0000
14576,-0.0700
14586,-0.0700
14595,-0.0700
14601,0.0000
14607,0.0000
14617,-0.2800
14623,-0.2800
14633,0.0000
14639,0.0000
14645,0.0000
14653,-0.1400
14664,-0.4200
14674,-0.4200
14680,-0.0700
14690,0.2800
14696,0.2800
14706,-0.0700
14716,-0.4200
14726,-0.4200
14736,-0.1400
14742,0.0700
14748,0.0700
14754,-0.1400
14764,-0.1400
14774,-0.1400
14780,-0.4200
14792,-0.2100
14799,-0.2100
14805,0.0700
14811,0.0700
14821,0.1400
14831,0.0700
14841,0.0700
14851,0.2100
14861,-0.2100
14867,-0.2100
14874,-0.0700
14880,-0.0700
14890,-0.3500
14899,-0.2100
14910,0.1400
14920,-0.0700
14932,-0.0700
14942,0.0700
14952,0.0000
14962,0.0000
14972,-0.2100
14982,-0.2100
14990,-0.2100
14996,-0.2100
15007,-0.2800
15031,-0.2800
15037,0.2100
15047,0.2100
15060,-0.2800
15068,-0.3500
15077,-0.2100
15088,0.0000
15097,0.0000
15107,0.0000
15117,-0.2100
15128,-0.4200
15134,-0.4200
15143,-0.0700
15152,-0.0700
15159,0.0000
15168,-0.0700
15176,-0.0700
15185,0.2100
15195,-0.2800
15202,-0.2800
15209,0.0700
15215,0.0700
15227,0.1400
15234,0.2100
15243,-0.1400
15252,-0.1400
15261,0.2100
15272,0.1400
15282,0.0000
15288,0.0000
15296,0.0700
15302,0.0700
15309,-0.1400
15316,-0.1400
15326,-0.2800
15336,-0.1400
15342,-0.1400
15348,-0.1400
15358,-0.0700
15364,-0.0700
15374,0.0000
15387,0.2100
15397,-0.1400
15403,-0.1400
15411,-0.0700
15421,-0.0700
15433,0.0000
15439,-0.2100
15448,0.0000
15454,0.0000
15460,0.0000
15470,0.2800
15480,0.2800
15490,0.0700
15500,-0.0700
15512,-0.0700
15518,0.0700
15528,0.1400
15538,0.1400
15548,0.0000
15557,-0.0700
15568,0.0700
15579,0.1400
15591,-0.0700
15599,-0.0700
15609,-0.0700
15621,0.1400
15628,0.1400
15635,-0.1400
15642,-0.1400
15652,-0.1400
15661,-0.2100
15670,0.0000
15680,0.0000
15689,0.2800
15698,0.2100
15707,-0.2100
15715,-0.2100
15725,0.0700
15735,0.1400
15744,0.1400
15752,0.0700
15761,-0.2100
15770,-0.2100
15778,0.2100
15789,-0.2100
15796,0.2100
15808,0.2100
15817,0.1400
15825,-0.0700
15835,-0.2800
15843,-0.2800
15853,0.1400
15860,0.1400
15866,0.0000
15874,-0.0700
15883,-0.0700
15892,0.1400
15901,-0.0700
15910,-0.0700
15918,-0.3500
15927,0.0000
15937,0.0000
15946,0.2100
15956,-0.2100
15965,0.0000
15973,0.0000
15981,-0.1400
15990,0.0700
16000,0.0700
16006,0.0000
16013,0.0000
16020,-0.2100
16029,0.1400
16039,0.1400
16048,-0.2800
16057,0.0700
16064,0.0700
16071,0.0000
16081,-0.0700
16091,-0.0700
16101,0.0000
16111,-0.1400
16121,0.1400
16133,0.2800
16143,0.2800
16149,0.0700
16159,-0.1400
16169,-0.1400
16179,-0.1400
16185,-0.1400
16191,-0.1400
16197,-0.0700
16208,-0.0700
16218,-0.0700
16224,0.0000
16232,0.0000
16240,-0.2100
16246,-0.2100
16256,0.0000
16266,-0.4900
16276,-0.2100
16286,-0.4200
16292,-0.4200
16302,-0.0700
16312,0.2100
16322,0.2100
16332,-0.0700
16340,0.0000
16350,0.0000
16360,0.0000
16370,-0.0700
16376,-0.0700
16386,-0.0700
16396,-0.2800
16408,0.0000
16418,0.0000
16425,0.0000
16432,0.1400
16438,0.1400
16444,-0.2100
16454,-0.0700
16464,-0.0700
16474,0.2800
16484,0.1400
16495,0.0700
16505,0.0700
16515,-0.0700
16525,-0.1400
16536,0.0000
16543,0.0000
16549,0.1400
16559,0.2800
16569,0.2800
16578,0.2800
16588,-0.3500
16595,-0.4200
16603,-0.4200
16613,0.0000
16623,-0.2800
16629,-0.2800
16635,0.1400
16642,0.1400
16651,-0.1400
16660,0.0000
16669,0.0000
16678,0.0700
16684,0.0700
16695,-0.0700
16701,0.3500
16712,-0.1400
16721,-0.1400
16730,-0.0700
16736,-0.0700
16745,-0.0700
16755,0.2800
16764,0.0000
16775,0.0000
16782,0.0000
16792,0.0000
16802,0.0000
16813,0.0000
16823,-0.1400
16837,0.0000
16845,-0.2800
16855,-0.1400
16865,-0.1400
16874,-0.1400
16884,-0.0700
16894,-0.2800
16900,-0.2800
16910,-0.1400
16922,0.0000
16929,-0.0700
16938,-0.0700
16947,0.0000
16956,0.2800
16966,0.2800
16974,-0.2100
16985,-0.3500
16991,-0.3500
16999,0.0700
17010,-0.0700
17019,-0.0700
17026,0.0700
17032,0.0700
17041,-0.2800
17050,0.0000
17060,0.0000
17070,0.0000
17080,-0.2800
17089,0.1400
17099,0.1400
17105,0.1400
17112,-0.1400
17122,-0.1400
17132,0.0700
17141,-0.0700
17151,0.0700
17161,0.0700
17171,0.0700
17180,0.0700
17190,0.0000
17206,0.2100
17216,0.0000
17228,0.2100
17235,0.2100
17245,0.1400
17255,0.3500
17267,0.0700
17274,0.0700
17284,0.0000
17290,0.0000
17299,-0.1400
17310,-0.1400
17320,-0.2100
17330,0.2100
17340,0.2100
17348,-0.2100
17355,0.2800
17365,0.2800
17375,0.0700
17385,0.1400
17395,0.2100
17402,0.2100
17410,0.0000
17416,0.0000
17428,-0.2800
17434,0.0700
17445,0.0700
17455,-0.0700
17465,0.2100
17475,0.2100
17486,-0.1400
17493,-0.1400
17503,0.0700
17513,0.0000
17523,-0.4200
17533,-0.4200
17543,0.0000
17549,-0.3500
17559,-0.3500
17569,0.2800
17580,-0.2100
17590,-0.2100
17600,0.0000
17610,0.0000
17620,-0.0700
17630,0.2100
17640,-0.0700
17647,-0.0700
17653,-0.2100
17662,-0.2100
17671,-0.1400
17680,-0.2800
17689,0.2800
17697,0.2800
17707,-0.1400
17715,-0.1400
17723,-0.1400
17730,-0.1400
17738,-0.1400
17747,0.1400
17756,0.1400
17765,0.1400
17776,0.1400
17782,0.2100
17791,0.2100
17800,-0.1400
17809,-0.4200
17818,-0.2100
17829,-0.2100
17835,0.0700
17841,0.0700
17848,0.0700
17857,0.0000
17868,0.0000
17876,-0.1400
17885,0.2100
17894,0.2100
17902,0.1400
17910,-0.1400
17921,-0.1400
17927,-0.1400
17936,-0.0700
17946,-0.0700
17954,-0.2100
17962,0.2800
17972,0.2800
17982,0.0700
17990,0.1400
18001,-0.0700
18010,-0.0700
18018,0.2100
18026,0.0700
18036,0.0700
18047,-0.2100
18057,-0.0700
18067,-0.2100
18077,0.0000
18087,0.0000
18097,0.1400
18107,0.1400
18117,0.0700
18123,0.0700
18134,-0.2100
18141,-0.2100
18151,-0.2100
18157,0.1400
18167,-0.2100
18177,-0.2100
18187,-0.1400
18197,-0.4900
18207,0.0000
18214,0.0000
18221,-0.2100
18232,-0.2800
18242,-0.2800
18248,-0.1400
18258,-0.0700
18265,-0.0700
18272,-0.2100
18278,-0.2100
18288,-0.2100
18294,-0.2100
18304,-0.0700
18314,0.0700
18325,-0.4200
18335,-0.1400
18345,-0.1400
18355,0.0000
18366,0.2100
18372,0.2100
18382,0.1400
18392,0.0700
18403,-0.3500
18411,-0.3500
18421,0.0700
18432,-0.0700
18438,-0.2100
18448,-0.2100
18454,-0.0700
18467,-0.1400
18477,-0.2100
18487,-0.2100
18496,-0.2100
18506,0.0700
18517,-0.1400
18526,0.0000
18537,0.0000
18547,-0.3500
18558,-0.1400
18565,-0.1400
18575,0.1400
18584,-0.1400
18595,-0.1400
18605,0.0000
18615,0.0000
18625,-0.2100
18668,0.0700
18675,0.0700
18681,0.2100
18689,0.2100
18699,-0.0700
18705,-0.0700
18715,0.0000
18721,0.2100
18731,0.2100
18741,-0.3500
18747,0.0700
18757,0.0700
18767,0.0000
18777,-0.2100
18788,0.1400
18796,0.1400
18805,0.0700
18815,0.0000
18825,0.0000
18835,0.0000
18845,-0.2100
18852,0.3500
18859,0.3500
18870,-0.0700
18880,-0.2800
18890,0.0000
18896,0.0000
18908,0.2100
18914,-0.1400
18924,-0.1400
18934,0.0700
18944,0.2800
18954,-0.0700
18964,-0.1400
18977,-0.1400
18984,-0.1400
18990,0.1400
18996,0.1400
19006,0.0700
19016,0.0000
19023,0.0000
19033,0.0700
19039,0.0700
19051,-0.1400
19058,0.0700
19068,-0.0700
19081,0.0000
19093,0.0000
19101,0.0700
19111,-0.4900
19121,0.0700
19131,0.0700
19141,0.0700
19151,0.4200
19157,0.4200
19167,0.0700
19173,-0.0700
19180,-0.0700
19186,-0.2100
19196,-0.0700
19206,-0.0700
19216,-0.0700
19228,0.0000
19235,0.0000
19246,0.0000
19270,-0.2100
19279,-0.2800
19292,0.1400
19302,0.0700
19312,0.0700
19322,-0.1400
19332,0.0700
19338,-0.1400
19348,-0.1400
19357,0.2100
19367,0.0700
19378,-0.2100
19390,-0.1400
19400,-0.1400
19406,-0.2800
19416,-0.3500
19426,-0.3500
19437,-0.4900
19445,-0.2100
19456,-0.1400
19464,-0.1400
19470,-0.1400
19480,0.0000
19490,0.0000
19500,0.0700
19507,0.0000
19514,0.0000
19520,0.0000
19530,0.0000
19540,-0.0700
19550,0.1400
19560,0.0000
19568,0.0000
19578,0.1400
19587,-0.2100
19597,-0.1400
19608,-0.0700
19618,-0.0700
19628,0.0700
19639,0.0000
19649,-0.2800
19658,-0.2800
19667,-0.2800
19678,-0.3500
19685,-0.3500
19694,-0.1400
19704,-0.2100
19713,-0.3500
19721,-0.3500
19730,0.0000
19739,-0.0700
19747,-0.0700
19756,-0.0700
19767,-0.0700
19776,-0.0700
19786,-0.0700
19794,0.0000
19803,-0.0700
19812,-0.0700
19820,0.0000
19829,0.1400
19838,0.1400
19844,-0.0700
19850,-0.0700
19858,-0.2100
19870,-0.1400
19876,-0.1400
19885,-0.1400
19894,0.1400
19903,0.1400
19912,-0.0700
19920,0.1400
19928,0.1400
19937,0.2800
19946,-0.0700
19958,-0.2100
19964,-0.2100
19972,-0.0700
19981,-0.0700
19990,-0.2100
19998,0.1400
20007,0.1400
20016,0.0000
20024,0.0000
20033,-0.0700
20039,-0.0700
20045,-0.0700
20055,0.0700
20061,0.1400
20073,-0.1400
20083,-0.1400
20089,0.0700
20099,-0.0700
20106,-0.0700
20112,-0.0700
20118,-0.0700
20128,0.0000
20138,-0.0700
20148,-0.0700
20159,-0.0700
20172,-0.2100
20179,-0.0700
20188,-0.2100
20198,-0.2100
20205,-0.1400
20212,-0.1400
20218,-0.0700
20228,0.0000
20239,0.2100
20246,0.2100
20256,0.1400
20266,-0.2800
20273,-0.2800
20289,0.1400
20299,0.1400
20305,0.2100
20311,0.2100
20317,-0.1400
20327,-0.1400
20337,-0.1400
20343,0.0700
20351,0.0700
20359,0.2800
20369,0.0000
20379,0.0000
20385,-0.3500
20395,-0.0700
20401,-0.0700
20407,0.0700
20413,0.0700
20423,-0.0700
20429,-0.0700
20439,-0.0700
20449,0.0000
20459,0.0700
20469,0.0700
20477,0.0700
20484,0.0000
20494,0.0000
20500,0.0700
20510,0.0000
20516,0.0000
20526,0.0000
20532,0.0000
20540,0.0000
20547,0.0000
20558,-0.0700
20568,0.2800
20578,-0.2800
20587,-0.2800
20628,0.0700
20638,0.0700
20648,-0.2100
20656,0.1400
20662,0.1400
20675,0.1400
20685,0.0000
20691,0.2800
20741,-0.2800
20751,-0.2100
20758,-0.2800
20770,0.0000
20776,0.0000
20786,-0.2100
20796,-0.0700
20806,0.0700
20818,0.0700
20826,-0.2100
20836,0.1400
20847,-0.0700
20857,-0.0700
20867,0.0000
20877,0.0700
20885,0.0700
20895,0.0700
20901,0.1400
20911,0.0700
20921,0.0700
20932,-0.0700
20942,0.0000
20952,0.2100
20962,-0.0700
20971,-0.0700
20983,-0.1400
20990,0.1400
21000,0.0700
21010,0.0700
21020,-0.0700
21030,0.0000
21036,0.0000
21048,0.0000
21054,0.1400
21064,0.0700
21075,0.0700
21081,0.2800
21089,0.2800
21096,0.0700
21106,0.0000
21116,0.0700
21126,0.0700
21136,-0.0700
21142,-0.2800
21154,0.1400
21161,0.1400
21170,-0.1400
21176,-0.1400
21186,-0.4200
21196,0.2100
21206,0.0000
21216,0.0000
21222,-0.1400
21232,0.3500
21242,0.3500
21248,0.1400
21254,0.1400
21260,0.0000
21272,0.0700
21282,0.0700
21295,-0.2800
21301,-0.2800
21307,-0.2800
21313,0.1400
21319,0.1400
21329,-0.2100
21335,0.0000
21345,0.0000
21355,0.0700
21363,0.1400
21371,0.1400
21382,0.1400
21389,-0.2100
21396,-0.2100
21405,-0.2100
21411,0.0000
21423,0.0000
21431,0.0000
21441,-0.2100
21453,-0.2100
21460,-0.2100
21470,-0.1400
21476,-0.2100
21488,0.1400
21494,0.1400
21505,0.0700
21512,0.0700
21522,0.0700
21533,0.2800
21539,0.2800
21549,0.2800
21559,0.1400
21569,0.1400
21579,0.2100
21590,0.2100
21597,-0.1400
21607,-0.1400
21617,-0.1400
21623,-0.1400
21629,-0.1400
21639,0.0000
21648,0.1400
21656,-0.1400
21667,-0.1400
21677,-0.0700
21686,0.1400
21695,0.0700
21702,0.0700
21708,-0.0700
21716,-0.0700
21726,-0.1400
21734,-0.2100
21743,-0.2100
21752,0.3500
21760,0.1400
21769,0.1400
21778,0.0000
21789,-0.2100
21796,-0.2100
21805,0.0000
21815,0.0700
21824,-0.2800
21834,-0.2800
21842,0.0000
21849,-0.4200
21857,-0.4200
21863,0.2100
21872,0.2100
21879,0.2100
21885,0.2100
21892,0.0000
21898,0.0000
21908,0.0000
21916,-0.1400
21926,-0.0700
21936,-0.0700
21945,-0.2800
21955,-0.1400
21963,-0.1400
21972,-0.4200
21981,0.0700
21991,0.2100
22000,0.2100
22010,-0.3500
22018,0.1400
22029,-0.2100
22038,-0.2100
22047,0.0700
22053,0.0700
22059,0.1400
22065,0.1400
22075,0.1400
22085,-0.2800
22091,-0.2800
22101,-0.2100
22111,0.0700
22117,0.0700
22125,0.0000
22135,0.1400
22145,0.0000
22155,0.0000
22161,0.1400
22171,0.1400
22181,0.1400
22187,-0.1400
22197,0.0000
22207,0.0000
22218,-0.1400
22224,-0.1400
22236,-0.0700
22242,-0.0700
22250,0.1400
22256,0.1400
22263,0.0700
22270,0.0700
22280,0.0700
22286,0.0700
22296,-0.0700
22302,-0.2100
22308,-0.2100
22314,-0.4200
22320,-0.4200
22328,-0.3500
22336,-0.3500
22346,0.1400
22356,0.2100
22362,0.2100
22372,-0.0700
22378,-0.3500
22388,-0.3500
22400,-0.0700
22410,0.1400
22422,-0.2100
22429,0.2100
22439,0.2100
22450,0.0000
22458,-0.2800
22464,-0.2800
22474,-0.1400
22486,-0.0700
22496,0.0000
22507,0.0700
22514,0.0700
22521,-0.1400
22527,-0.1400
22533,-0.2800
22539,-0.2800
22549,0.1400
22559,-0.2100
22569,-0.2100
22575,0.0700
22585,0.2800
22595,0.2800
22601,0.1400
22608,0.1400
22615,0.0000
22625,0.0700
22635,0.0700
22644,0.0700
22653,0.0000
22663,-0.1400
22672,-0.1400
22680,0.1400
22690,-0.2800
22700,0.0000
22707,0.0000
22718,0.0700
22724,-0.0700
22733,-0.0700
22742,-0.0700
22751,0.0700
22760,0.0700
22769,-0.0700
22778,0.2100
22786,0.2100
22795,-0.0700
22806,-0.2100
22813,-0.2100
22822,0.1400
22831,-0.0700
22840,0.0700
22848,0.0700
22859,0.0700
22868,0.2100
22876,0.2100
22887,0.0000
22896,-0.4900
22906,-0.1400
22913,-0.1400
22919,0.0700
22929,0.0700
22937,0.0700
22947,0.0000
22956,0.0000
22963,-0.0700
22969,-0.0700
22978,0.2100
22986,0.1400
22996,-0.1400
23004,-0.1400
23014,0.0000
23022,-0.1400
23032,-0.1400
23038,-0.1400
23048,-0.0700
23054,-0.0700
23064,0.0700
23074,0.2800
23084,0.2800
23094,0.0700
23104,-0.2100
23115,0.0000
23122,0.0000
23128,0.1400
23140,-0.4200
23147,-0.4200
23153,-0.2100
23163,0.0700
23173,0.0700
23183,0.0700
23193,-0.4900
23203,-0.1400
23213,-0.1400
23221,0.1400
23227,0.0700
23237,0.0700
23243,0.1400
23253,-0.2100
23259,-0.2100
23270,-0.0700
23280,-0.2100
23290,-0.2100
23300,0.0000
23310,-0.0700
23316,0.0000
23322,0.0000
23328,0.0000
23338,0.0000
23348,-0.4200
23359,0.0000
23367,0.0000
23377,-0.0700
23387,0.1400
23397,0.0700
23407,0.2100
23413,0.2100
23423,0.2100
23432,0.2100
23444,0.0000
23451,-0.3500
23461,-0.0700
23471,-0.2100
23477,-0.2100
23487,-0.1400
23496,-0.1400
23506,-0.0700
23512,0.0700
23520,0.0700
23528,-0.2800
23535,-0.2800
23542,-0.0700
23548,-0.2100
23554,-0.2100
23560,-0.2100
23566,0.3500
23572,0.3500
23579,-0.1400
23589,-0.2100
23595,-0.2100
23601,0.0000
23611,0.0000
23617,0.0700
23623,0.0700
23629,-0.1400
23635,-0.1400
23641,-0.2100
23651,-0.2100
23661,0.0000
23695,-0.2800
23704,0.0000
23713,0.0000
23722,-0.0700
23728,-0.0700
23739,-0.0700
23748,0.0000
23761,-0.5600
23767,-0.2800
23777,-0.2800
23787,-0.0700
23797,0.0700
23806,-0.1400
23817,-0.1400
23824,0.1400
23833,0.2800
23846,-0.1400
23856,-0.1400
23865,0.0000
23880,-0.0700
23886,0.1400
23895,0.1400
23905,-0.2800
23915,0.0000
23925,0.1400
23932,0.1400
23939,-0.0700
23949,-0.2100
23958,-0.2100
23967,0.0700
23975,0.0700
23983,0.0700
23993,-0.2100
24002,-0.2800
24012,-0.2800
24023,0.1400
24029,-0.3500
24038,0.0000
24047,0.0000
24053,-0.1400
24060,-0.1400
24066,0.0000
24072,0.0000
24082,-0.0700
24090,0.0000
24098,0.0000
24109,-0.2100
24119,0.0000
24125,0.0000
24132,-0.3500
24141,-0.2100
24148,-0.2100
24154,-0.1400
24160,-0.1400
24166,-0.1400
24172,-0.4900
24182,-0.2100
24188,-0.2100
24194,0.0700
24200,0.0700
24206,-0.0700
24219,-0.1400
24226,-0.1400
24236,-0.0700
24246,0.0000
24256,-0.2100
24266,-0.2100
24276,-0.3500
24287,-0.0700
24297,-0.2800
24308,-0.2800
24318,-0.3500
24324,0.2100
24333,0.2100
24344,0.0700
24356,-0.1400
24366,-0.2800
24372,-0.2800
24382,-0.0700
24392,0.0700
24402,0.2100
24412,-0.3500
24422,-0.3500
24432,0.0000
24438,0.1400
24446,0.1400
24456,-0.0700
24462,-0.0700
24472,-0.4200
24482,0.0700
24492,0.1400
24502,-0.1400
24512,-0.1400
24522,0.0000
24529,0.0700
24536,0.0700
24546,0.0000
24553,0.0000
24559,0.1400
24569,0.0000
24579,0.0000
24589,0.0000
24595,0.1400
24607,-0.2800
24615,-0.2800
24625,-0.2100
24635,-0.1400
24645,-0.2100
24651,-0.2100
24658,0.1400
24667,0.1400
24675,0.0700
24689,0.1400
24696,0.2100
24706,0.2100
24714,-0.1400
24724,-0.0700
24733,-0.1400
24744,-0.1400
24754,-0.0700
24763,0.0000
24773,-0.2100
24781,-0.2100
24791,0.0700
24799,0.0000
24807,0.0000
24816,0.0000
24825,0.2800
24835,0.2800
24841,0.0700
24849,-0.2100
24857,-0.2100
24867,0.0700
24878,0.1400
24885,0.1400
24893,0.0700
24904,-0.0700
24910,-0.0700
24918,-0.0700
24927,0.2800
24936,0.2800
24945,0.0700
24952,-0.0700
24962,-0.0700
24973,-0.0700
24983,0.1400
24989,0.1400
24995,0.1400
25001,0.1400
25007,0.0000
25013,0.0000
25019,-0.0700
25029,-0.2100
25035,-0.2100
25044,-0.1400
25051,-0.1400
25061,0.2100
25067,-0.1400
25073,-0.1400
25079,-0.1400
25085,-0.2100
25091,-0.2100
25097,0.1400
25103,0.1400
25109,0.0700
25115,0.0700
25121,-0.0700
25129,-0.0700
25135,0.0700
25142,0.0700
25150,-0.2100
25156,-0.2100
25171,-0.2800
25186,-0.2800
25193,-0.2800
25204,0.1400
25214,-0.2800
25220,-0.2800
25227,-0.0700
25236,-0.4900
25242,-0.4900
25252,-0.2100
25262,0.0000
25272,0.0000
25282,-0.0700
25293,0.0700
25299,0.0700
25310,0.0000
25316,-0.0700
25326,-0.0700
25332,-0.0700
25342,-0.4900
25350,-0.4900
25357,0.0700
25367,0.0000
25373,0.0000
25383,0.0000
25393,-0.0700
25400,-0.0700
25407,0.0700
25417,0.0700
25427,0.0700
25437,-0.2100
25447,-0.1400
25457,-0.0700
25467,0.0000
25477,0.0000
25485,-0.1400
25491,-0.1400
25501,-0.0700
25511,0.2100
25525,-0.0700
25531,0.0000
25541,0.0000
25547,0.0700
25555,0.0700
25563,0.0000
25575,0.2800
25582,-0.2100
25588,-0.2100
25594,-0.2100
25600,-0.1400
25606,-0.1400
25612,0.0000
25618,0.0000
25624,-0.0700
25634,-0.2100
25641,-0.2100
25652,-0.1400
25664,0.0700
25672,0.0700
25679,0.0700
25685,0.0700
25691,0.1400
25697,0.1400
25704,-0.2100
25714,-0.2800
25720,-0.2800
25726,-0.2800
25737,-0.2800
25743,0.0000
25753,0.0700
25763,0.0700
25773,0.0000
25779,0.1400
25786,0.1400
25793,-0.0700
25803,0.1400
25809,0.1400
25819,-0.4200
25825,-0.4200
25831,0.0000
25841,0.4900
25852,0.4900
25859,-0.1400
25869,-0.2100
25880,-0.0700
25886,-0.0700
25896,-0.2100
25906,-0.1400
25918,-0.0700
25925,-0.0700
25934,0.2100
25944,0.1400
25955,0.1400
25966,0.0700
25977,-0.2100
25983,-0.2100
25993,-0.2100
26000,-0.0700
26010,-0.1400
26017,-0.1400
26024,-0.1400
26034,0.0000
26044,0.0000
26054,0.0000
26064,0.0700
26074,-0.3500
26084,-0.3500
26091,-0.2800
26098,0.0000
26109,0.0000
26119,0.3500
26125,0.2800
26135,0.2800
26145,-0.3500
26155,0.0700
26166,-0.3500
26173,-0.3500
26179,-0.0700
26185,-0.0700
26192,-0.2100
26199,-0.2100
26210,0.0000
26220,-0.2100
26226,-0.2100
26232,0.0700
26238,0.0700
26244,0.0000
26250,0.0000
26260,0.0700
26266,-0.3500
26274,-0.3500
26281,0.0000
26287,0.0000
26295,0.0700
26302,0.0700
26308,-0.2100
26318,-0.2800
26329,-0.2800
26338,0.1400
26351,0.0700
26359,-0.3500
26369,-0.1400
26380,-0.1400
26388,-0.0700
26398,0.0700
26406,0.0700
26414,0.0700
26424,0.2100
26434,-0.2800
26442,-0.2800
26450,-0.1400
26456,-0.1400
26462,-0.1400
26468,-0.1400
26476,-0.2800
26486,-0.0700
26492,-0.0700
26498,-0.2800
26504,-0.2800
26510,0.1400
26516,0.1400
26523,0.1400
26530,0.1400
26536,0.0700
26542,0.0700
26549,-0.1400
26559,-0.1400
26565,-0.0700
26574,-0.0700
26583,-0.0700
26593,0.0000
26599,0.0000
26605,-0.2100
26615,-0.0700
26621,-0.0700
26627,-0.0700
26638,-0.0700
26645,-0.1400
26655,-0.2100
26661,-0.2100
26671,-0.0700
26681,0.0700
26691,0.0000
26701,0.0000
26711,-0.2800
26721,0.2800
26728,0.2800
26735,0.1400
26741,0.1400
26750,-0.3500
26761,-0.3500
26772,-0.2100
26780,0.0700
26786,0.0700
26796,0.0700
26802,0.0700
26812,-0.0700
26822,-0.2100
26832,-0.2800
26838,-0.2800
26848,0.2100
26858,0.1400
26867,0.1400
26877,-0.1400
26883,0.0000
26893,0.0000
26903,0.2100
26913,-0.1400
26921,-0.1400
26929,-0.2100
26939,-0.1400
26950,0.0000
26960,-0.5600
26970,-0.5600
26979,-0.2800
26986,-0.0700
26994,-0.0700
27000,0.2800
27010,0.2800
27020,0.1400
27031,0.0700
27042,-0.0700
27049,-0.0700
27060,-0.2100
27070,0.1400
27079,-0.0700
27090,-0.2100
27100,-0.2100
27110,-0.1400
27120,0.0000
27129,-0.0700
27135,-0.0700
27145,0.0700
27155,0.0000
27162,0.0000
27169,0.0700
27179,0.0700
27189,0.2100
27195,0.0000
27201,0.0000
27213,-0.2100
27223,0.2100
27229,0.2100
27239,0.1400
27249,-0.2100
27255,-0.2100
27265,-0.0700
27275,-0.1400
27281,-0.1400
27291,0.0700
27299,0.0000
27306,0.0000
27312,-0.2800
27318,-0.2800
27328,-0.2100
27338,-0.2800
27344,-0.2800
27354,-0.2800
27364,-0.1400
27370,-0.1400
27376,0.1400
27388,0.0000
27396,0.0000
27402,0.0000
27410,0.0000
27416,-0.1400
27426,-0.4200
27436,-0.0700
27446,-0.0700
27456,-0.0700
27466,0.0700
27472,0.0700
27483,0.1400
27490,0.1400
27496,0.1400
27506,-0.2100
27516,0.0000
27529,-0.2800
27536,-0.2800
27546,-0.1400
27557,-0.2800
27564,-0.2800
27571,0.1400
27583,0.1400
27590,0.1400
27602,0.1400
27608,-0.0700
27614,-0.0700
27621,-0.2100
27628,-0.2100
27638,0.0000
27644,0.2100
27650,0.2100
27656,-0.2800
27666,-0.2800
27672,0.2100
27680,0.2100
27688,-0.2800
27698,-0.0700
27704,-0.0700
27712,-0.2100
27719,-0.2100
27725,-0.0700
27731,-0.0700
27739,0.1400
27749,0.0700
27755,0.0700
27761,0.1400
27767,0.1400
27777,0.0000
27783,0.0000
27790,-0.3500
27797,0.0000
27807,0.0000
27814,0.1400
27821,0.1400
27831,0.1400
27841,-0.0700
27851,0.0000
27857,0.0000
27863,0.3500
27874,0.3500
27884,0.3500
27894,-0.0700
27905,0.0700
27912,0.0700
27922,-0.0700
27932,0.1400
27945,-0.3500
27951,-0.3500
27961,-0.1400
27968,-0.2100
27975,-0.2100
27985,0.0700
27992,-0.2800
27999,-0.2800
28009,0.0000
28015,0.0000
28022,-0.0700
28032,-0.0700
28038,-0.0700
28048,-0.2100
28054,-0.2100
28066,-0.3500
28073,0.2800
28083,-0.2800
28093,-0.2800
28103,0.0700
28113,-0.5600
28123,0.0000
28130,0.0000
28137,0.1400
28147,0.0700
28153,0.0700
28163,-0.2800
28171,0.0700
28181,0.0700
28191,-0.1400
28197,0.0000
28209,-0.2100
28216,-0.2100
28222,-0.0700
28232,-0.0700
28242,-0.2100
28252,-0.2800
28259,-0.2800
28266,-0.1400
28276,-0.0700
28287,-0.3500
28298,-0.3500
28307,0.0000
28317,-0.0700
28327,-0.1400
28334,-0.1400
28342,-0.0700
28352,-0.0700
28364,-0.0700
28371,-0.0700
28381,-0.0700
28387,-0.0700
28393,0.1400
28406,0.0000
28414,0.0000
28424,0.1400
28430,-0.2800
28440,-0.2800
28446,-0.1400
28456,0.1400
28466,0.1400
28476,-0.4900
28484,-0.1400
28492,-0.1400
28498,0.1400
28504,0.1400
28510,-0.0700
28520,0.0000
28530,0.0000
28536,-0.0700
28546,0.2100
28556,0.2100
28564,0.2100
28572,0.0000
28578,0.0000
28586,0.4900
28593,0.4900
28603,-0.0700
28611,-0.0700
28620,-0.0700
28628,-0.1400
28634,0.0700
28642,0.0700
28649,0.2100
28659,0.2100
28669,-0.0700
28678,-0.2100
28687,-0.0700
28696,-0.0700
28705,0.1400
28717,0.1400
28724,0.0700
28732,0.0700
28740,0.0000
28750,0.0700
28759,0.0700
28768,0.1400
28777,0.0700
28786,0.0700
28797,0.0700
28803,-0.2800
28813,-0.2800
28820,-0.1400
28826,-0.1400
28836,-0.3500
28845,-0.1400
28854,0.0000
28863,0.0000
28873,-0.2100
28879,-0.0700
28885,-0.0700
28894,0.0000
28900,0.0000
28912,-0.0700
28919,-0.0700
28929,-0.0700
28935,-0.2800
28943,-0.0700
28955,-0.0700
28964,-0.2100
28974,0.0700
28985,-0.0700
28991,-0.0700
29009,0.0000
29021,-0.2100
29028,-0.2100
29037,-0.0700
29047,-0.2100
29057,-0.2100
29067,0.2100
29077,0.2100
29087,-0.0700
29099,-0.0700
29109,-0.0700
29119,-0.2100
29125,0.0000
29136,0.0700
29142,0.0700
29153,-0.0700
29164,-0.0700
29171,-0.0700
29182,0.1400
29190,-0.0700
29196,-0.0700
29207,0.0700
29213,-0.2800
29220,-0.2800
29230,0.0700
29236,0.0700
29246,0.2100
29256,0.0000
29268,0.1400
29278,-0.2800
29288,-0.2800
29298,-0.3500
29307,0.0000
29318,0.0000
29329,0.0000
29338,0.0000
29349,0.0700
29360,0.1400
29370,0.1400
29381,0.0700
29387,0.0700
29393,0.0700
29403,-0.1400
29415,0.4200
29421,-0.1400
29432,-0.1400
29442,0.0700
29454,-0.0700
29462,0.4200
29472,0.1400
29482,0.1400
29492,0.1400
29498,0.0000
29505,0.0000
29515,-0.1400
29525,-0.1400
29535,-0.1400
29541,0.2100
29551,0.0000
29561,-0.3500
29569,-0.3500
29575,0.1400
29585,0.1400
29595,-0.1400
29601,0.1400
29608,0.1400
29621,-0.0700
29627,0.2100
29638,0.2100
29648,-0.0700
29658,-0.4900
29666,-0.3500
29674,-0.3500
29684,0.0700
29690,-0.2800
29700,-0.2800
29709,0.0700
29719,-0.1400
29728,0.0700
29740,0.0700
29747,-0.1400
29756,0.0000
29765,0.0000
29776,0.0000
29783,-0.0700
29795,-0.0700
29804,-0.2100
29812,-0.2800
29820,-0.1400
29831,-0.1400
29837,0.0700
29846,0.2100
29856,0.2100
29864,0.0000
29872,0.1400
29882,0.1400
29890,0.1400
29896,-0.2100
29903,-0.2100
29911,0.0000
29919,0.0000
29929,-0.0700
29937,0.0000
29945,0.0000
29954,-0.2100
29964,0.0000
29972,0.0000
29978,-0.1400
29986,-0.2800
29994,-0.2800
30004,-0.2100
30011,-0.2100
30021,-0.0700
30027,-0.3500
30037,-0.3500
30047,-0.1400
30057,0.0700
30066,0.0700
30077,-0.1400
30084,-0.1400
30091,-0.1400
30101,-0.1400
30111,-0.2800
30121,0.2100
30131,-0.2100
30141,-0.0700
30149,-0.0700
30157,-0.2100
30163,-0.2100
30172,-0.0700
30183,0.2800
30192,-0.1400
30202,-0.1400
30213,-0.0700
30223,-0.3500
30233,-0.0700
30240,-0.0700
30248,-0.3500
30254,-0.3500
30265,0.0700
30275,-0.0700
30285,0.0000
30295,0.0000
30301,-0.2800
30311,-0.2800
30322,-0.0700
30344,0.0000
30354,0.1400
30364,0.0000
30376,0.0700
30382,0.0700
30392,-0.0700
30401,0.0700
30412,0.0000
30423,0.0000
30429,-0.0700
30439,0.0000
30451,-0.0700
30458,-0.0700
30468,0.0000
30478,0.1400
30488,0.1400
30494,0.0000
30500,0.0000
30510,0.1400
30520,-0.1400
30530,-0.2100
30542,0.0000
30550,0.0000
30560,0.0000
30567,-0.2800
30577,-0.2800
30587,0.2100
30593,-0.0700
30600,-0.0700
30607,-0.4200
30614,-0.4200
30621,0.0700
30659,-0.1400
30684,0.0000
30691,0.0000
30700,-0.2100
30708,0.2100
30721,-0.4900
30727,-0.4900
30737,0.0700
30746,0.0700
30758,0.2100
30764,-0.1400
30774,0.2800
30787,0.0700
30793,0.0700
30803,0.0000
30814,0.0700
30820,0.0700
30830,0.0000
30836,-0.3500
30848,-0.3500
30854,0.0000
30860,0.0000
30869,-0.1400
30921,-0.0700
30928,-0.0700
30936,-0.0700
30943,0.0000
30949,0.0000
30958,-0.1400
30967,0.0000
30976,0.0000
30988,-0.1400
30994,-0.2100
31005,-0.1400
31012,-0.1400
31020,-0.2100
31029,-0.2800
31036,-0.2800
31043,-0.2800
31053,-0.2800
31059,0.0000
31066,0.0000
31076,-0.0700
31086,-0.0700
31096,0.1400
31102,0.1400
31112,-0.1400
31122,0.1400
31134,0.1400
31140,0.1400
31151,-0.0700
31161,-0.0700
31171,-0.2100
31177,-0.2100
31183,-0.2100
31193,0.1400
31203,0.0700
31214,-0.0700
31220,-0.0700
31226,0.0700
31236,-0.1400
31242,-0.1400
31254,-0.0700
31263,0.0000
31269,0.0000
31279,-0.1400
31285,-0.1400
31295,0.0000
31301,-0.2800
31311,-0.2800
31318,0.0700
31325,0.0700
31335,-0.1400
31345,0.2100
31356,0.0700
31366,-0.0700
31376,0.3500
31387,0.3500
31397,-0.2800
31407,0.3500
31418,0.2800
31424,0.2800
31434,0.2100
31444,0.0000
31454,0.2800
31461,0.2800
31467,0.1400
31478,0.1400
31486,-0.4200
31493,-0.2800
31502,-0.2800
31512,-0.2100
31522,-0.0700
31532,0.0700
31543,0.0700
31553,0.0700
31562,-0.0700
31574,0.0000
31582,0.0700
31588,0.0700
31594,0.0700
31604,0.0700
31615,0.0700
31625,0.0700
31631,0.0700
31637,-0.2800
31646,-0.2800
31656,0.0000
31663,0.1400
31670,0.1400
31678,-0.2100
31687,-0.1400
31696,-0.1400
31705,0.0000
31714,0.0000
31725,0.1400
31731,0.1400
31739,-0.3500
31749,-0.3500
31760,-0.2100
31769,-0.1400
31777,0.1400
31789,0.1400
31799,0.1400
31805,-0.2800
31812,-0.2800
31818,-0.1400
31827,0.0000
31836,0.0000
31842,-0.1400
31861,-0.2100
31868,-0.4900
31877,-0.4900
31887,0.2100
31895,0.0000
31904,0.0000
31913,-0.2100
31921,-0.2800
31931,-0.2100
31937,-0.2100
31945,0.0000
31953,0.0000
31963,-0.2100
31973,-0.0700
31983,-0.6300
31989,-0.6300
31997,0.1400
32007,-0.2800
32015,-0.2800
32026,-0.1400
32035,-0.2100
32044,-0.2100
32050,-0.0700
32057,-0.0700
32068,0.2100
32074,0.0700
32080,0.0700
32088,-0.0700
32096,-0.0700
32106,-0.1400
32115,-0.3500
32125,-0.1400
32136,-0.1400
32146,0.2100
32156,0.2100
32166,0.1400
32178,-0.1400
32184,-0.1400
32194,0.0000
32200,0.0000
32206,0.0000
32212,0.0000
32221,0.0000
32234,0.0700
32240,0.4900
32250,0.4900
32261,-0.1400
32271,0.0000
32281,-0.0700
32291,0.2100
32303,0.2100
32310,0.0700
32320,0.1400
32330,0.0700
32340,0.0700
32350,-0.1400
32360,0.2100
32371,-0.3500
32381,0.2100
32392,0.2100
32402,0.1400
32412,0.0000
32418,0.0000
32425,-0.0700
32435,-0.2100
32447,-0.0700
32457,-0.0700
32467,0.0000
32474,0.0000
32484,0.0700
32490,0.0700
32500,-0.1400
32510,-0.0700
32521,-0.0700
32532,-0.0700
32542,0.1400
32552,0.1400
32564,-0.1400
32574,0.0700
32580,0.0700
32590,-0.0700
32600,0.1400
32611,0.1400
32621,0.2100
32632,0.1400
32642,-0.2800
32649,-0.2800
32659,0.0700
32669,-0.0700
32677,0.0700
32684,0.0700
32690,-0.1400
32697,-0.1400
32707,0.0000
32717,0.0000
32723,0.0000
32733,-0.2100
32743,0.2100
32749,0.2100
32759,0.1400
32768,0.1400
32776,0.1400
32782,0.0000
32788,0.0000
32794,-0.1400
32804,-0.1400
32814,0.1400
32824,0.0700
32830,0.0700
32837,-0.0700
32847,-0.0700
32859,-0.2800
32865,-0.2800
32875,0.0700
32886,0.0700
32892,0.0700
32902,0.3500
32909,-0.1400
32919,-0.1400
32929,0.1400
32939,-0.1400
32945,-0.1400
32965,0.0000
32972,0.0000
32983,0.0700
32989,-0.2800
32995,-0.2800
33001,0.1400
33007,0.1400
33017,-0.2100
33024,-0.2100
33030,0.0000
33040,-0.2100
33046,-0.2100
33057,-0.1400
33067,-0.0700
33077,-0.0700
33083,-0.0700
33090,0.0700
33097,0.0700
33107,0.0700
33117,0.0000
33127,0.0000
33137,-0.2100
33143,-0.1400
33153,0.0000
33159,0.0000
33171,-0.1400
33179,0.0000
33190,0.0000
33196,0.0000
33206,0.0000
33216,0.0000
33224,-0.1400
33230,-0.2100
33239,-0.2100
33249,-0.0700
33255,-0.0700
33262,0.2800
33269,-0.1400
33277,-0.1400
33334,-0.0700
33351,0.0700
33359,0.0000
33365,0.0000
33372,0.1400
33378,0.1400
33384,0.1400
33394,0.0700
33404,-0.0700
33410,-0.0700
33418,-0.0700
33425,-0.2800
33435,-0.2800
33442,-0.2800
33448,-0.2800
33458,0.0700
33468,0.1400
33476,-0.4200
33483,-0.4200
33493,-0.2800
33503,0.0000
33513,0.0000
33521,0.0000
33529,0.0000
33539,0.0000
33549,-0.0700
33559,-0.1400
33567,-0.2800
33574,-0.2800
33580,0.2100
33592,-0.0700
33598,-0.0700
33607,0.0000
33617,-0.0700
33625,-0.0700
33633,0.0000
33643,0.0000
33654,0.0000
33661,-0.1400
33671,0.0700
33680,0.0700
33690,-0.2800
33700,0.0000
33710,-0.2100
33720,-0.3500
33728,-0.3500
33739,-0.0700
33749,-0.0700
33755,-0.0700
33765,0.0700
33771,-0.2100
33781,-0.2100
33791,0.2100
33801,-0.2100
33812,0.1400
33822,-0.1400
33832,-0.1400
33842,-0.0700
33854,-0.0700
33860,0.0000
33870,0.0000
33881,-0.5600
33904,0.0700
33913,0.0700
33923,0.4900
33933,0.2800
33943,0.2800
33953,-0.0700
33959,-0.0700
33969,-0.0700
33979,0.1400
33985,0.1400
33992,-0.3500
33998,-0.3500
34004,-0.0700
34010,-0.0700
34020,0.1400
34026,0.1400
34037,-0.0700
34043,0.4900
34064,0.0000
34073,-0.0700
34083,0.0000
34089,0.0000
34100,0.1400
34107,0.2100
34117,0.2100
34127,-0.0700
34139,0.1400
34145,-0.0700
34155,-0.0700
34165,0.1400
34175,0.2800
34185,-0.0700
34195,-0.0700
34203,-0.0700
34211,-0.0700
34217,-0.0700
34223,0.1400
34233,0.1400
34245,-0.0700
34251,0.0700
34261,0.0000
34272,0.0000
34278,0.0000
34288,-0.2800
34300,0.0000
34310,0.0000
34320,-0.3500
34326,0.0700
34334,0.0700
34340,-0.1400
34350,0.0700
34361,0.0700
34370,-0.0700
34380,0.0700
34386,0.0700
34396,0.0700
34406,-0.0700
34418,0.0700
34426,0.0700
34436,-0.0700
34446,0.0700
34456,-0.0700
34466,0.1400
34472,0.1400
34482,0.0000
34490,0.0000
34498,-0.0700
34508,-0.2100
34516,-0.2100
34524,-0.4200
34534,0.1400
34544,0.0700
34554,0.0700
34565,-0.4200
34577,-0.1400
34583,-0.2100
34593,-0.2100
34599,0.2100
34609,0.0700
34620,-0.1400
34627,-0.1400
34637,-0.0700
34647,-0.2100
34657,-0.2100
34666,0.0000
34675,-0.0700
34686,-0.2800
34695,-0.2800
34703,0.2800
34716,-0.2100
34725,0.1400
34733,0.1400
34741,-0.2100
34751,-0.2800
34759,-0.2800
34768,-0.2100
34774,-0.2100
34781,0.0000
34788,0.0000
34796,0.0000
34803,-0.1400
34813,0.1400
34823,0.1400
34832,-0.2800
34840,-0.2100
34851,-0.2100
34857,-0.2100
34867,-0.2800
34875,-0.2800
34883,0.0700
34892,-0.1400
34901,-0.1400
34910,0.0700
34918,0.3500
34927,0.3500
34938,-0.2100
34944,0.0000
34957,-0.2100
34964,-0.2100
34974,-0.4900
34984,0.0700
34994,-0.2800
35002,-0.2800
35011,0.0000
35021,-0.0700
35032,0.2100
35039,0.2100
35049,0.0700
35059,-0.0700
35069,-0.0700
35080,-0.1400
35092,0.2100
35098,0.2800
35108,0.2800
35118,0.0000
35131,-0.2800
35137,-0.0700
35146,-0.0700
35152,-0.4900
35162,-0.1400
35172,-0.1400
35182,-0.2100
35192,-0.0700
35204,-0.0700
35210,-0.0700
35220,0.0700
35230,0.1400
35239,0.0700
35249,0.0700
35255,-0.5600
35304,0.0000
35315,-0.2100
35321,-0.2100
35327,-0.2100
35337,0.0000
35343,-0.1400
35353,-0.1400
35364,0.0700
35370,0.0000
35376,0.0000
35386,-0.2100
35396,-0.0700
35406,-0.1400
35416,-0.1400
35428,0.2800
35434,-0.0700
35444,-0.3500
35454,-0.3500
35464,-0.0700
35474,-0.2100
35483,0.2100
35491,0.2100
35500,0.0700
35510,0.1400
35522,-0.0700
35528,-0.0700
35538,0.0000
35546,0.0000
35554,-0.0700
35564,-0.1400
35574,-0.0700
35584,-0.0700
35594,0.0000
35600,0.1400
35606,0.1400
35616,0.0000
35622,0.0000
35629,0.1400
35636,0.1400
35646,0.1400
35656,0.2100
35666,-0.1400
35675,-0.0700
35685,-0.0700
35692,0.1400
35700,0.1400
35706,0.0700
35715,0.1400
35722,0.1400
35729,0.1400
35740,0.0000
35756,0.0700
35764,0.0700
35774,0.1400
35792,-0.1400
35803,-0.1400
35813,0.4200
35822,-0.0700
35830,-0.2800
35838,-0.2800
35844,0.0000
35852,0.0000
35863,0.2100
35872,0.2800
35880,0.2800
35890,-0.3500
35898,-0.0700
35906,-0.0700
35912,0.0700
35918,0.0700
35926,0.0700
35937,0.0000
35944,0.0000
35952,0.2800
35960,-0.2100
35969,-0.2100
35978,-0.4200
35987,-0.1400
35997,0.0700
36004,0.0700
36014,-0.2100
36023,0.0000
36035,0.0000
36041,-0.2800
36049,-0.2800
36057,-0.2800
36064,-0.3500
36070,-0.3500
36080,0.2100
36089,-0.3500
36095,-0.3500
36105,0.2100
36116,0.2100
36126,0.0700
36132,0.0700
36144,0.0700
36154,-0.0700
36164,0.0000
36170,0.0000
36180,-0.2100
36191,-0.2100
36201,-0.2100
36211,0.4200
36220,0.0000
36232,-0.2800
36242,-0.0700
36248,-0.0700
36258,0.2800
36268,0.0700
36278,0.0700
36285,-0.2800
36292,-0.2800
36298,-0.3500
36308,-0.2100
36318,-0.2100
36325,0.0700
36333,0.1400
36340,0.1400
36346,-0.1400
36352,-0.1400
36358,-0.4200
36368,-0.4200
36378,0.2800
36388,-0.1400
36395,-0.1400
36402,0.0700
36408,0.0700
36419,-0.2100
36429,-0.0700
36439,-0.0700
36449,0.0700
36459,0.0700
36471,-0.2800
36479,-0.4200
36489,0.0000
36499,0.0000
36509,0.0000
36520,-0.1400
36530,-0.3500
36536,-0.3500
36546,0.0000
36556,-0.2100
36566,0.0700
36573,0.0700
36580,-0.4200
36590,-0.0700
36599,-0.0700
36610,-0.1400
36620,-0.2100
36631,-0.0700
36638,-0.0700
36648,-0.2100
36657,-0.2100
36665,-0.2100
36672,0.0000
36680,0.2100
36690,0.2100
36698,-0.4900
36706,0.0000
36712,0.0000
36718,-0.2100
36727,-0.2100
36733,-0.1400
36742,-0.1400
36752,-0.2100
36762,-0.0700
36773,-0.2100
36780,-0.2100
36790,-0.4200
36799,-0.1400
36808,-0.2100
36816,-0.2100
36825,0.0000
36834,0.0000
36844,0.0000
36853,-0.1400
36863,-0.0700
36872,-0.4200
36881,-0.4200
36890,-0.0700
36900,0.0000
36909,0.0000
36918,0.1400
36928,0.0700
36934,0.0700
36940,-0.2800
36954,0.2100
36961,0.2100
36971,0.1400
36980,-0.0700
36986,-0.0700
36995,0.0700
37004,-0.4200
37013,0.0000
37021,0.0000
37032,-0.2100
37039,-0.1400
37048,-0.1400
37058,-0.1400
37068,-0.2800
37078,0.0700
37088,0.0700
37098,-0.2800
37105,-0.0700
37113,-0.0700
37119,0.0700
37125,0.0700
37132,-0.2800
37142,-0.2800
37149,-0.0700
37156,0.0700
37166,0.0700
37176,0.1400
37182,-0.0700
37189,-0.0700
37195,-0.3500
37206,-0.3500
37216,0.2800
37226,-0.1400
37238,-0.3500
37246,-0.0700
37256,-0.0700
37267,0.0700
37277,-0.1400
37287,-0.1400
37297,0.1400
37304,0.1400
37310,-0.1400
37320,-0.1400
37330,-0.1400
37336,-0.2100
37343,-0.2100
37353,-0.0700
37359,-0.0700
37371,-0.0700
37378,-0.1400
37388,-0.4900
37398,-0.4900
37408,-0.0700
37414,0.2100
37424,0.2100
37430,-0.2800
37440,0.0000
37451,0.0700
37462,0.0700
37472,-0.1400
37478,-0.3500
37484,-0.3500
37491,-0.2100
37498,-0.2100
37504,-0.3500
37510,-0.3500
37516,-0.0700
37522,-0.0700
37535,-0.1400
37543,-0.3500
37549,-0.3500
37557,0.0000
37568,-0.0700
37578,-0.0700
37588,0.0000
37594,-0.0700
37600,-0.0700
37606,-0.2100
37612,-0.2100
37619,-0.2100
37625,-0.2100
37635,0.1400
37642,0.1400
37650,-0.1400
37661,0.0000
37671,0.0000
37680,0.0000
37687,0.0700
37693,0.0700
37703,0.0000
37712,-0.1400
37724,-0.5600
37731,-0.5600
37739,-0.1400
37749,0.0000
37759,0.0000
37770,0.1400
37777,-0.1400
37783,-0.1400
37793,-0.3500
37802,0.1400
37811,0.0700
37820,0.0700
37830,-0.1400
37841,0.1400
37850,-0.1400
37861,-0.1400
37870,0.2100
37881,0.1400
37891,-0.3500
37900,-0.3500
37906,-0.2800
37912,-0.2800
37921,0.0000
37930,-0.3500
37940,0.0000
37946,0.0000
37953,-0.3500
37960,-0.3500
37969,-0.2100
37978,-0.2100
37987,-0.4200
37997,-0.6300
38005,-0.1400
38014,-0.1400
38024,-0.2800
38036,-0.2800
38043,-0.2800
38052,-0.3500
38062,-0.2100
38073,-0.3500
38080,-0.3500
38087,0.0700
38097,-0.2100
38104,-0.2100
38111,0.0000
38119,0.0000
38125,-0.2800
38135,-0.4200
38141,-0.4200
38148,-0.2100
38157,-0.2100
38167,0.0000
38182,0.1400
38192,-0.1400
38202,0.2100
38213,-0.1400
38223,-0.1400
38233,-0.0700
38241,-0.2800
38251,0.1400
38261,0.1400
38271,0.0000
38281,-0.1400
38291,-0.2100
38297,-0.2100
38307,-0.0700
38315,-0.0700
38325,0.0000
38331,-0.3500
38342,0.0700
38352,-0.3500
38362,-0.3500
38374,0.2100
38382,-0.0700
38388,-0.0700
38394,0.0000
38404,-0.1400
38410,-0.1400
38418,-0.0700
38424,-0.0700
38435,0.0000
38444,-0.1400
38454,0.0700
38464,0.0700
38470,0.1400
38479,0.1400
38489,0.0000
38500,-0.2100
38510,-0.4900
38520,-0.1400
38530,-0.1400
38536,-0.2100
38543,-0.2100
38549,-0.3500
38556,-0.3500
38562,-0.0700
38572,-0.2100
38582,-0.2100
38593,-0.1400
38599,-0.2100
38607,-0.2100
38615,0.1400
38625,0.0000
38634,0.0000
38644,0.2100
38653,-0.2800
38662,-0.3500
38671,-0.3500
38677,0.1400
38686,0.1400
38694,-0.0700
38706,-0.2800
38715,0.0700
38724,0.0700
38733,-0.0700
38743,-0.3500
38751,0.0700
38759,0.0700
38771,-0.1400
38781,0.0000
38833,-0.1400
38842,0.0000
38851,0.0000
38859,0.0700
38865,0.0700
38871,-0.3500
38881,-0.1400
38890,-0.1400
38897,0.1400
38907,-0.1400
38913,-0.1400
38920,-0.1400
38930,-0.1400
38940,-0.0700
38948,-0.0700
38959,0.1400
38969,0.1400
38978,-0.1400
38984,0.0000
38992,0.0000
39002,0.0700
39012,0.0000
39022,-0.2100
39032,-0.2100
39039,0.0700
39046,0.0700
39058,-0.3500
39065,0.0000
39072,0.0000
39084,0.0000
39092,0.0700
39102,0.0000
39112,-0.1400
39122,-0.1400
39128,-0.1400
39138,-0.2800
39148,-0.2800
39159,-0.2800
39168,0.0700
39175,-0.2800
39182,-0.2800
39188,-0.2800
39194,-0.3500
39204,0.0700
39214,-0.1400
39224,-0.1400
39234,-0.0700
39240,-0.2100
39246,-0.2100
39256,0.0000
39266,-0.1400
39276,-0.1400
39285,-0.1400
39295,0.0700
39303,0.0700
39310,-0.1400
39321,-0.0700
39328,-0.0700
39337,-0.1400
39349,-0.2100
39356,0.0000
39367,0.0000
39374,0.0000
39384,-0.2100
39390,-0.2100
39397,0.0700
39403,0.0700
39413,0.0000
39420,0.0000
39430,-0.1400
39440,0.0700
39446,-0.1400
39456,-0.1400
39466,-0.0700
39478,-0.2800
39484,0.1400
39494,0.1400
39504,-0.1400
39515,-0.1400
39521,-0.1400
39527,-0.2100
39541,-0.0700
39551,-0.2100
39557,-0.2100
39567,-0.2100
39578,-0.2100
39588,-0.2100
39595,-0.2100
39602,0.0000
39608,0.0000
39614,0.1400
39624,0.1400
39634,0.0700
39640,0.0700
39652,0.0700
39661,-0.2800
39669,-0.2100
39677,-0.0700
39687,-0.0700
39695,-0.4900
39706,-0.1400
39715,-0.1400
39726,-0.2100
39735,-0.1400
39746,-0.0700
39755,0.0700
39764,0.0700
39775,-0.1400
39781,0.0000
39789,0.0000
39800,-0.2800
39810,-0.1400
39817,-0.1400
39823,-0.1400
39831,-0.0700
39841,-0.0700
39851,-0.1400
39860,-0.0700
39868,-0.0700
39877,-0.2100
39888,-0.1400
39894,-0.1400
39903,-0.0700
39913,0.1400
39921,0.1400
39931,-0.0700
39940,-0.0700
39949,-0.0700
39957,-0.0700
39966,-0.2100
39975,0.0000
39984,0.0000
39996,-0.2100
40005,-0.4200
40015,-0.2100
40026,0.0700
40036,0.0700
40045,-0.3500
40055,-0.1400
40065,-0.2800
40075,-0.2800
40087,-0.2100
40094,0.0000
40104,-0.4200
40114,-0.4200
40120,-0.0700
40126,-0.0700
40136,0.0700
40146,0.2100
40152,0.2100
40159,0.0000
40165,0.0000
40175,-0.2800
40181,0.0000
40187,0.0000
40193,0.0700
40203,0.0700
40213,0.0700
40223,-0.4200
40230,-0.4200
40240,0.0000
40246,0.3500
40252,0.3500
40262,0.0000
40272,-0.0700
40278,-0.0700
40286,-0.2800
40292,-0.2800
40299,-0.2800
40306,-0.2800
40317,0.0700
40327,0.0700
40337,-0.2800
40347,-0.2800
40357,-0.2800
40367,0.0000
40376,-0.4900
40383,-0.4900
40390,-0.2100
40396,-0.2100
40408,-0.1400
40418,0.0000
40428,-0.2100
40434,-0.2100
40440,0.2100
40447,0.2100
40454,0.1400
40460,0.1400
40472,-0.0700
40479,-0.2800
40489,-0.1400
40495,-0.1400
40501,-0.0700
40508,-0.0700
40520,0.1400
40528,-0.3500
40539,-0.3500
40547,-0.0700
40554,-0.5600
40566,0.2100
40572,0.2100
40582,0.2100
40594,-0.2100
40600,-0.2100
40606,-0.0700
40612,-0.0700
40619,0.2100
40625,0.2100
40633,0.0700
40641,0.0700
40651,0.0700
40661,-0.2100
40671,0.2800
40677,0.2800
40687,-0.1400
40693,-0.1400
40699,-0.2100
40707,0.0000
40715,0.0000
40726,0.0000
40733,0.0700
40743,0.0700
40755,0.0000
40764,0.0700
40774,0.0000
40785,-0.0700
40792,-0.0700
40799,-0.1400
40807,-0.1400
40814,0.0700
40824,0.1400
40834,0.1400
40840,-0.0700
40846,-0.0700
40856,0.0000
40867,0.0700
40877,0.0700
40887,-0.0700
40893,-0.0700
40903,-0.1400
40909,-0.1400
40919,-0.2100
40925,-0.2100
40936,0.0700
40942,0.0000
40950,0.0000
40960,-0.1400
40970,-0.2800
40978,0.1400
40988,0.1400
40996,0.0000
41002,0.0700
41008,0.0700
41015,-0.1400
41026,-0.1400
41032,-0.2100
41038,-0.2100
41048,0.0000
41060,-0.4900
41067,-0.0700
41073,-0.0700
41083,-0.1400
41093,-0.1400
41104,-0.1400
41112,-0.1400
41122,-0.3500
41133,-0.0700
41140,-0.0700
41149,-0.0700
41155,-0.0700
41167,0.1400
41174,-0.3500
41183,0.4200
41189,0.4200
41196,-0.2800
41205,-0.2800
41216,-0.0700
41223,-0.2800
41231,-0.2800
41238,-0.0700
41245,-0.0700
41251,-0.0700
41261,-0.1400
41267,-0.1400
41273,-0.2100
41279,-0.2100
41286,-0.2100
41296,-0.2800
41306,0.0000
41316,0.1400
41326,-0.1400
41336,-0.1400
41346,-0.2800
41356,-0.2100
41366,-0.1400
41378,-0.0700
41386,-0.0700
41396,-0.2100
41407,0.1400
41418,0.0000
41425,0.0000
41436,0.0000
41446,0.2100
41452,0.2100
41459,0.0000
41469,0.0700
41475,0.0700
41485,-0.1400
41491,-0.1400
41498,-0.0700
41508,-0.0700
41520,-0.1400
41526,-0.1400
41537,0.0700
41544,-0.2100
41551,-0.2100
41561,0.0700
41571,0.0700
41581,0.0700
41591,0.2800
41603,0.1400
41610,-0.2800
41616,-0.2800
41626,0.1400
41636,-0.0700
41646,-0.0700
41652,-0.0700
41661,-0.0700
41669,-0.0700
41675,-0.2100
41683,-0.2100
41689,-0.2800
41698,-0.1400
41709,-0.1400
41718,-0.1400
41728,-0.1400
41738,0.3500
41747,0.3500
41756,-0.2100
41763,-0.1400
41769,-0.1400
41777,0.0000
41789,-0.2100
41797,-0.2100
41807,0.1400
41816,-0.1400
41826,-0.1400
41832,0.0000
41839,0.0000
41848,0.2100
41856,0.2800
41865,0.2800
41875,0.0700
41885,0.0000
41895,-0.2800
41902,-0.2800
41911,0.0700
41919,-0.4200
41960,0.0000
41970,0.1400
41979,0.1400
41985,-0.1400
41992,-0.1400
42001,-0.0700
42008,-0.1400
42014,-0.1400
42023,-0.2100
42033,0.2800
42043,0.2800
42054,-0.2100
42060,-0.1400
42070,-0.1400
42080,0.0700
42091,-0.0700
42103,0.2100
42109,0.2100
42120,0.2100
42130,0.0000
42140,0.2100
42147,0.2100
42158,-0.0700
42168,0.0700
42178,-0.3500
42185,-0.3500
42192,-0.0700
42201,0.2100
42212,0.2100
42219,0.1400
42226,0.1400
42232,0.1400
42242,-0.0700
42253,-0.0700
42260,-0.0700
42266,0.0000
42276,0.0000
42282,0.0000
42292,-0.2800
42302,-0.2800
42309,0.0700
42316,0.0700
42326,0.0700
42336,-0.3500
42348,-0.2100
42358,-0.2100
42369,-0.2100
42379,-0.2100
42389,-0.0700
42396,-0.2100
42402,-0.2100
42412,0.0700
42419,0.0700
42429,0.0700
42435,-0.0700
42441,-0.0700
42448,0.0000
42458,0.2100
42464,0.2100
42474,0.0000
42484,-0.0700
42494,-0.0700
42504,-0.1400
42510,0.0000
42516,0.0000
42522,0.2100
42532,0.2100
42542,0.0700
42549,0.0700
42556,0.0700
42566,-0.0700
42575,-0.2100
42582,-0.2100
42589,0.1400
42600,0.0700
42611,0.0700
42617,-0.0700
42623,-0.0700
42634,-0.1400
42645,0.0000
42655,-0.2800
42663,-0.2800
42671,-0.0700
42681,-0.1400
42691,-0.1400
42697,-0.1400
42704,-0.2800
42711,-0.2800
42721,0.1400
42731,0.0000
42738,0.0000
42744,-0.0700
42754,-0.0700
42765,-0.0700
42776,-0.0700
42783,-0.0700
42790,-0.0700
42802,0.0000
42809,0.0700
42830,0.0000
42837,0.0000
42844,-0.0700
42853,-0.0700
42859,-0.2800
42865,-0.2800
42874,0.2100
42886,0.0000
42896,-0.2800
42902,-0.2800
42912,-0.2100
42918,-0.2100
42928,0.0000
42934,-0.2100
42942,-0.2100
42949,-0.0700
42959,-0.2800
42967,-0.2800
42974,-0.1400
42981,-0.1400
42987,0.1400
42994,0.1400
43000,0.2800
43006,0.2800
43012,-0.2100
43021,-0.2100
43028,-0.0700
43041,-0.0700
43048,-0.0700
43054,-0.0700
43061,-0.0700
43067,-0.2800
43077,-0.3500
43085,-0.3500
43092,-0.1400
43103,-0.2100
43111,-0.2100
43117,0.3500
43123,0.3500
43139,-0.0700
43148,-0.0700
43156,0.1400
43164,0.1400
43170,0.0000
43177,0.0000
43184,-0.1400
43190,-0.1400
43198,-0.0700
43204,-0.0700
43210,-0.0700
43216,-0.2800
43224,-0.2800
43232,0.2100
43243,-0.0700
43249,-0.0700
43255,0.1400
43264,0.1400
43272,0.0000
43278,0.0000
43284,0.1400
43294,-0.0700
43300,-0.0700
43306,-0.2100
43312,-0.2100
43324,-0.0700
43331,-0.0700
43339,0.1400
43346,-0.2800
43354,-0.2800
43364,0.1400
43370,0.1400
43376,0.2800
43389,0.2100
43396,0.2100
43409,-0.2100
43416,-0.1400
43424,-0.3500
43434,-0.3500
43440,0.0000
43448,-0.0700
43456,-0.0700
43466,0.1400
43472,0.1400
43482,-0.3500
43492,0.2800
43502,-0.2100
43509,-0.2100
43516,0.0700
43527,-0.1400
43539,-0.1400
43545,-0.1400
43555,-0.1400
43567,0.1400
43574,0.1400
43584,0.0700
43590,0.2800
43600,0.2800
43610,-0.0700
43620,0.0700
43627,0.0700
43641,0.1400
43647,0.1400
43656,0.0000
43665,0.0000
43676,-0.0700
43686,0.2800
43692,0.2800
43698,-0.1400
43708,-0.2100
43718,-0.2100
43739,-0.1400
43746,0.0700
43757,-0.0700
43763,-0.0700
43774,-0.3500
43785,-0.1400
43792,-0.1400
43802,-0.0700
43808,-0.1400
43814,-0.1400
43822,0.1400
43832,0.1400
43838,-0.0700
43845,-0.0700
43852,-0.4200
43858,-0.4200
43864,-0.3500
43871,-0.3500
43879,-0.0700
43887,0.0000
43894,0.0000
43904,0.1400
43910,0.1400
43920,-0.2100
43930,-0.1400
43938,-0.2100
43949,-0.2100
43959,-0.1400
43965,0.0700
43977,-0.3500
43983,-0.3500
43989,-0.1400
44000,-0.1400
44006,-0.2800
44013,-0.2800
44019,-0.1400
44029,0.0700
44036,0.0700
44042,0.1400
44052,0.1400
44060,-0.1400
44071,-0.2800
44081,0.0700
44087,0.0700
44097,-0.0700
44107,0.0000
44113,0.0000
44120,-0.2100
44130,0.0700
44140,0.0700
44146,-0.2100
44156,0.0000
44166,0.0000
44178,0.1400
44184,-0.2800
44194,-0.4200
44205,-0.4200
44212,0.0700
44218,0.0700
44224,-0.0700
44231,-0.0700
44238,0.1400
44248,-0.4200
44260,-0.3500
44267,-0.3500
44277,-0.0700
44289,-0.2100
44296,-0.2100
44306,0.0000
44313,-0.4200
44322,-0.4200
44332,-0.3500
44342,-0.1400
44352,0.1400
44359,0.1400
44366,0.0000
44376,-0.2800
44382,-0.2800
44389,-0.1400
44396,-0.1400
44406,0.1400
44418,-0.3500
44424,-0.3500
44435,-0.2800
44446,0.0000
44452,-0.0700
44458,-0.0700
44468,-0.0700
44476,-0.0700
44484,-0.2800
44494,-0.1400
44504,-0.2100
44510,-0.2100
44521,0.1400
44528,0.1400
44534,-0.3500
44546,0.0700
44558,0.0700
44565,0.0700
44571,-0.1400
44581,-0.2100
44588,-0.2100
44595,-0.1400
44601,-0.1400
44612,-0.4200
44619,-0.2800
44629,-0.2800
44641,-0.1400
44651,-0.3500
44657,-0.3500
44664,-0.2100
44670,0.0700
44680,0.0700
44690,0.0700
44700,-0.2100
44709,0.0000
44716,0.0000
44723,0.0700
44732,0.0700
44739,0.1400
44746,0.1400
44756,-0.2800
44811,-0.3500
44822,-0.2100
44834,0.0700
44842,-0.0700
44848,-0.0700
44855,-0.4200
44862,-0.4200
44872,0.2800
44878,-0.2800
44888,-0.2800
44900,-0.3500
44907,-0.2800
44917,-0.3500
44926,-0.3500
44932,0.0700
44939,0.0700
44949,-0.0700
44960,-0.2100
44966,-0.3500
44976,-0.3500
44985,-0.1400
44993,0.1400
45005,0.1400
45015,-0.2100
45024,-0.1400
45036,-0.2100
45045,-0.3500
45055,-0.3500
45062,0.0000
45069,0.0000
45080,-0.3500
45086,-0.2800
45092,-0.2800
45098,-0.2800
45109,0.0700
45116,0.0700
45126,-0.2800
45136,-0.2100
45143,-0.2100
45150,0.4200
45156,0.4200
45164,0.0000
45174,0.1400
45182,0.1400
45189,-0.1400
45200,-0.0700
45207,-0.0700
45218,-0.0700
45228,-0.1400
45235,-0.1400
45242,-0.2100
45248,-0.2100
45259,-0.1400
45269,-0.3500
45279,0.0700
45287,0.0700
45294,-0.2100
45300,-0.2100
45310,0.1400
45316,-0.0700
45324,-0.0700
45334,0.2100
45344,0.0000
45353,0.0000
45360,-0.0700
45366,-0.2100
45390,0.1400
45396,-0.0700
45407,0.2100
45419,0.2100
45426,0.2100
45434,-0.0700
45441,-0.0700
45447,-0.1400
45458,-0.2800
45464,-0.2800
45474,-0.2100
45480,-0.2100
45487,-0.3500
45494,0.0700
45501,0.0700
45508,0.4200
45514,0.4200
45524,0.0700
45530,0.0700
45538,-0.3500
45548,0.0700
45558,0.0700
45567,-0.1400
45573,-0.2100
45579,-0.2100
45587,-0.1400
45597,0.0000
45603,0.0000
45613,-0.3500
45623,0.1400
45634,0.1400
45640,0.0700
45651,-0.0700
45657,-0.0700
45666,-0.4200
45677,-0.2800
45683,-0.2800
45691,0.0000
45702,-0.1400
45712,-0.1400
45721,-0.2800
45731,0.0700
45737,0.0700
45747,-0.2800
45763,-0.1400
45770,0.0700
45779,0.0000
45785,0.0000
45794,-0.2800
45804,-0.3500
45816,-0.3500
45825,0.0700
45835,0.1400
45841,0.1400
45849,0.0000
45858,-0.0700
45866,-0.0700
45874,-0.0700
45883,-0.0700
45892,-0.0700
45898,0.0000
45908,-0.1400
45917,-0.1400
45926,-0.0700
45935,-0.4200
45946,0.0000
45957,0.0000
45967,-0.0700
45973,-0.1400
45979,-0.1400
45989,-0.0700
45999,-0.1400
46008,-0.1400
46020,0.0700
46030,0.0000
46039,0.1400
46045,0.1400
46051,-0.1400
46061,-0.1400
46068,-0.1400
46074,-0.1400
46081,-0.1400
46087,0.0700
46119,-0.1400
46128,-0.2100
46138,0.2800
46145,0.2800
46152,-0.4900
46158,-0.4900
46168,0.0000
46174,0.0000
46180,-0.1400
46196,-0.2100
46205,-0.2800
46212,-0.2800
46222,0.0700
46232,0.0000
46238,0.0000
46250,-0.2800
46257,-0.2800
46268,-0.0700
46278,-0.0700
46289,-0.2100
46295,-0.2100
46304,-0.2100
46314,-0.0700
46324,-0.2800
46334,-0.1400
46340,-0.1400
46349,-0.0700
46360,0.2100
46369,0.2100
46377,0.2100
46388,-0.0700
46394,-0.0700
46402,0.0700
46413,-0.2800
46419,-0.2800
46430,0.0000
46436,0.3500
46444,0.3500
46453,-0.0700
46462,0.0700
46472,0.0700
46482,0.1400
46488,-0.3500
46494,-0.3500
46504,-0.0700
46510,-0.0700
46521,-0.2100
46530,0.0700
46539,-0.2800
46548,-0.2800
46556,-0.3500
46565,0.0700
46575,0.0700
46584,0.0700
46596,-0.0700
46606,-0.0700
46612,-0.0700
46620,0.1400
46626,0.1400
46632,-0.0700
46638,-0.0700
46644,-0.3500
46652,0.0700
46664,0.0700
46670,0.0700
46680,-0.3500
46689,-0.3500
46699,0.0700
46705,-0.3500
46716,-0.3500
46725,-0.0700
46734,-0.0700
46742,-0.0700
46749,0.0000
46758,0.0700
46767,0.0700
46777,0.0700
46787,-0.1400
46794,-0.4200
46801,-0.4200
46814,0.0700
46821,-0.2100
46831,-0.2100
46841,-0.1400
46847,-0.0700
46854,-0.0700
46864,-0.0700
46874,0.1400
46880,0.1400
46892,0.0000
46902,0.0700
46909,0.0700
46916,0.0000
46922,0.0000
46928,-0.0700
46938,-0.0700
46947,-0.0700
46953,-0.2100
46959,-0.2100
46965,-0.0700
46975,-0.0700
46981,-0.0700
46988,0.1400
46994,0.1400
47004,-0.2100
47011,-0.2100
47018,-0.2800
47026,0.0000
47036,0.0000
47046,0.1400
47056,0.3500
47062,0.3500
47068,-0.1400
47074,-0.1400
47080,-0.2800
47086,-0.2800
47097,-0.2100
47104,-0.1400
47110,-0.1400
47122,-0.0700
47128,0.2800
47140,0.2800
47147,-0.2800
47153,-0.2800
47159,0.1400
47171,0.1400
47214,0.0700
47224,-0.2100
47231,-0.2100
47241,0.1400
47253,0.1400
47263,-0.1400
47269,-0.1400
47275,-0.1400
47281,-0.1400
47291,0.0700
47300,-0.2100
47308,-0.2100
47314,0.0700
47324,-0.1400
47330,-0.1400
47342,-0.2100
47349,-0.2100
47359,-0.2100
47370,-0.3500
47376,0.1400
47382,0.1400
47392,-0.0700
47399,-0.0700
47409,-0.2100
47419,-0.4200
47426,0.0700
47436,0.0700
47446,0.0000
47532,-0.2800
47541,0.1400
47551,0.1400
47557,-0.2100
47567,-0.4200
47573,-0.4200
47579,-0.2800
47585,-0.2800
47595,-0.6300
47605,0.0000
47613,0.0000
47619,-0.2100
47629,-0.2100
47640,-0.2800
47649,-0.2100
47658,-0.1400
47670,0.0000
47676,0.0000
47686,-0.2100
47695,-0.0700
47706,-0.0700
47716,-0.0700
47726,-0.2100
47736,0.1400
47742,0.1400
47748,0.0000
47757,0.0000
47767,0.0000
47777,0.0000
47787,-0.2100
47798,-0.2100
47808,0.0700
47818,-0.1400
47828,0.0000
47839,0.0700
47850,0.0000
47856,0.0000
47865,-0.1400
47874,-0.1400
47883,0.0000
47895,0.0700
47907,0.0700
47913,0.0700
47919,-0.2800
47928,-0.2800
47938,-0.2100
47944,0.0700
47950,0.0700
47956,-0.2800
47962,-0.2800
47968,-0.3500
47978,-0.2100
47986,-0.2100
47992,0.1400
48002,0.1400
48009,0.0000
48018,0.0000
48028,0.0000
48038,0.1400
48048,-0.2800
48056,0.0700
48063,0.0700
48071,0.2800
48078,0.2800
48088,0.0000
48094,-0.2100
48101,-0.2100
48107,-0.2100
48113,-0.1400
48119,-0.1400
48126,0.0000
48133,-0.0700
48139,-0.0700
48145,-0.0700
48154,-0.2100
48160,-0.1400
48170,-0.1400
48180,0.0700
48190,0.0000
48200,0.0000
48211,-0.1400
48218,-0.1400
48224,-0.0700
48234,-0.0700
48240,-0.1400
48247,-0.1400
48254,-0.0700
48264,-0.1400
48275,0.0000
48281,0.0000
48288,-0.3500
48295,-0.3500
48305,0.0000
48315,-0.1400
48321,-0.1400
48332,0.0700
48339,-0.1400
48345,-0.1400
48351,-0.1400
48361,0.0700
48372,-0.2800
48381,-0.1400
48387,-0.1400
48399,-0.3500
48406,0.0000
48412,0.0000
48422,0.0000
48433,-0.2800
48440,-0.2800
48451,-0.2800
48461,-0.1400
48471,-0.2100
48483,0.0700
48489,0.0700
48495,-0.0700
48502,-0.0700
48511,0.0700
48522,-0.1400
48532,-0.0700
48542,-0.0700
48549,-0.1400
48557,-0.1400
48568,-0.3500
48578,0.1400
48584,0.0700
48590,0.0700
48596,0.0700
48603,0.0700
48613,0.0000
48623,-0.0700
48633,-0.0700
48644,0.1400
48654,-0.1400
48664,-0.3500
48670,-0.3500
48676,-0.0700
48683,-0.0700
48691,-0.2100
48701,0.1400
48713,-0.1400
48723,-0.1400
48733,0.0700
48744,-0.4900
48750,0.2100
48756,0.2100
48763,0.0000
48770,0.0000
48782,-0.2100
48789,0.0700
48796,0.0700
48803,-0.3500
48815,0.1400
48823,0.1400
48832,-0.4200
48844,-0.2800
48850,-0.2800
48861,-0.1400
48873,-0.2100
48880,0.2800
48890,0.2800
48901,-0.4200
48908,-0.0700
48919,-0.0700
48925,-0.0700
48935,0.3500
48943,-0.0700
48953,-0.0700
48963,-0.0700
48972,0.0700
48980,0.0700
48990,-0.2800
49000,-0.2100
49006,-0.2100
49012,-0.1400
49019,-0.1400
49030,-0.0700
49040,0.0700
49046,0.0700
49056,0.0700
49063,-0.1400
49070,-0.1400
49076,-0.1400
49086,-0.1400
49097,-0.1400
49110,0.0000
49116,-0.0700
49127,-0.2100
49134,-0.2100
49141,-0.2100
49151,0.1400
49161,0.1400
49167,-0.0700
49174,-0.0700
49181,-0.3500
49191,-0.3500
49201,0.0700
49212,0.0700
49222,0.1400
49228,-0.2100
49235,-0.2100
49247,-0.2100
49253,-0.1400
49260,-0.1400
49267,-0.0700
49276,-0.0700
49288,0.1400
49294,0.0000
49304,-0.3500
49314,-0.3500
49324,0.0700
49330,-0.1400
49336,-0.1400
49344,0.0000
49352,0.0000
49363,-0.1400
49389,-0.2100
49395,-0.2100
49408,0.1400
49418,0.1400
49429,0.0700
49439,-0.0700
49445,-0.1400
49455,-0.1400
49461,-0.2100
49471,0.2100
49479,0.2100
49485,0.0000
49495,0.0000
49502,0.0000
49508,0.0000
49519,-0.3500
49529,-0.1400
49539,-0.0700
49551,-0.2100
49561,0.1400
49567,0.1400
49575,-0.2100
49583,-0.2100
49589,-0.0700
49599,-0.0700
49605,0.0000
49615,-0.1400
49621,-0.1400
49631,-0.0700
49637,-0.0700
49647,-0.2100
49653,0.0700
49660,0.0700
49670,0.0700
49679,-0.2100
49685,-0.2100
49692,-0.4900
49700,-0.4900
49710,0.0700
49720,-0.1400
49729,0.1400
49739,0.1400
49750,-0.0700
49759,0.1400
49769,-0.0700
49775,-0.0700
49785,-0.0700
49791,-0.0700
49798,-0.2100
49807,-0.2100
49817,-0.2100
49827,0.0700
49835,-0.2100
49841,-0.2100
49848,0.2100
49857,0.0000
49867,0.0000
49876,0.2100
49882,0.2100
49891,0.0000
49898,0.0000
49904,0.0000
49915,-0.1400
49926,-0.1400
49933,-0.1400
49943,-0.2100
49954,-0.1400
49961,-0.0700
49971,-0.0700
49981,0.0000
49987,0.0700
49997,0.0700
50028,-0.2100
50034,-0.2100
50052,0.1400
50060,0.1400
50069,0.1400
50075,0.1400
50085,0.1400
50095,0.0700
50101,0.0700
50107,-0.4200
50118,0.1400
50124,0.1400
50130,-0.2800
50141,-0.2100
50147,-0.2100
50157,-0.4200
50163,-0.4200
50175,-0.3500
50182,-0.0700
50188,-0.0700
50195,-0.2100
50205,0.0000
50215,0.0000
50226,-0.0700
50233,0.2800
50240,0.2800
50250,0.1400
50260,-0.0700
50271,-0.2100
50281,-0.2100
50292,0.0700
50300,-0.0700
50307,-0.2800
50313,-0.2800
50323,0.1400
50331,0.1400
50341,-0.0700
50351,0.0000
50361,-0.1400
50367,-0.1400
50381,0.1400
50390,-0.2800
50398,0.2800
50405,0.2800
50416,-0.0700
50423,0.0700
50429,0.0700
50435,0.0700
50445,-0.0700
50452,-0.2100
50459,-0.2100
50469,-0.4200
50479,-0.4200
50489,-0.2100
50497,-0.2100
50505,-0.0700
50512,-0.0700
50518,-0.3500
50528,-0.0700
50539,0.1400
50546,0.1400
50556,-0.2100
50563,-0.2100
50570,-0.2100
50576,-0.2100
50582,-0.0700
50594,-0.1400
50604,-0.2100
50610,-0.2100
50620,-0.0700
50626,-0.0700
50636,0.0000
50642,-0.3500
50651,-0.3500
50661,-0.2800
50667,-0.2800
50673,-0.1400
50679,-0.1400
50686,0.0000
50692,0.0000
50699,-0.2800
50708,0.0000
50719,0.1400
50725,0.1400
50733,-0.2100
50742,-0.2100
50751,-0.2100
50761,-0.2100
50767,-0.2100
50778,-0.0700
50786,0.0700
50792,0.0700
50803,-0.2100
50810,0.0700
50816,0.0700
50825,0.0700
50833,0.0700
50843,0.0000
50853,-0.2800
50862,0.1400
50875,0.1400
50882,0.1400
50893,-0.1400
50904,-0.1400
50911,-0.1400
50921,-0.0700
50930,-0.1400
50938,-0.0700
50947,-0.0700
50956,-0.2800
50966,-0.3500
50976,-0.3500
50982,-0.0700
50993,-0.2100
51003,0.0000
51014,0.0000
51023,-0.3500
51033,0.0000
51041,-0.3500
51051,-0.3500
51057,-0.2100
51067,0.1400
51078,0.1400
51085,-0.2800
51097,0.0700
51104,0.0700
51112,-0.2100
51123,-0.1400
51129,-0.1400
51135,0.0000
51147,0.0700
51157,-0.1400
51167,-0.1400
51178,-0.4900
51184,-0.3500
51195,0.2100
51210,0.2800
51220,0.2800
51231,0.0700
51238,0.0000
51245,0.0000
51256,-0.1400
51264,0.1400
51271,0.1400
51277,-0.0700
51287,-0.1400
51293,-0.1400
51303,0.0700
51312,0.0700
51319,0.0700
51327,-0.2800
51334,-0.2800
51341,-0.1400
51347,-0.1400
51357,-0.2100
51363,0.2800
51369,0.2800
51379,-0.1400
51389,0.0700
51401,0.0700
51407,-0.0700
51417,-0.0700
51429,-0.0700
51439,-0.0700
51447,-0.2100
51457,-0.0700
51467,-0.2800
51477,-0.2800
51487,0.3500
51493,-0.1400
51500,-0.1400
51511,-0.0700
51517,-0.1400
51527,-0.1400
51540,-0.0700
51547,-0.2100
51568,0.1400
51576,0.0000
51582,-0.0700
51589,-0.0700
51600,-0.0700
51606,-0.0700
51616,-0.4900
51627,0.0000
51639,-0.2100
51645,-0.2100
51653,0.2100
51660,-0.0700
51668,-0.0700
51675,-0.0700
51683,-0.0700
51696,0.0000
51706,-0.2100
51712,0.0000
51721,0.0000
51733,0.0000
51739,-0.2800
51747,-0.2800
51756,-0.0700
51768,-0.1400
51774,-0.1400
51787,-0.4900
51795,-0.2100
51807,-0.2100
51813,-0.2100
51823,-0.2100
51832,-0.2100
51840,0.2800
51850,0.2800
51859,-0.0700
51868,-0.1400
51878,0.0000
51888,0.0000
51898,0.0000
51905,0.2800
51912,0.2800
51918,0.1400
51926,0.1400
51936,-0.4200
51942,-0.1400
51952,-0.1400
51961,-0.0700
51967,-0.0700
51976,-0.2800
52020,-0.3500
52028,-0.3500
52038,-0.1400
52049,0.0700
52059,-0.1400
52065,-0.1400
52075,-0.2100
52081,-0.2100
52088,0.1400
52100,-0.2100
52108,-0.2100
52115,0.0000
52121,0.0700
52131,0.0700
52140,0.0700
52151,0.1400
52160,0.1400
52167,-0.0700
52174,-0.2800
52184,-0.2800
52196,-0.0700
52203,-0.5600
52209,-0.5600
52219,-0.0700
52226,-0.0700
52237,-0.0700
52247,-0.2100
52257,-0.3500
52267,0.0000
52278,0.2800
52284,0.2800
52290,-0.0700
52296,-0.0700
52304,-0.1400
52311,-0.1400
52319,0.0000
52325,0.0000
52338,-0.2100
52344,-0.0700
52355,0.0000
52365,0.0000
52371,-0.2100
52383,-0.0700
52390,-0.0700
52397,0.2100
52404,0.2100
52410,0.0700
52423,0.0000
52430,0.0000
52436,-0.2100
52446,-0.2100
52452,-0.2100
52458,-0.0700
52479,-0.1400
52488,-0.2800
52499,-0.0700
52509,-0.3500
52522,0.1400
52528,0.1400
52540,-0.1400
52550,0.2100
52557,0.2100
52564,0.0000
52574,0.1400
52584,0.1400
52590,0.0700
52600,0.2100
52617,-0.3500
52626,-0.2100
52636,-0.2100
52646,-0.2100
52653,-0.1400
52659,-0.1400
52668,-0.2100
52676,-0.4200
52685,-0.4200
52695,0.0700
52703,0.0000
52709,0.0000
52715,-0.0700
52725,-0.0700
52735,-0.2100
52745,-0.2100
52757,0.0700
52763,0.0700
52773,-0.2800
52783,-0.0700
52793,0.2100
52803,0.2100
52809,-0.1400
52820,0.0700
52830,0.0700
52839,0.0700
52846,0.0000
52853,0.0000
52863,-0.4200
52873,-0.1400
52883,-0.1400
52892,-0.1400
52902,-0.2800
52910,-0.2100
52919,-0.2100
52928,0.2100
52937,-0.2800
52948,0.0700
52956,0.0700
52964,0.0700
52974,-0.2800
52985,0.0000
52994,0.0000
53003,-0.2800
53014,-0.1400
53020,-0.1400
53030,0.1400
53038,-0.0700
53050,-0.0700
53059,-0.0700
53065,-0.0700
53071,-0.0700
53081,0.0700
53091,-0.2100
53098,-0.2100
53108,-0.3500
53118,0.0700
53124,0.0700
53135,-0.4200
53147,0.1400
53157,0.1400
53163,0.1400
53169,0.0700
53175,0.0700
53181,0.0700
53188,0.0700
53195,0.2100
53201,0.2100
53211,0.2100
53217,-0.2100
53223,-0.2100
53229,-0.4200
53236,-0.4200
53242,-0.2100
53252,-0.2100
53262,0.0000
53272,-0.1400
53283,-0.0700
53294,-0.2100
53305,-0.2100
53312,-0.2800
53324,-0.2100
53330,-0.2100
53340,0.2100
53352,0.2100
53359,-0.2100
53370,-0.2100
53381,-0.1400
53389,0.1400
53396,0.0700
53402,0.0700
53408,0.0700
53414,0.0000
53420,0.0000
53430,-0.2100
53438,0.2800
53448,-0.0700
53458,-0.0700
53468,0.3500
53474,-0.2800
53480,-0.2800
53491,-0.3500
53497,-0.3500
53505,-0.0700
53515,-0.1400
53522,-0.1400
53529,-0.1400
53540,0.1400
53550,-0.1400
53556,-0.1400
53566,-0.2800
53578,0.2100
53585,0.2100
53597,-0.2800
53603,0.0000
53609,0.0000
53615,0.0000
53625,0.1400
53631,-0.4200
53641,-0.4200
53648,-0.4200
53654,-0.2100
53664,-0.2100
53675,0.1400
53684,0.0700
53695,-0.2100
53705,-0.2100
53711,-0.2800
53717,-0.2800
53728,-0.3500
53735,0.0700
53742,0.0700
53748,-0.1400
53755,-0.1400
53761,-0.2100
53767,-0.2100
53779,-0.1400
53786,-0.2100
53792,-0.2100
53803,-0.1400
53810,0.3500
53821,-0.0700
53827,-0.0700
53833,-0.0700
53843,0.1400
53850,-0.2800
53860,0.3500
53871,0.3500
53881,-0.2100
53892,-0.2800
53902,0.0000
53914,-0.2100
53925,-0.1400
53933,-0.1400
53939,0.1400
53946,0.1400
53952,-0.2100
53959,-0.2100
53972,-0.1400
53978,0.0000
53984,0.0000
53992,-0.3500
53998,-0.3500
54009,-0.2100
54020,-0.2800
54030,0.0000
54050,-0.2100
54059,-0.2800
54067,0.0000
54077,0.0000
54083,0.1400
54093,-0.4200
54105,-0.0700
54112,-0.0700
54122,0.0000
54128,0.0000
54135,0.2100
54145,-0.0700
54151,-0.0700
54158,0.0000
54168,0.0000
54175,0.0000
54182,-0.2100
54188,-0.2100
54198,0.0000
54210,-0.3500
54216,-0.3500
54226,-0.2100
54237,0.0700
54243,0.0700
54253,-0.1400
54259,-0.0700
54265,-0.0700
54272,-0.0700
54278,-0.2100
54288,0.0000
54298,-0.0700
54311,-0.2800
54319,-0.2800
54329,-0.1400
54340,-0.1400
54350,-0.1400
54360,-0.1400
54371,0.1400
54377,0.0700
54388,0.2100
54395,0.2100
54403,0.2800
54413,0.0000
54425,-0.2100
54434,-0.2100
54444,-0.3500
54450,-0.3500
54457,-0.2100
54464,0.0000
54474,0.0000
54485,-0.0700
54491,-0.0700
54514,-0.2100
54524,-0.0700
54530,-0.0700
54541,-0.0700
54548,0.3500
54558,0.2800
54564,0.2800
54574,0.1400
54585,-0.4200
54595,-0.1400
54606,-0.2800
54614,-0.2800
54625,-0.3500
54632,0.1400
54638,0.1400
54647,-0.0700
54655,-0.0700
54661,0.2100
54667,0.2100
54676,-0.0700
54686,-0.3500
54692,-0.3500
54702,0.2100
54708,0.2100
54714,-0.2100
54721,-0.2100
54732,-0.0700
54738,-0.1400
54744,-0.1400
54750,0.0700
54756,0.0700
54762,0.0700
54768,0.0700
54778,-0.2800
54785,-0.2800
54795,-0.2800
54801,0.0000
54808,0.0000
54820,-0.1400
54827,0.0000
54833,0.0000
54839,0.0700
54845,0.0700
54855,0.2100
54861,0.2100
54867,0.2800
54873,0.2800
54883,0.0000
54889,0.0000
54900,0.0000
54907,-0.2800
54913,-0.2800
54920,0.2100
54928,0.3500
54934,0.3500
54940,-0.3500
54947,-0.3500
54955,-0.0700
54966,-0.0700
54973,-0.2100
54980,0.0700
54986,0.0700
54993,-0.1400
55005,-0.1400
55013,-0.1400
55023,0.0000
55030,0.0000
55037,-0.4200
55048,0.0700
55054,0.0700
55061,0.0000
55068,0.0000
55074,0.1400
55084,-0.1400
55096,0.0700
55103,0.0700
55113,0.0000
55119,0.0000
55125,0.1400
55135,0.0700
55141,0.0700
55151,0.0700
55158,0.0700
55165,0.1400
55176,-0.0700
55186,-0.4200
55192,-0.4200
55199,-0.0700
55206,-0.0700
55219,-0.2800
55229,0.0000
55239,-0.0700
55250,0.0000
55256,0.0000
55262,-0.0700
55273,-0.0700
55280,-0.1400
55289,-0.1400
55295,-0.1400
55305,-0.2100
55312,-0.2100
55319,-0.2100
55329,0.0000
55339,0.0700
55349,0.0700
55360,0.0700
55370,-0.1400
55376,-0.1400
55386,-0.2100
55393,-0.2800
55400,-0.2800
55411,-0.0700
55422,-0.1400
55433,-0.0700
55442,-0.0700
55448,-0.4200
55457,0.1400
55467,0.1400
55478,0.0000
55489,-0.1400
55495,-0.0700
55505,-0.0700
55512,0.1400
55520,0.0700
55526,0.0700
55536,-0.0700
55546,0.2100
55552,0.2100
55562,-0.0700
55568,-0.0700
55574,0.0700
55584,0.0700
55595,-0.2800
55605,0.3500
55611,-0.0700
55623,0.1400
55629,0.1400
55639,-0.0700
55646,-0.0700
55653,-0.3500
55662,-0.0700
55668,-0.0700
55674,-0.3500
55682,-0.3500
55694,0.0700
55700,-0.1400
55711,-0.1400
55723,-0.2100
55733,0.0700
55739,-0.0700
55748,-0.0700
55759,0.1400
55768,-0.3500
55777,0.0000
55786,0.0000
55797,0.1400
55808,-0.1400
55819,-0.1400
55825,-0.1400
55836,0.0000
55842,-0.0700
55848,-0.0700
55858,0.0000
55868,0.0000
55877,0.0000
55885,0.0000
55891,0.0000
55900,0.0000
55909,0.0700
55920,-0.0700
55926,-0.0700
55932,0.0000
55943,0.0000
55952,-0.0700
55962,0.0000
55970,-0.0700
55979,-0.0700
55990,-0.3500
55997,0.0000
56007,0.0000
56014,-0.2100
56025,-0.1400
56035,-0.1400
56041,-0.1400
56050,-0.4900
56062,-0.2100
56072,-0.2100
56082,-0.1400
56092,0.1400
56101,0.0700
56111,0.0700
56117,-0.0700
56124,-0.0700
56131,-0.4900
56142,-0.0700
56149,-0.0700
56156,-0.1400
56166,0.0000
56173,0.0000
56179,-0.0700
56189,-0.0700
56198,-0.0700
56204,-0.0700
56213,-0.0700
56224,-0.2100
56234,0.0700
56240,0.0700
56251,0.0000
56259,-0.2800
56269,0.2100
56279,-0.1400
56289,-0.1400
56299,-0.0700
56305,0.0000
56361,-0.0700
56370,-0.1400
56377,-0.1400
56388,-0.2100
56398,-0.0700
56408,-0.0700
56418,0.0000
56428,-0.2100
56438,0.0700
56446,0.1400
56452,0.1400
56458,0.1400
56468,0.1400
56479,-0.0700
56488,0.0000
56498,0.0000
56507,-0.2100
56513,-0.2800
56519,-0.2800
56529,0.0000
56540,-0.2800
56547,-0.2800
56558,0.1400
56565,-0.0700
56572,-0.0700
56584,-0.2800
56591,-0.3500
56601,0.0000
56611,0.0000
56618,-0.0700
56628,-0.0700
56637,-0.0700
56646,0.0000
56661,-0.2800
56669,0.4200
56675,0.4200
56682,-0.1400
56689,-0.1400
56697,-0.2100
56704,-0.2800
56710,-0.2800
56720,0.0700
56726,0.0700
56736,-0.1400
56742,0.5600
56752,0.5600
56762,0.2100
56769,-0.2100
56784,0.0000
56791,0.0000
56800,0.0000
56893,-0.0700
56902,0.1400
56908,0.1400
56915,0.4200
56921,0.4200
56930,-0.2100
56938,-0.1400
56948,-0.1400
56954,-0.0700
56960,-0.0700
56966,-0.2100
56975,-0.2100
56985,-0.2100
56992,0.0700
57002,-0.3500
57009,-0.3500
57016,-0.2800
57028,-0.0700
57039,-0.2100
57046,-0.2100
57054,-0.2100
57065,-0.2100
57071,-0.2100
57080,0.0700
57090,-0.2100
57096,-0.2100
57107,-0.3500
57116,0.0700
57126,0.0700
57132,0.1400
57139,0.1400
57146,-0.1400
57161,-0.1400
57169,-0.0700
57179,-0.0700
57189,-0.0700
57201,-0.2100
57209,0.2100
57219,-0.0700
57231,-0.0700
57238,0.0000
57246,-0.1400
57255,-0.1400
57263,0.0000
57271,0.0000
57281,-0.3500
57288,0.1400
57298,0.2100
57305,0.2100
57311,0.0000
57321,0.0000
57327,-0.3500
57337,-0.0700
57349,-0.2100
57357,-0.2100
57363,-0.3500
57370,-0.3500
57377,-0.2100
57383,-0.2100
57393,-0.2100
57403,0.0700
57413,-0.4200
57423,-0.4200
57433,0.2800
57446,-0.1400
57454,-0.0700
57460,-0.0700
57466,0.2100
57473,0.2100
57484,-0.4200
57492,-0.2100
57502,0.1400
57512,0.1400
57519,-0.2100
57526,-0.2100
57536,-0.1400
57542,0.0000
57550,0.0000
57557,0.2100
57567,-0.3500
57574,-0.3500
57580,-0.0700
57592,-0.0700
57599,-0.0700
57609,-0.2800
57615,-0.2800
57625,-0.2100
57635,-0.0700
57642,-0.0700
57648,0.3500
57659,-0.0700
57665,-0.0700
57671,-0.3500
57680,-0.3500
57696,-0.2800
57702,-0.2800
57710,-0.4200
57721,-0.4200
57727,0.0000
57735,0.3500
57744,0.3500
57753,0.2800
57761,-0.1400
57771,-0.1400
57777,0.0700
57789,-0.1400
57795,-0.1400
57801,-0.4900
57812,0.0700
57823,0.0700
57831,0.0700
57840,-0.0700
57849,-0.0700
57859,-0.2100
57868,-0.4900
57874,-0.4900
57880,-0.0700
57890,0.0700
57896,0.0700
57908,-0.1400
57914,0.0700
57922,0.0700
57931,-0.0700
57942,0.0000
57948,0.0000
57957,-0.2100
57966,-0.1400
57976,-0.1400
57984,-0.3500
57992,-0.2100
58002,-0.2100
58008,0.0000
58015,0.0000
58025,-0.0700
58034,-0.1400
58040,-0.1400
58047,-0.3500
58057,0.0000
58063,0.0000
58073,-0.2100
58084,-0.2800
58090,-0.2800
58097,-0.2800
58103,-0.2800
58109,0.1400
58115,0.1400
58131,0.1400
58138,-0.1400
58144,-0.1400
58154,0.0000
58161,0.0000
58168,0.0000
58179,-0.1400
58185,0.1400
58193,0.1400
58201,-0.2800
58207,-0.2800
58218,-0.1400
58224,-0.2100
58230,-0.2100
58238,0.1400
58247,0.1400
58257,-0.1400
58267,-0.1400
58273,-0.1400
58279,-0.1400
58289,0.2100
58295,0.2100
58301,-0.3500
58310,-0.3500
58316,0.0000
58325,0.0000
58335,-0.0700
58341,-0.1400
58347,-0.1400
58359,-0.3500
58365,-0.2100
58375,-0.2100
58385,-0.0700
58395,0.1400
58405,-0.0700
58411,-0.0700
58421,-0.2800
58431,-0.4200
58439,-0.4200
58452,0.0000
58461,-0.1400
58471,-0.2800
58478,-0.2800
58484,-0.0700
58494,-0.2800
58506,-0.2100
58513,-0.2100
58528,0.2800
58534,-0.1400
58540,-0.1400
58546,-0.0700
58553,-0.0700
58560,-0.2100
58570,0.0000
58580,0.0000
58590,0.2100
58601,-0.2800
58609,-0.0700
58619,-0.0700
58630,0.0700
58637,-0.4200
58648,-0.2100
58659,-0.2100
58666,0.0000
58675,0.0700
58687,-0.1400
58694,-0.1400
58703,-0.2800
58712,-0.2800
58722,-0.2100
58731,-0.4200
58739,-0.2800
58749,-0.2800
58757,0.0000
58766,-0.3500
58776,0.0700
58786,0.0700
58795,-0.0700
58804,-0.1400
58813,-0.1400
58820,0.0700
58826,0.0700
58832,0.0000
58841,-0.1400
58847,-0.1400
58854,-0.0700
58863,-0.0700
58874,-0.2800
58881,-0.1400
58891,-0.1400
58900,-0.0700
58909,-0.0700
58919,-0.4900
58928,-0.4900
58934,-0.2100
58943,-0.2100
58952,-0.2100
58960,-0.1400
58969,0.0700
58979,0.0700
58985,-0.1400
58993,-0.1400
58999,-0.1400
59011,-0.2100
59021,0.1400
59031,0.1400
59041,-0.2800
59051,-0.0700
59057,-0.0700
59067,-0.3500
59078,0.0700
59085,-0.0700
59108,-0.0700
59115,-0.2800
59125,-0.3500
59135,-0.3500
59145,0.1400
59152,-0.3500
59159,-0.3500
59169,0.1400
59178,-0.2100
59191,-0.2800
59200,-0.2800
59206,-0.1400
59214,-0.3500
59226,-0.3500
59233,0.2100
59243,-0.0700
59250,-0.0700
59256,-0.3500
59266,-0.0700
59276,-0.0700
59282,-0.4900
59288,-0.4900
59294,-0.2800
59300,-0.2800
59310,0.0000
59316,0.0000
59326,0.0700
59332,-0.2800
59342,-0.1400
59348,-0.1400
59358,0.1400
59368,0.0700
59379,0.0700
59389,-0.4900
59399,0.1400
59405,0.1400
59417,-0.0700
59428,-0.4900
59435,-0.2800
59441,-0.2800
59447,0.0700
59454,0.0700
59461,0.0000
59471,-0.2100
59482,-0.2100
59492,0.0000
59501,-0.0700
59512,0.2800
59518,0.2800
59524,0.2100
59531,0.2100
59538,0.2100
59548,-0.1400
59555,-0.1400
59567,-0.2100
59574,-0.2100
59584,-0.2800
59594,0.0000
59603,-0.1400
59614,-0.3500
59624,-0.3500
59633,-0.2800
59644,-0.1400
59650,-0.1400
59657,0.1400
59667,0.0700
59673,0.0700
59683,0.0000
59693,0.0000
59703,0.1400
59716,-0.4900
59726,-0.4900
59736,0.0000
59748,-0.3500
59759,-0.0700
59772,0.0700
59780,-0.2100
59791,-0.2100
59798,0.0700
59804,0.0700
59814,-0.2100
59824,-0.2100
59832,-0.2800
59839,-0.2800
59847,-0.1400
59853,-0.1400
59864,-0.0700
59870,-0.0700
59881,-0.0700
59888,0.0700
59895,0.0700
59901,0.0700
59908,0.0700
59916,0.1400
59925,0.0700
59931,0.0700
59942,-0.1400
59948,-0.2800
59958,-0.2800
59966,-0.2800
59974,-0.1400
59984,-0.1400
59992,0.2100
59999,-0.3500
60007,-0.3500
60013,-0.4200
60019,-0.4200
60026,-0.2100
60037,-0.2100
60047,0.2100
60053,0.1400
60063,-0.1400
60073,-0.1400
60083,-0.2800
60093,0.0000
60100,0.0000
60107,-0.0700
60113,-0.0700
60124,-0.2800
60131,-0.3500
60139,-0.3500
60147,0.0000
60157,-0.0700
60163,-0.0700
60173,-0.1400
60183,0.0000
60189,0.0000
60199,-0.2800
60205,0.1400
60212,0.1400
60222,0.0000
60229,0.0000
60236,-0.0700
60242,-0.0700
60248,0.0000
60258,0.0700
60266,0.0700
60272,-0.2100
60283,-0.4900
60289,-0.4900
60295,-0.1400
60301,-0.1400
60308,0.0700
60315,0.0700
60321,-0.2800
60330,-0.2800
60342,0.0700
60348,-0.0700
60362,0.0700
60371,-0.1400
60381,-0.1400
60392,0.0700
60401,0.0700
60411,-0.0700
60418,-0.0700
60424,0.0000
60434,0.0000
60446,-0.2100
60454,0.0000
60461,0.0000
60474,-0.2100
60481,-0.2100
60491,-0.1400
60501,-0.2100
60511,-0.2100
60521,0.1400
60527,-0.1400
60537,-0.1400
60544,-0.2800
60551,-0.2800
60558,-0.1400
60565,0.0000
60571,0.0000
60577,0.0000
60584,0.2100
60594,-0.0700
60604,-0.2800
60610,-0.2800
60620,-0.0700
60630,-0.4200
60640,-0.4200
60650,-0.3500
60657,-0.2100
60664,-0.2100
60675,-0.2100
60687,-0.1400
60697,-0.2100
60709,-0.2100
60717,-0.2100
60723,0.0000
60729,0.0000
60741,-0.2800
60748,0.1400
60758,-0.1400
60769,-0.1400
60779,-0.0700
60790,-0.2100
60800,0.0000
60810,-0.2800
60817,-0.2800
60829,0.1400
60835,-0.3500
60846,-0.3500
60854,0.0000
60864,-0.0700
60874,-0.4200
60884,-0.4200
60890,-0.2800
60902,-0.3500
60909,-0.3500
60920,-0.4200
60930,0.0000
60942,-0.1400
60949,-0.1400
60960,-0.4200
60970,-0.1400
60979,-0.2100
61024,-0.2100
61032,-0.2100
61040,-0.2100
61048,-0.2100
61059,-0.2100
61105,-0.2100
61115,-0.2100
61121,-0.2100
