13182,0.0000
13192,0.0000
13200,0.0000
13209,0.3500
13216,0.3500
13225,0.4200
13234,0.0700
13243,0.0700
13253,0.1400
13264,0.1400
13274,0.4900
13287,0.2800
13297,0.3500
13309,0.3500
13319,0.2100
13329,0.2100
13341,0.2800
13351,-0.1400
13361,-0.1400
13373,0.0700
13383,0.0000
13394,-0.2100
13404,-0.1400
13416,0.0700
13426,0.0000
13433,0.0000
13440,0.0700
13450,0.0700
13460,0.1400
13470,0.2100
13480,0.0000
13491,-0.1400
13502,-0.1400
13512,0.0700
13521,0.2100
13534,0.0000
13544,0.0700
13551,0.0700
13561,0.0700
13571,0.1400
13581,-0.0700
13591,-0.0700
13606,-0.2100
13616,-0.2100
13626,-0.2100
13636,0.2800
13647,-0.0700
13657,-0.0700
13667,0.0000
13677,0.2800
13689,0.0000
13701,0.2100
13712,0.1400
13724,0.0700
13732,0.0700
13741,0.0000
13752,-0.3500
13762,0.0000
13772,0.0000
13784,-0.0700
13791,0.1400
13803,0.1400
13813,-0.2100
13820,-0.2100
13830,0.2100
13840,-0.0700
13850,-0.0700
13859,0.1400
13869,-0.2800
13879,0.2100
13889,0.2100
13902,0.3500
13909,0.0000
13919,-0.0700
13929,0.0700
13941,-0.2100
13951,-0.2100
13963,0.1400
13973,0.1400
13986,0.2800
13998,0.2100
14008,0.0700
14018,0.0700
14029,0.0700
14039,-0.0700
14051,-0.1400
14061,-0.0700
14071,0.2100
14083,0.2800
14093,0.2800
14102,0.0700
14112,-0.1400
14122,-0.1400
14132,-0.1400
14143,0.0000
14153,-0.2800
14165,-0.0700
14176,0.2100
14187,0.0700
14199,0.0700
14207,0.0700
14217,0.4200
14227,0.2800
14236,0.2800
14246,0.0000
14256,-0.1400
14266,0.0700
14276,0.0700
14284,0.2100
14292,0.2800
14301,0.2800
14317,0.4200
14324,0.4200
14334,-0.2100
14344,0.0000
14353,0.0000
14363,0.0700
14370,0.4200
14383,-0.1400
14390,-0.1400
14400,0.0700
14412,0.0000
14422,-0.0700
14432,-0.2100
14442,-0.2100
14455,0.4900
14463,0.0000
14473,0.0700
14483,-0.2100
14495,-0.2100
14505,-0.2100
14515,0.2100
14526,0.0700
14539,0.1400
14551,0.0700
14561,0.5600
14571,0.5600
14587,0.0000
14596,0.0000
14608,0.2800
14618,-0.0700
14628,0.2100
14640,0.2100
14654,0.0000
14665,0.0700
14675,0.0700
14685,-0.0700
14697,0.0700
14707,-0.1400
14717,0.0700
14727,0.3500
14737,0.3500
14749,0.2800
14760,0.2800
14770,0.0700
14781,0.1400
14793,0.1400
14800,0.1400
14812,0.4900
14822,0.1400
14832,0.1400
14842,0.1400
14852,-0.2100
14862,0.0700
14875,0.1400
14885,0.1400
14895,0.0700
14904,0.0700
14914,-0.0700
14921,0.0000
14933,-0.2800
14943,-0.2800
14953,-0.0700
14963,0.2800
14973,0.2800
14983,0.2800
14991,0.0700
15001,0.0000
15008,0.0000
15032,0.1400
15042,0.0700
15052,-0.0700
15061,-0.0700
15069,-0.0700
15079,0.0000
15089,0.2800
15098,0.2800
15108,0.0700
15119,0.3500
15129,-0.0700
15139,-0.0700
15147,0.2800
15160,-0.0700
15169,-0.1400
15177,-0.1400
15186,0.1400
15196,-0.0700
15203,-0.0700
15210,0.2100
15220,0.2100
15228,0.2100
15238,0.2800
15248,0.4200
15257,-0.1400
15266,-0.1400
15276,0.3500
15283,0.1400
15297,-0.0700
15310,0.1400
15317,0.1400
15327,0.0700
15337,0.0700
15349,-0.2100
15359,0.2100
15369,0.2100
15382,0.0000
15392,0.0000
15405,-0.2800
15416,-0.0700
15426,0.2800
15434,0.2800
15444,0.4200
15455,-0.0700
15465,0.0700
15475,0.0000
15485,0.0000
15495,0.0700
15508,-0.1400
15519,0.2800
15529,0.1400
15539,0.1400
15549,0.1400
15559,0.0700
15569,-0.1400
15580,-0.2100
15592,0.0700
15600,0.0700
15610,0.2100
15622,0.0700
15629,0.0700
15636,0.0700
15643,0.1400
15653,0.1400
15662,0.3500
15671,0.2100
15681,0.0700
15690,0.0700
15699,0.2100
15708,0.2800
15716,0.2800
15726,0.2100
15736,0.0700
15745,0.2100
15753,0.2100
15762,0.0000
15771,0.2100
15779,0.2100
15790,-0.0700
15797,0.3500
15809,0.3500
15818,0.2100
15826,0.0700
15836,-0.1400
15844,-0.1400
15854,0.0000
15867,0.0700
15875,0.0700
15884,0.0700
15893,0.2800
15902,0.0700
15911,0.0700
15919,-0.0700
15928,-0.1400
15938,0.2800
15947,0.2800
15957,0.0700
15966,0.0700
15974,0.0700
15982,0.1400
15991,-0.1400
16001,-0.1400
16014,0.0700
16024,0.4200
16035,0.2100
16044,-0.1400
16052,-0.1400
16065,0.0000
16075,0.3500
16085,0.3500
16095,0.3500
16105,0.3500
16112,0.1400
16122,0.0700
16134,-0.0700
16144,0.0700
16154,0.0700
16164,0.4200
16175,0.0000
16186,0.2800
16198,0.2800
16209,0.2800
16219,0.2800
16233,-0.0700
16241,0.2100
16251,-0.3500
16260,0.0700
16267,0.0700
16277,0.1400
16287,0.0700
16297,0.0700
16308,-0.0700
16317,-0.0700
16327,-0.0700
16341,0.1400
16351,0.0700
16361,0.0700
16371,0.1400
16381,0.2800
16390,0.0000
16397,0.0000
16409,0.0700
16419,-0.0700
16426,-0.0700
16433,0.2800
16445,0.4200
16455,-0.2100
16465,-0.2100
16475,-0.0700
16485,-0.0700
16496,0.0700
16506,0.2800
16516,0.2800
16526,0.1400
16537,-0.0700
16544,0.2100
16554,0.2100
16564,-0.0700
16574,0.2100
16583,0.2800
16596,0.2100
16604,0.2100
16614,0.1400
16624,0.3500
16637,0.0700
16647,0.2800
16655,0.2800
16664,0.1400
16674,0.0700
16685,0.0700
16696,0.0700
16706,0.3500
16716,0.2800
16725,0.1400
16737,-0.0700
16746,-0.0700
16756,-0.0700
16765,-0.2800
16777,0.0000
16787,0.0000
16797,0.2100
16806,-0.1400
16819,0.0000
16838,0.2800
16847,-0.0700
16856,-0.1400
16866,0.2800
16875,0.2800
16885,0.0700
16895,-0.2100
16905,0.0000
16915,0.0000
16923,0.3500
16930,0.0700
16939,0.0700
16948,0.2100
16957,0.0000
16967,0.0000
16975,0.1400
16986,-0.0700
16995,0.1400
17006,0.1400
17015,0.2100
17027,0.0700
17036,-0.1400
17045,-0.1400
17055,0.0700
17065,0.0000
17075,0.5600
17085,0.0000
17095,0.0000
17106,0.1400
17117,0.2100
17127,0.1400
17136,0.2100
17146,0.2100
17156,-0.0700
17166,0.2800
17175,0.0000
17185,0.0000
17196,0.0700
17208,-0.1400
17217,-0.2100
17229,0.2800
17239,0.0000
17246,0.0000
17256,-0.0700
17268,0.2100
17275,0.2100
17285,0.1400
17295,0.2800
17304,0.1400
17314,0.1400
17321,0.2100
17331,0.0000
17341,-0.3500
17349,-0.3500
17356,-0.0700
17366,-0.0700
17376,0.2100
17386,-0.0700
17396,0.1400
17403,0.1400
17411,0.0000
17421,0.2100
17429,0.2100
17439,-0.2100
17446,-0.2100
17456,-0.2100
17466,0.0000
17476,0.0700
17487,0.2100
17494,0.2100
17504,0.3500
17514,0.0700
17524,0.1400
17534,0.1400
17544,-0.1400
17554,-0.1400
17564,0.0000
17576,0.1400
17586,0.1400
17596,-0.0700
17605,-0.2100
17615,0.2100
17625,0.0000
17635,0.0000
17648,0.1400
17657,-0.1400
17667,0.2100
17675,0.2100
17685,0.0000
17693,0.1400
17702,0.1400
17711,-0.1400
17719,0.0000
17731,-0.1400
17739,-0.1400
17748,0.0700
17757,0.1400
17766,0.2100
17777,0.2100
17787,0.1400
17796,-0.2800
17805,-0.0700
17813,-0.0700
17823,0.0000
17830,0.0000
17842,-0.0700
17849,0.0700
17858,0.0000
17869,0.0000
17877,0.1400
17886,0.0700
17895,0.0700
17903,0.0700
17911,0.2100
17922,-0.0700
17932,-0.0700
17941,0.3500
17950,0.0700
17958,0.0700
17967,-0.2100
17977,0.3500
17986,0.1400
17997,0.1400
18006,-0.0700
18014,-0.0700
18022,-0.0700
18031,-0.0700
18041,0.0700
18051,-0.0700
18061,-0.0700
18068,0.2100
18078,0.0700
18088,0.0700
18098,0.2100
18108,-0.0700
18118,0.1400
18128,0.0000
18135,0.0000
18142,0.2100
18152,0.2100
18162,0.0000
18172,0.0700
18182,0.0700
18192,0.2800
18202,0.2800
18216,0.0000
18226,0.0700
18236,0.2100
18243,0.2100
18253,0.2100
18266,0.0700
18274,0.2100
18284,0.2100
18295,0.2800
18305,0.2800
18315,0.0000
18326,0.0700
18336,0.2100
18346,0.2100
18356,-0.0700
18367,0.2800
18377,0.0700
18387,0.0000
18397,0.0000
18404,0.1400
18412,0.2800
18422,0.2800
18433,0.0700
18444,0.0700
18462,0.1400
18472,0.3500
18482,0.0000
18492,0.0000
18501,0.1400
18511,0.1400
18521,0.0000
18531,0.2100
18538,0.2100
18548,0.1400
18559,0.2800
18569,-0.1400
18579,0.2800
18589,0.2800
18596,0.0000
18606,0.0000
18616,0.0000
18626,-0.0700
18669,0.2800
18676,0.2800
18690,0.0700
18700,-0.0700
18710,-0.2100
18722,0.3500
18732,0.3500
18742,0.0000
18752,0.3500
18762,0.0700
18773,0.3500
18784,0.3500
18797,0.3500
18806,0.3500
18816,0.1400
18826,0.0700
18836,-0.2800
18846,-0.2800
18854,0.4200
18864,-0.2100
18874,0.0000
18881,0.0000
18891,0.2800
18901,-0.0700
18909,-0.0700
18919,-0.0700
18929,0.2100
18939,-0.1400
18949,-0.1400
18959,0.0700
18969,0.3500
18978,-0.0700
18986,-0.0700
18997,-0.2100
19007,0.2800
19017,0.0000
19029,0.0700
19040,0.0700
19053,0.0000
19063,0.1400
19082,0.2100
19094,0.4900
19102,0.4900
19112,0.0000
19122,0.4200
19132,-0.1400
19142,-0.1400
19152,-0.0700
19162,0.2800
19174,0.2100
19181,0.2100
19191,0.1400
19201,0.0000
19211,0.0000
19221,0.0000
19229,-0.0700
19236,0.0000
19247,0.0000
19271,0.0700
19280,-0.0700
19293,0.5600
19303,0.2100
19313,0.1400
19323,0.1400
19333,0.0000
19343,0.2100
19353,0.1400
19362,0.1400
19372,0.3500
19379,0.1400
19391,-0.0700
19401,-0.0700
19411,0.0000
19420,-0.0700
19431,0.2800
19438,0.2800
19446,-0.2100
19457,0.1400
19465,0.1400
19475,0.0000
19485,-0.0700
19495,0.0000
19508,0.1400
19515,0.1400
19525,0.2800
19534,0.2100
19544,0.2800
19551,0.2800
19561,-0.0700
19573,0.1400
19583,0.2800
19592,0.2800
19602,0.1400
19609,0.2800
19619,0.2800
19629,0.4200
19640,0.3500
19650,0.1400
19659,0.0700
19668,0.0700
19679,0.1400
19686,0.0000
19695,0.0000
19705,-0.1400
19714,0.3500
19722,0.3500
19731,0.2100
19740,0.2800
19748,0.2800
19757,0.2800
19768,0.3500
19777,0.1400
19787,0.1400
19795,0.0000
19804,-0.0700
19813,-0.0700
19821,-0.0700
19830,-0.0700
19839,-0.0700
19851,0.3500
19859,0.1400
19871,-0.1400
19880,0.2800
19890,0.2800
19898,0.0700
19908,0.0700
19916,0.0700
19924,0.2100
19932,0.2800
19942,0.2800
19951,0.1400
19959,-0.1400
19968,-0.1400
19976,0.2100
19986,0.1400
19994,0.1400
20002,0.1400
20011,-0.2100
20020,0.0700
20028,0.0700
20040,0.0700
20049,-0.1400
20056,-0.1400
20066,0.2100
20074,0.3500
20084,-0.0700
20094,-0.0700
20108,-0.0700
20119,0.1400
20129,0.4200
20139,0.2100
20149,0.0000
20160,0.0000
20173,-0.0700
20180,0.1400
20189,0.0700
20199,0.0700
20206,0.4900
20213,0.4900
20223,0.3500
20233,0.1400
20240,0.0700
20247,0.0700
20257,-0.0700
20267,0.1400
20283,0.3500
20290,0.3500
20301,0.2100
20312,0.0000
20322,0.0000
20333,0.2100
20344,0.2100
20352,0.2100
20360,0.0700
20370,0.4200
20380,0.4200
20390,0.0000
20403,0.4900
20414,0.3500
20424,0.1400
20435,0.4900
20444,0.4900
20455,0.3500
20464,0.1400
20478,-0.0700
20485,0.1400
20495,0.1400
20506,-0.0700
20517,0.3500
20527,0.2100
20541,0.1400
20548,0.0700
20559,0.0700
20569,0.1400
20579,0.1400
20588,0.2800
20630,0.3500
20640,0.1400
20652,0.1400
20663,0.0700
20676,0.2100
20686,0.0000
20742,0.3500
20752,0.3500
20759,0.3500
20772,0.2800
20782,-0.0700
20791,-0.0700
20801,0.1400
20811,0.1400
20819,0.0700
20827,0.0700
20837,0.2100
20848,0.1400
20858,-0.0700
20868,-0.0700
20880,-0.0700
20890,0.2800
20902,-0.0700
20912,0.1400
20923,0.0000
20933,0.0000
20943,0.2100
20953,-0.0700
20963,0.1400
20973,0.1400
20984,-0.0700
20991,0.1400
21001,0.1400
21011,0.1400
21021,0.1400
21031,0.0700
21044,-0.0700
21055,0.1400
21065,0.4900
21077,0.2100
21090,-0.0700
21100,-0.0700
21107,0.4900
21117,0.0000
21127,0.0000
21137,0.0700
21147,-0.0700
21156,0.0700
21166,0.0700
21177,0.0000
21187,0.2100
21197,0.1400
21207,-0.0700
21217,-0.0700
21227,0.2800
21237,-0.1400
21250,0.0700
21261,0.2100
21273,0.0000
21283,0.4200
21296,0.0700
21308,0.0700
21320,0.0700
21330,0.3500
21340,0.1400
21350,0.3500
21364,0.0000
21373,0.1400
21383,0.1400
21391,0.0000
21401,-0.0700
21412,0.1400
21424,0.0700
21432,0.0700
21442,0.4200
21454,0.2100
21466,0.0700
21477,0.0700
21489,0.2800
21499,0.2800
21506,-0.0700
21513,-0.0700
21523,0.0700
21534,0.2100
21544,-0.0700
21554,0.4900
21564,0.4900
21574,0.0700
21584,0.2100
21591,0.4200
21598,0.4200
21608,0.0700
21619,0.2100
21630,-0.0700
21640,-0.0700
21649,-0.2800
21657,0.0700
21668,0.0700
21678,0.2800
21687,-0.2800
21696,-0.0700
21703,-0.0700
21712,0.2100
21721,0.2100
21730,0.2100
21738,0.0700
21748,0.2800
21756,0.2800
21764,0.2800
21774,0.0000
21782,0.0000
21790,0.2800
21797,0.2100
21806,0.2100
21816,-0.2100
21825,-0.0700
21835,-0.0700
21843,0.3500
21850,0.0000
21860,0.0000
21873,0.0000
21880,0.2800
21893,0.2800
21903,0.0000
21912,0.0000
21921,-0.0700
21930,0.4900
21940,0.0700
21950,0.0700
21959,0.1400
21967,0.2800
21976,0.2800
21985,0.3500
21996,0.3500
22005,0.1400
22014,0.1400
22025,0.4900
22034,0.1400
22042,0.4900
22055,0.4900
22066,0.2100
22076,0.0700
22087,0.0700
22096,0.0700
22106,-0.1400
22120,-0.1400
22130,0.2100
22141,0.3500
22151,0.0700
22162,-0.2100
22172,0.1400
22182,0.1400
22192,0.2100
22201,0.1400
22211,0.2100
22219,0.2100
22229,0.2800
22237,-0.2100
22251,0.0700
22264,0.0700
22271,0.0700
22281,0.0000
22291,0.0000
22303,0.0700
22315,0.1400
22329,-0.1400
22337,-0.1400
22347,0.3500
22357,0.4200
22367,-0.2100
22379,0.5600
22389,0.0700
22401,0.0700
22411,0.2100
22423,0.1400
22433,-0.1400
22440,-0.1400
22451,0.0000
22459,0.1400
22469,-0.3500
22479,-0.3500
22487,0.0700
22497,-0.1400
22508,0.1400
22515,0.1400
22522,0.2800
22534,-0.0700
22544,0.2800
22555,0.2800
22565,-0.0700
22576,-0.1400
22586,0.2100
22596,0.2100
22609,0.4900
22616,0.4900
22626,0.2800
22636,0.2800
22645,0.2800
22653,0.1400
22664,0.4900
22673,0.0700
22681,0.0700
22691,0.2800
22701,0.1400
22708,0.1400
22719,0.0000
22728,-0.0700
22737,0.2800
22746,0.2800
22756,0.0700
22764,0.1400
22774,0.1400
22782,0.3500
22791,0.4900
22800,0.4900
22807,-0.0700
22814,-0.0700
22823,-0.0700
22832,0.2100
22841,0.2100
22849,0.2100
22860,-0.2100
22869,-0.2100
22877,-0.2100
22888,0.2100
22897,0.0000
22907,0.0700
22914,0.0700
22924,-0.2800
22933,0.0700
22942,0.0700
22951,-0.2800
22964,0.1400
22974,0.4200
22982,0.2100
22991,0.2100
23000,0.0000
23009,-0.2100
23018,-0.2100
23028,0.0700
23039,-0.1400
23049,-0.0700
23059,0.0000
23069,0.0000
23079,-0.1400
23089,-0.0700
23099,0.0000
23108,0.0000
23116,-0.0700
23123,0.2100
23133,0.2100
23141,0.2100
23148,0.2100
23158,0.2100
23167,0.0700
23174,0.0700
23184,0.2100
23194,-0.0700
23204,0.4900
23214,0.3500
23228,-0.1400
23238,-0.1400
23249,0.0700
23260,0.2100
23271,0.1400
23281,-0.1400
23291,-0.0700
23301,-0.0700
23311,-0.0700
23323,0.2100
23333,0.1400
23343,-0.0700
23353,-0.0700
23360,0.0700
23368,0.0700
23378,0.2800
23388,-0.1400
23398,0.2800
23408,0.2100
23418,0.2100
23427,0.0700
23437,0.0000
23445,0.0000
23452,-0.1400
23462,-0.2100
23472,0.0000
23483,0.0000
23497,0.2800
23507,0.2800
23522,-0.0700
23529,0.2100
23536,-0.0700
23543,-0.0700
23555,0.1400
23567,-0.1400
23580,0.0000
23590,0.0000
23602,0.1400
23612,-0.0700
23624,-0.0700
23636,0.0000
23646,0.3500
23656,0.1400
23696,-0.2800
23705,0.0700
23714,0.0700
23723,0.0700
23741,0.0000
23750,-0.0700
23762,-0.0700
23772,0.0700
23782,0.2100
23792,0.2100
23802,0.2100
23811,0.0000
23818,0.2800
23829,0.2800
23838,0.2800
23850,-0.1400
23857,-0.1400
23866,0.0700
23881,0.2100
23891,-0.0700
23900,0.2800
23910,0.0700
23920,0.0700
23933,0.0000
23941,0.2100
23950,0.3500
23959,0.3500
23968,-0.0700
23976,0.2800
23985,0.2800
23994,0.4200
24003,0.2800
24013,0.1400
24024,0.1400
24033,0.2100
24043,0.0700
24054,-0.0700
24061,-0.0700
24073,0.0700
24084,0.0700
24092,0.0700
24102,0.2100
24110,0.2100
24120,0.0700
24133,0.0000
24142,0.2100
24149,0.2100
24161,0.0700
24173,-0.1400
24183,-0.2100
24195,0.0000
24207,-0.2100
24220,0.0000
24228,0.0000
24238,0.1400
24247,0.2800
24257,0.0700
24267,0.0700
24277,0.0000
24288,-0.1400
24298,-0.1400
24309,0.0700
24319,0.0700
24329,0.3500
24338,0.0000
24348,0.2100
24357,0.2100
24367,-0.0700
24377,0.0000
24388,-0.0700
24397,-0.0700
24407,0.0700
24417,-0.1400
24428,0.0700
24441,-0.2100
24451,0.1400
24463,-0.0700
24473,-0.0700
24483,0.2100
24493,0.0700
24503,0.2100
24513,0.2100
24523,0.0700
24530,0.0000
24537,0.0000
24547,0.1400
24560,0.0700
24570,0.0000
24580,-0.0700
24590,-0.0700
24600,0.0700
24608,0.1400
24616,0.1400
24626,0.2100
24636,0.0700
24646,0.1400
24659,-0.2100
24668,-0.0700
24677,-0.0700
24690,0.0000
24697,0.2100
24707,0.2800
24715,0.2800
24725,-0.1400
24734,0.0700
24745,0.0700
24755,-0.0700
24765,0.0700
24774,0.2100
24782,0.2100
24792,0.1400
24800,-0.0700
24808,-0.0700
24817,0.1400
24826,0.0700
24836,-0.0700
24845,-0.0700
24853,0.1400
24862,-0.1400
24871,-0.1400
24879,-0.0700
24886,-0.0700
24894,-0.0700
24905,0.0000
24914,0.1400
24922,0.1400
24932,0.1400
24940,0.0000
24953,0.1400
24963,0.1400
24974,0.1400
24985,-0.0700
24996,0.3500
25008,0.2100
25020,0.0700
25030,-0.1400
25045,-0.0700
25055,-0.0700
25062,-0.0700
25074,0.2100
25087,-0.0700
25099,0.1400
25110,-0.0700
25122,0.1400
25130,0.1400
25143,0.0700
25151,0.2100
25172,-0.3500
25188,0.0000
25199,0.2800
25209,0.2800
25222,0.0000
25232,0.0000
25243,-0.0700
25253,0.2100
25263,0.0000
25273,0.0000
25283,0.0000
25294,-0.0700
25305,-0.2800
25317,0.1400
25327,0.0000
25337,0.0000
25351,0.1400
25361,0.0700
25368,0.0700
25378,0.3500
25388,0.3500
25401,0.0000
25408,0.0000
25418,-0.0700
25428,0.2100
25438,0.2100
25448,0.0700
25458,0.2800
25468,-0.0700
25478,-0.0700
25486,0.1400
25496,0.2800
25506,-0.0700
25516,-0.0700
25526,0.0700
25536,0.0700
25548,0.2800
25556,0.4200
25564,0.4200
25576,-0.0700
25584,0.4200
25596,0.0000
25607,0.0000
25619,-0.1400
25630,0.2100
25642,0.2800
25654,0.0700
25665,0.2800
25673,0.1400
25680,0.1400
25692,0.0000
25705,0.2100
25716,0.0700
25727,0.0000
25738,0.1400
25748,0.1400
25758,0.0000
25768,0.0700
25780,0.0000
25787,0.0000
25794,0.1400
25804,0.4200
25814,0.1400
25826,0.1400
25836,-0.1400
25846,-0.2800
25853,0.2100
25860,0.2100
25870,-0.1400
25881,0.2100
25891,0.2100
25901,0.2100
25911,0.0000
25919,0.0000
25929,0.0000
25939,0.3500
25949,-0.1400
25961,0.0000
25971,0.0000
25978,0.0000
25988,0.0700
26001,-0.0700
26013,0.0000
26025,0.0700
26035,0.0700
26045,0.0700
26055,-0.0700
26065,0.1400
26075,0.0000
26085,0.0000
26092,0.0000
26099,-0.0700
26109,-0.0700
26120,-0.1400
26130,0.0000
26139,0.0000
26149,0.0000
26159,-0.0700
26167,0.0700
26174,0.0700
26186,-0.2100
26194,0.1400
26204,0.1400
26211,0.1400
26221,-0.0700
26233,0.0000
26245,-0.2100
26255,0.0000
26267,-0.1400
26275,-0.1400
26282,0.0700
26296,0.0700
26303,0.0700
26313,0.1400
26324,-0.2100
26334,0.0700
26343,0.2100
26352,0.2100
26360,0.0000
26370,0.2800
26381,-0.0700
26389,-0.0700
26399,-0.0700
26408,-0.2100
26418,-0.2100
26425,0.2800
26435,0.1400
26444,0.1400
26451,-0.0700
26464,0.0000
26477,0.2800
26487,-0.1400
26499,0.2800
26511,0.2800
26524,0.2800
26531,0.2800
26543,-0.1400
26555,-0.1400
26566,0.2800
26575,0.0000
26584,0.0000
26595,-0.0700
26606,0.2100
26616,0.2100
26628,0.2800
26639,0.1400
26646,0.1400
26656,0.0700
26666,0.1400
26676,0.1400
26685,0.2800
26692,-0.2100
26702,-0.2100
26712,0.0000
26722,0.0000
26729,0.2100
26736,0.2100
26746,0.0000
26755,0.1400
26765,0.1400
26775,0.1400
26787,0.0700
26797,0.2800
26807,0.2100
26818,0.2100
26828,0.0700
26839,0.2100
26849,0.2100
26859,-0.0700
26872,-0.0700
26884,0.2800
26894,0.2800
26904,-0.3500
26914,-0.1400
26922,0.2100
26930,0.2100
26940,-0.1400
26951,-0.0700
26961,-0.0700
26971,-0.0700
26980,0.1400
26987,0.2800
26995,0.2800
27005,-0.1400
27015,-0.0700
27025,0.1400
27036,0.1400
27044,-0.1400
27054,-0.2100
27064,-0.1400
27074,-0.1400
27084,0.1400
27095,-0.2100
27105,-0.0700
27115,0.1400
27125,0.1400
27136,-0.2100
27146,0.2100
27156,-0.2800
27163,-0.2800
27170,-0.0700
27180,0.1400
27190,0.1400
27202,0.2800
27214,-0.1400
27224,0.0000
27234,-0.0700
27244,-0.3500
27256,-0.3500
27266,-0.2100
27276,-0.0700
27286,0.0700
27300,0.2800
27307,0.2800
27319,0.0700
27329,0.0000
27339,0.0000
27349,-0.3500
27359,0.1400
27371,0.1400
27382,0.1400
27389,0.2800
27397,0.2800
27411,0.1400
27421,0.1400
27431,-0.2800
27441,0.2100
27450,0.3500
27457,0.3500
27467,0.0700
27477,-0.2100
27491,0.0700
27501,0.0700
27511,0.0700
27521,0.0700
27530,-0.0700
27537,-0.0700
27547,0.1400
27559,0.2100
27572,0.2100
27585,0.0000
27596,-0.0700
27603,-0.0700
27615,0.1400
27622,0.2800
27629,0.2800
27639,-0.2100
27651,0.0700
27662,-0.1400
27673,-0.1400
27682,-0.0700
27692,-0.0700
27699,0.0700
27713,0.0000
27720,0.0700
27732,0.0700
27745,0.1400
27756,0.0700
27768,-0.0700
27779,0.2100
27791,0.2100
27801,0.1400
27808,0.1400
27816,-0.0700
27826,0.1400
27836,-0.0700
27846,-0.0700
27858,0.1400
27868,0.0000
27875,0.0700
27885,0.0700
27895,-0.2100
27906,0.0000
27913,0.3500
27923,0.3500
27933,-0.1400
27946,0.0000
27956,0.2100
27969,0.1400
27976,0.1400
27986,0.2100
27993,0.3500
28000,0.3500
28011,-0.1400
28023,0.0000
28033,0.1400
28044,-0.1400
28055,0.2100
28067,0.2100
28074,0.0000
28084,0.2100
28094,0.0700
28104,0.0700
28114,0.0700
28124,-0.0700
28132,-0.0700
28142,0.0000
28154,0.0000
28166,-0.2800
28176,0.2100
28185,0.3500
28192,0.3500
28203,-0.2100
28210,0.0000
28217,0.0000
28227,-0.0700
28237,0.3500
28247,0.3500
28261,-0.2100
28271,-0.2100
28281,0.0700
28292,0.0000
28302,0.0700
28312,0.0700
28322,0.0700
28335,0.2100
28343,0.0700
28353,-0.1400
28365,0.0700
28372,0.0700
28382,0.2800
28394,0.2100
28407,0.1400
28415,0.1400
28425,0.2800
28436,0.0000
28447,-0.0700
28457,0.1400
28467,0.2100
28477,0.2100
28485,-0.1400
28493,0.0700
28505,0.3500
28516,0.3500
28526,-0.2100
28537,0.1400
28547,0.1400
28557,-0.1400
28565,-0.1400
28573,0.1400
28587,0.0000
28597,0.0700
28604,0.0700
28612,0.0000
28621,0.0700
28630,0.0700
28643,-0.2100
28650,-0.2800
28660,0.2100
28670,0.2100
28679,0.0000
28688,0.0700
28697,0.0700
28706,0.3500
28718,-0.0700
28725,0.2800
28733,0.2800
28741,-0.0700
28751,0.2100
28760,0.2100
28769,0.0000
28778,0.2100
28787,0.2100
28798,0.1400
28808,0.1400
28821,0.1400
28831,0.2800
28840,0.0700
28850,0.0700
28858,-0.2800
28868,0.1400
28880,0.0700
28889,0.0700
28901,-0.2100
28913,0.0700
28920,0.0000
28930,-0.1400
28939,-0.1400
28948,-0.0700
28956,-0.0700
28965,-0.0700
28975,0.4200
28986,0.1400
28995,0.0000
29014,0.0000
29023,0.3500
29032,0.3500
29042,-0.2100
29052,0.1400
29062,0.0000
29072,0.2800
29082,0.2800
29093,0.0700
29100,-0.2100
29110,-0.2100
29120,0.3500
29130,0.0000
29137,-0.2100
29147,-0.2100
29157,0.0000
29165,-0.1400
29172,-0.1400
29183,-0.0700
29191,0.3500
29201,0.0700
29214,0.2100
29221,0.2100
29231,0.0000
29241,0.0000
29251,0.0700
29261,0.0700
29273,-0.1400
29283,-0.1400
29293,0.0000
29302,0.0000
29312,0.3500
29323,0.3500
29333,-0.2800
29343,0.2100
29354,0.2100
29361,-0.0700
29371,-0.0700
29382,-0.0700
29394,0.0700
29404,0.0700
29416,-0.2800
29426,-0.2100
29437,-0.1400
29447,0.0700
29455,0.0700
29463,0.2800
29473,-0.0700
29483,-0.0700
29493,0.0000
29506,0.0700
29516,-0.1400
29526,-0.0700
29537,-0.0700
29547,-0.0700
29556,-0.2800
29570,0.0700
29580,-0.0700
29590,-0.1400
29603,-0.0700
29613,0.2800
29622,0.2800
29632,0.0000
29642,0.0700
29649,0.0700
29659,-0.0700
29667,-0.2100
29675,-0.2100
29685,0.0000
29695,0.0700
29705,-0.1400
29714,-0.1400
29723,0.0700
29733,-0.3500
29741,0.0000
29748,0.0000
29757,-0.2100
29766,-0.2100
29777,0.1400
29784,-0.3500
29796,-0.2100
29805,-0.2100
29813,0.0000
29822,0.4200
29832,0.3500
29842,0.3500
29851,0.0000
29860,-0.2100
29868,-0.2100
29877,0.3500
29886,0.0000
29898,0.0700
29907,0.0700
29915,-0.2800
29924,0.3500
29933,0.3500
29941,0.2800
29949,0.0700
29959,0.0700
29973,0.0000
29982,-0.2100
29990,0.0000
29998,0.0000
30006,-0.0700
30015,0.2800
30022,0.2800
30032,-0.0700
30041,0.1400
30051,0.0700
30058,0.0700
30068,0.0700
30078,-0.1400
30085,-0.1400
30092,0.2100
30102,-0.1400
30112,-0.1400
30122,0.2100
30132,0.2800
30142,0.1400
30150,0.1400
30158,0.1400
30168,0.0700
30178,0.0700
30187,-0.1400
30197,-0.3500
30207,0.2100
30218,0.2100
30228,0.2100
30241,0.2100
30249,0.1400
30259,0.0700
30269,0.0700
30276,0.0700
30286,-0.1400
30296,0.0700
30306,0.0700
30316,-0.0700
30323,0.0700
30345,0.0700
30355,0.1400
30365,-0.1400
30377,-0.1400
30387,0.0700
30397,0.0700
30406,0.1400
30413,0.0700
30424,-0.2100
30434,-0.2100
30445,-0.0700
30452,-0.0700
30462,-0.0700
30472,0.0000
30479,0.1400
30490,-0.1400
30501,0.0000
30511,0.0000
30521,0.0700
30531,-0.1400
30543,0.2800
30551,0.2800
30562,0.0700
30572,0.0000
30582,0.0000
30594,0.0700
30601,0.0700
30608,0.1400
30615,0.1400
30660,0.1400
30685,0.0000
30693,0.0000
30701,0.0000
30709,-0.1400
30722,-0.2800
30732,-0.2800
30741,0.0000
30752,-0.1400
30759,0.1400
30769,0.1400
30780,-0.1400
30789,0.3500
30798,0.0700
30810,0.0700
30821,0.2100
30831,0.0700
30844,0.1400
30855,-0.0700
30865,0.1400
30874,0.1400
30922,0.0700
30929,0.2800
30938,0.2800
30950,0.0700
30959,0.2100
30968,-0.0700
30977,-0.0700
30989,0.0700
30998,0.0000
31006,0.0000
31013,0.0000
31021,-0.0700
31030,-0.0700
31037,-0.0700
31044,-0.1400
31055,-0.1400
31067,-0.0700
31077,-0.0700
31087,-0.0700
31097,0.2100
31107,0.1400
31117,0.1400
31127,-0.1400
31135,-0.1400
31145,-0.2100
31156,-0.2100
31166,0.0000
31178,-0.0700
31188,0.0000
31198,-0.2100
31210,-0.2100
31221,0.0700
31231,-0.2100
31243,0.0000
31255,0.0700
31264,0.2100
31275,-0.0700
31286,-0.0700
31296,-0.1400
31306,0.2100
31319,0.1400
31329,0.0000
31336,0.0000
31346,0.2100
31357,-0.0700
31367,0.0000
31378,-0.1400
31388,-0.1400
31398,-0.4900
31408,0.0700
31419,-0.2800
31429,0.0000
31440,0.0000
31450,0.2100
31462,0.0700
31472,0.2100
31479,0.2100
31487,0.0700
31497,0.0700
31507,0.4200
31517,0.4200
31527,-0.0700
31537,0.2800
31544,-0.2800
31554,-0.2800
31564,-0.0700
31575,0.4900
31583,-0.0700
31595,0.1400
31605,0.1400
31616,0.1400
31626,0.0000
31638,0.1400
31648,0.0000
31657,0.0000
31664,-0.2100
31671,-0.2100
31679,0.0000
31688,0.1400
31697,0.1400
31706,0.0000
31715,0.2100
31726,-0.2100
31735,-0.2100
31744,-0.0700
31754,-0.2800
31761,-0.2800
31770,0.1400
31779,-0.2800
31790,0.1400
31800,0.1400
31813,-0.2800
31823,0.2100
31831,-0.0700
31843,0.1400
31862,0.0700
31869,0.0700
31878,-0.1400
31888,-0.1400
31896,0.0000
31905,0.1400
31914,0.1400
31922,-0.0700
31932,0.2100
31941,0.2100
31949,0.0000
31958,0.2100
31968,0.2100
31977,-0.2100
31984,0.0000
31993,0.0000
32002,-0.1400
32011,0.0000
32020,0.2100
32027,0.2100
32036,0.2800
32045,0.2800
32058,0.3500
32069,0.2100
32081,-0.1400
32089,0.0000
32097,0.0000
32107,0.0000
32116,-0.0700
32126,-0.0700
32137,-0.0700
32147,-0.0700
32157,0.2800
32167,0.0000
32180,0.3500
32190,0.1400
32201,-0.1400
32213,-0.1400
32223,0.1400
32235,-0.0700
32245,0.3500
32255,0.1400
32266,0.0700
32276,0.0700
32287,0.1400
32297,-0.0700
32304,0.1400
32311,0.1400
32321,0.2800
32331,-0.0700
32341,-0.0700
32351,-0.1400
32362,0.1400
32372,-0.2800
32382,0.3500
32394,0.1400
32403,0.1400
32415,0.2100
32426,0.1400
32436,0.0000
32448,0.0000
32458,-0.1400
32469,-0.1400
32479,-0.2100
32491,0.0700
32501,0.2100
32511,0.0000
32522,0.0000
32533,0.0000
32543,0.0700
32553,0.1400
32565,-0.2100
32575,0.0000
32585,0.0000
32595,-0.0700
32606,0.2100
32616,-0.0700
32626,0.4200
32637,0.4200
32650,-0.1400
32660,-0.2100
32671,0.0000
32678,0.0700
32685,0.0700
32698,0.2100
32708,0.0000
32718,0.0000
32728,-0.1400
32739,-0.1400
32750,-0.1400
32760,-0.0700
32769,0.1400
32777,0.1400
32789,-0.0700
32799,-0.0700
32808,0.1400
32818,0.2100
32831,0.0000
32838,0.0000
32848,0.0000
32860,-0.2100
32870,0.1400
32880,0.1400
32893,0.1400
32903,0.0700
32914,0.0700
32925,0.0700
32935,-0.0700
32946,-0.0700
32966,-0.3500
32976,-0.0700
32985,-0.0700
32996,-0.2100
33008,-0.2100
33020,0.2800
33031,-0.1400
33041,-0.2800
33051,-0.1400
33062,-0.1400
33073,0.0000
33084,0.0000
33091,0.1400
33098,0.1400
33108,0.2100
33118,-0.2100
33128,-0.2800
33138,-0.2800
33149,0.2100
33160,0.1400
33172,0.0700
33180,0.0700
33192,0.0700
33201,0.0700
33211,0.0000
33225,0.2100
33235,0.0700
33245,0.2100
33256,-0.1400
33263,-0.1400
33270,0.4900
33335,-0.1400
33352,-0.0700
33360,0.2100
33374,-0.2100
33385,0.1400
33395,0.1400
33405,-0.1400
33419,-0.1400
33426,0.2100
33436,0.0700
33449,0.0700
33459,0.4200
33469,0.2100
33477,0.0000
33484,0.0000
33494,0.1400
33504,0.0000
33514,0.1400
33522,0.1400
33530,0.0700
33540,-0.0700
33550,-0.0700
33560,0.1400
33568,0.2800
33575,0.2800
33585,-0.3500
33593,-0.0700
33602,-0.0700
33613,0.0000
33626,0.0700
33634,0.2100
33644,0.2100
33655,0.2100
33662,0.2100
33672,-0.0700
33685,-0.2800
33696,0.2100
33705,0.2100
33715,0.2100
33729,0.0700
33740,0.2800
33751,0.0000
33761,0.0700
33772,0.0000
33782,0.0000
33792,-0.1400
33802,0.0700
33813,0.1400
33823,0.2100
33833,0.2100
33843,0.2100
33855,-0.1400
33865,-0.0700
33875,0.0700
33885,0.0700
33906,0.0000
33914,0.1400
33924,0.1400
33934,0.2800
33944,-0.2100
33954,0.0000
33964,0.2800
33973,0.2800
33986,0.2100
33994,0.0700
34005,-0.1400
34015,0.0700
34027,0.0700
34038,-0.0700
34065,0.1400
34074,0.0700
34084,-0.2800
34094,-0.0700
34101,-0.0700
34111,0.0000
34118,0.0000
34128,0.2100
34140,0.0700
34150,0.2100
34160,0.0000
34170,0.0700
34180,0.0700
34190,-0.1400
34204,-0.3500
34212,0.0700
34224,-0.1400
34234,-0.1400
34246,-0.1400
34256,0.2100
34266,0.1400
34273,-0.0700
34284,-0.0700
34293,0.2800
34305,-0.1400
34315,0.2100
34327,0.2800
34335,0.2800
34345,0.1400
34356,-0.2100
34366,0.1400
34376,0.1400
34387,0.1400
34397,0.2100
34407,0.1400
34419,-0.1400
34427,-0.1400
34437,0.0000
34447,0.1400
34457,0.0000
34467,0.1400
34477,0.1400
34491,0.1400
34499,0.1400
34509,0.2100
34517,0.2100
34525,-0.0700
34535,0.2100
34545,-0.0700
34555,-0.0700
34566,-0.0700
34579,0.0000
34589,0.2800
34600,0.0700
34610,-0.0700
34621,0.0700
34628,0.0700
34638,0.0000
34648,0.0700
34658,0.0700
34667,-0.0700
34676,0.0700
34687,0.2100
34696,0.2100
34705,0.0000
34717,-0.1400
34726,0.0700
34734,0.0700
34742,-0.1400
34752,0.2100
34760,0.2100
34769,-0.0700
34782,0.0700
34789,-0.4200
34797,-0.4200
34804,-0.2800
34815,-0.0700
34824,-0.0700
34833,-0.1400
34841,0.0700
34852,0.0000
34862,0.0000
34871,0.0700
34879,0.2100
34888,0.2100
34897,0.2100
34911,0.0000
34919,0.2100
34928,0.2100
34939,0.2800
34949,-0.0700
34958,0.2800
34966,0.2800
34975,0.0700
34985,-0.0700
34995,0.1400
35003,0.1400
35012,0.0000
35022,0.2100
35034,-0.0700
35044,-0.0700
35054,-0.1400
35064,0.1400
35074,0.2100
35081,0.2100
35093,0.3500
35103,-0.2100
35113,0.2100
35124,-0.2100
35132,-0.2100
35142,0.0700
35153,-0.0700
35163,-0.1400
35173,-0.2100
35183,-0.2100
35193,-0.1400
35205,0.2100
35215,0.0700
35225,-0.1400
35234,-0.1400
35244,0.0700
35256,0.4200
35305,0.0700
35316,0.3500
35328,0.3500
35338,-0.0700
35348,-0.2100
35360,0.2800
35371,0.3500
35381,0.0700
35391,0.0700
35401,0.2800
35411,0.1400
35421,-0.2100
35429,-0.2100
35439,0.0000
35449,0.2800
35459,0.0700
35469,0.0700
35479,0.0000
35492,0.2100
35501,0.0700
35511,0.6300
35523,-0.0700
35533,0.2100
35547,0.4200
35555,0.4200
35565,0.0000
35575,-0.0700
35585,0.0000
35595,0.0000
35607,0.1400
35617,-0.1400
35630,-0.0700
35637,-0.0700
35647,-0.0700
35657,-0.0700
35667,-0.1400
35677,0.1400
35686,0.1400
35693,0.1400
35701,0.2100
35711,0.2100
35723,0.0000
35732,0.0700
35742,0.0000
35757,0.3500
35765,0.3500
35775,-0.1400
35793,0.0000
35804,0.1400
35814,0.1400
35823,0.4200
35835,0.0700
35845,-0.2100
35854,-0.2100
35864,0.0700
35873,-0.0700
35881,-0.0700
35891,-0.0700
35899,0.0000
35907,0.1400
35919,0.1400
35927,0.2100
35938,-0.1400
35945,0.2100
35953,0.2100
35961,0.1400
35970,0.1400
35979,0.2100
35988,-0.2100
36000,-0.1400
36009,0.1400
36019,0.1400
36028,0.0700
36036,0.0700
36045,0.0700
36053,0.0000
36065,-0.0700
36075,0.2100
36085,0.2100
36096,0.2100
36106,0.1400
36117,-0.2100
36127,0.2800
36139,0.2800
36150,-0.0700
36160,-0.0700
36171,-0.0700
36181,-0.0700
36192,-0.2100
36202,-0.2100
36212,0.0700
36222,0.0700
36233,-0.2100
36243,0.0700
36253,0.0700
36263,-0.2100
36273,0.2100
36286,-0.1400
36293,-0.0700
36303,-0.0700
36312,0.0700
36326,0.2800
36334,0.2100
36342,0.2100
36353,-0.0700
36363,0.0000
36373,0.2100
36383,0.0700
36396,0.0000
36403,0.0000
36414,0.1400
36424,0.2800
36434,-0.2100
36444,-0.2100
36453,0.2100
36460,0.1400
36472,0.1400
36480,0.0700
36490,0.2800
36500,0.0000
36510,0.0000
36521,0.0700
36531,0.0000
36542,-0.1400
36552,0.1400
36562,0.1400
36574,0.0000
36581,0.2800
36591,0.0700
36600,0.0700
36611,0.0700
36621,-0.0700
36632,0.2100
36639,0.2100
36649,-0.0700
36658,0.1400
36666,0.1400
36673,0.2100
36681,-0.1400
36691,-0.1400
36699,0.2800
36707,0.0000
36719,-0.1400
36728,-0.1400
36738,-0.2800
36747,0.4900
36757,0.0700
36766,0.0700
36774,0.1400
36781,0.1400
36791,0.4900
36800,0.1400
36809,0.1400
36817,0.1400
36826,0.3500
36835,-0.2800
36845,-0.2800
36854,0.1400
36864,-0.0700
36873,-0.0700
36882,-0.0700
36892,0.2100
36901,0.0000
36910,0.2100
36920,0.2100
36929,0.2100
36942,0.2100
36955,-0.1400
36962,-0.0700
36972,-0.0700
36981,0.0700
36991,-0.0700
36999,-0.0700
37009,0.2100
37017,0.1400
37025,0.1400
37033,0.0700
37040,-0.0700
37049,-0.0700
37059,0.0700
37069,0.0000
37079,0.1400
37089,0.1400
37099,0.1400
37114,0.0000
37126,0.2100
37133,0.2800
37143,-0.3500
37150,-0.3500
37157,0.0000
37167,0.0000
37177,-0.0700
37190,0.0700
37200,0.0000
37210,0.1400
37217,0.1400
37227,-0.1400
37239,0.1400
37247,-0.0700
37257,-0.0700
37268,0.1400
37278,0.0700
37288,-0.0700
37300,-0.1400
37311,0.1400
37321,0.1400
37332,0.2100
37344,0.2100
37354,0.0000
37364,-0.0700
37372,-0.0700
37379,0.1400
37389,-0.0700
37399,-0.0700
37410,0.0000
37420,0.3500
37431,0.0700
37441,-0.0700
37453,0.0000
37463,0.0000
37473,0.0700
37485,0.0700
37492,0.0700
37499,0.0700
37511,-0.0700
37523,0.1400
37537,0.1400
37545,0.0000
37558,-0.1400
37569,0.0000
37579,0.0000
37589,0.2100
37601,0.1400
37613,-0.0700
37620,0.1400
37630,0.1400
37643,0.2800
37651,-0.2100
37662,-0.1400
37672,0.3500
37682,0.3500
37694,0.0700
37704,0.4200
37713,0.0700
37725,0.2800
37732,0.2800
37744,0.0700
37754,0.2100
37764,0.0000
37771,0.0000
37778,-0.1400
37788,-0.0700
37797,-0.0700
37807,0.2100
37815,0.0000
37826,0.2800
37836,0.2800
37846,-0.2100
37855,0.0000
37862,0.0000
37871,-0.3500
37882,0.0000
37892,-0.1400
37901,-0.1400
37913,-0.1400
37922,0.0000
37931,0.4200
37941,-0.0700
37954,0.1400
37961,0.1400
37970,0.2800
37979,0.0000
37988,0.0000
37998,-0.4200
38006,0.0000
38015,0.0000
38025,-0.2800
38037,0.0000
38047,-0.0700
38057,0.0700
38067,0.0700
38074,-0.0700
38081,-0.0700
38088,0.0000
38098,0.0000
38105,0.0000
38113,0.0700
38126,0.1400
38136,-0.2100
38150,-0.2100
38161,0.1400
38168,0.1400
38183,0.0700
38193,0.0000
38203,-0.1400
38214,0.0000
38224,0.0000
38234,0.0000
38246,-0.0700
38256,0.2800
38265,0.0000
38272,0.0000
38282,0.0700
38292,0.0000
38302,-0.2800
38316,0.0000
38326,0.0000
38337,0.0000
38347,-0.0700
38357,-0.0700
38367,0.1400
38375,0.1400
38383,-0.0700
38395,0.1400
38405,0.0000
38419,-0.2800
38429,0.1400
38439,0.1400
38449,0.1400
38459,-0.1400
38471,-0.0700
38480,-0.0700
38490,-0.1400
38501,0.1400
38511,0.0700
38521,-0.2100
38533,-0.2100
38544,0.2100
38557,0.0700
38567,-0.0700
38577,-0.1400
38587,0.0700
38594,0.0700
38608,0.0700
38616,0.2100
38626,0.1400
38636,-0.2800
38645,-0.2800
38654,-0.0700
38663,0.0000
38672,0.0000
38682,-0.0700
38690,-0.2800
38701,-0.2800
38710,0.1400
38720,0.0000
38728,0.2100
38738,0.0700
38747,0.0700
38755,0.0700
38764,0.1400
38772,0.1400
38782,0.2100
38834,0.0700
38843,0.2100
38852,0.2100
38862,0.1400
38872,0.3500
38882,-0.0700
38893,-0.0700
38903,-0.0700
38916,-0.0700
38925,0.2800
38935,-0.1400
38944,0.3500
38952,0.3500
38964,-0.2100
38973,0.0700
38986,-0.2100
38993,-0.2100
39003,-0.2100
39013,-0.1400
39023,-0.2100
39033,-0.2100
39041,-0.1400
39051,0.0700
39059,0.0700
39066,0.4200
39077,-0.1400
39085,-0.1400
39093,-0.2800
39103,-0.2100
39113,-0.1400
39123,-0.1400
39133,-0.0700
39143,0.2100
39153,-0.4900
39164,0.2100
39176,0.0700
39183,0.0700
39195,0.0000
39205,0.0000
39215,0.2100
39225,0.2100
39235,-0.2100
39247,-0.1400
39257,0.0000
39267,0.0700
39277,0.0700
39286,0.0700
39296,-0.2800
39304,-0.0700
39311,-0.0700
39323,-0.2100
39332,0.2100
39342,0.0000
39350,0.0000
39357,0.0700
39368,0.0700
39380,0.0700
39391,0.2800
39404,-0.3500
39415,-0.1400
39425,0.0000
39435,-0.4200
39447,-0.1400
39457,-0.1400
39467,-0.1400
39479,-0.0700
39489,0.0000
39499,0.3500
39509,0.3500
39522,-0.1400
39532,0.1400
39542,-0.4200
39552,-0.0700
39562,0.1400
39572,0.1400
39583,0.2800
39596,-0.1400
39603,0.0000
39615,-0.2800
39625,-0.2800
39635,0.0000
39645,0.2800
39656,0.3500
39665,0.0700
39673,0.0700
39682,-0.0700
39691,0.0700
39700,0.0700
39707,0.2800
39716,-0.2100
39727,-0.2100
39736,0.2800
39747,-0.0700
39756,-0.1400
39765,-0.1400
39776,-0.2800
39785,0.2100
39795,0.2800
39805,0.2800
39818,0.0000
39827,0.0000
39836,0.2100
39845,0.2100
39856,0.2100
39864,0.2100
39872,-0.1400
39884,-0.1400
39895,0.2800
39904,0.0700
39914,-0.1400
39923,-0.4200
39932,-0.4200
39941,0.0000
39950,-0.1400
39958,-0.1400
39967,-0.0700
39976,-0.2100
39985,-0.2100
39997,-0.1400
40006,0.0700
40016,0.2800
40027,0.1400
40037,0.1400
40047,-0.2100
40056,-0.1400
40066,0.0700
40077,-0.4200
40088,-0.4200
40095,0.0700
40105,-0.2100
40115,0.1400
40127,0.1400
40137,-0.2800
40147,0.0000
40160,-0.1400
40170,0.0700
40182,0.0000
40194,-0.0700
40204,-0.0700
40214,0.1400
40224,-0.0700
40235,0.2800
40247,0.2800
40257,-0.1400
40266,-0.1400
40273,0.2100
40288,0.0700
40300,-0.2100
40310,0.0700
40318,0.0700
40328,-0.1400
40338,-0.0700
40348,-0.0700
40358,-0.0700
40368,0.2800
40379,0.0700
40391,0.0000
40403,0.0000
40413,0.0700
40424,0.0700
40435,-0.0700
40448,0.0000
40455,-0.0700
40465,0.0000
40473,0.0000
40480,0.0700
40491,-0.0700
40504,0.2100
40521,0.0700
40529,-0.0700
40540,-0.2800
40548,-0.2800
40558,0.1400
40567,0.0000
40577,0.0000
40587,0.0000
40596,-0.0700
40607,-0.2100
40620,-0.0700
40634,-0.4200
40642,-0.4200
40652,0.0000
40662,0.0700
40672,-0.1400
40683,-0.2800
40694,0.1400
40708,0.2100
40716,0.2100
40728,0.2100
40738,0.2100
40750,-0.1400
40759,0.0000
40770,0.0000
40778,-0.2100
40786,0.3500
40793,0.3500
40800,0.2100
40808,0.2100
40815,0.0000
40825,-0.1400
40835,-0.1400
40847,-0.0700
40857,-0.1400
40868,0.2100
40878,-0.1400
40888,0.0700
40899,0.0700
40910,-0.0700
40920,0.0700
40931,-0.1400
40945,0.1400
40955,-0.1400
40965,-0.0700
40979,-0.0700
40989,-0.0700
40997,0.0000
41010,0.0000
41020,-0.0700
41027,-0.0700
41039,-0.1400
41049,-0.1400
41061,-0.0700
41068,0.2100
41078,0.2100
41088,-0.2100
41098,0.1400
41105,0.1400
41116,0.0000
41123,0.1400
41135,0.0000
41145,0.3500
41156,0.3500
41168,0.1400
41178,0.2800
41190,0.1400
41197,-0.0700
41207,-0.0700
41217,0.3500
41224,0.0000
41232,0.0000
41239,0.2100
41246,0.2100
41257,0.0700
41269,0.0000
41280,-0.0700
41291,-0.1400
41300,0.0700
41307,0.0700
41317,-0.2100
41327,-0.0700
41337,-0.0700
41347,0.2800
41357,0.2800
41367,0.1400
41379,0.2800
41387,0.2800
41397,0.0700
41408,0.0000
41420,0.2100
41430,0.2800
41441,0.0700
41453,-0.4200
41460,-0.4200
41470,0.4200
41480,0.0000
41492,0.2800
41499,0.2800
41509,0.1400
41521,0.0700
41531,0.0700
41538,0.0700
41545,0.3500
41552,0.3500
41562,0.1400
41572,0.0700
41582,0.2100
41592,0.2100
41604,-0.0700
41611,0.1400
41621,0.2100
41631,0.2100
41641,0.1400
41653,0.0000
41662,0.1400
41672,0.1400
41683,-0.2100
41694,0.0700
41703,0.2100
41710,0.2100
41720,-0.0700
41729,0.2800
41739,0.1400
41748,0.1400
41757,0.0000
41764,0.2100
41773,0.2100
41784,0.0000
41793,0.1400
41802,-0.0700
41812,-0.0700
41821,0.2800
41833,0.0700
41840,0.2100
41849,0.2100
41857,-0.0700
41866,0.2100
41876,0.2100
41886,0.2100
41898,0.0000
41907,0.0700
41915,0.0700
41925,0.4900
41961,0.0700
41971,-0.1400
41980,-0.2100
41993,-0.2100
42003,0.0700
42015,0.2100
42024,0.2100
42034,-0.2800
42044,-0.2800
42055,-0.1400
42065,-0.2800
42075,0.0700
42085,0.0000
42095,0.0000
42104,0.0700
42115,0.2800
42126,-0.2100
42136,0.1400
42148,0.1400
42159,0.2800
42169,-0.2100
42179,0.3500
42186,0.3500
42193,0.2800
42202,0.0700
42213,0.2800
42227,0.0700
42237,0.0700
42247,0.0700
42254,-0.0700
42261,-0.0700
42272,0.0000
42283,-0.0700
42293,0.1400
42303,0.0700
42310,0.0700
42317,0.3500
42327,0.3500
42337,0.3500
42349,-0.3500
42359,0.2100
42370,0.1400
42380,0.1400
42392,0.1400
42403,-0.0700
42414,-0.1400
42425,0.0700
42436,0.0000
42449,0.2100
42459,0.0700
42469,0.0700
42480,0.2100
42489,0.2800
42499,0.0000
42511,0.0700
42523,0.0700
42533,0.0700
42543,0.3500
42551,0.1400
42561,0.1400
42571,0.1400
42583,-0.0700
42590,0.4900
42602,-0.1400
42612,-0.0700
42624,-0.0700
42635,-0.0700
42646,-0.0700
42656,-0.0700
42664,0.2100
42672,0.2100
42682,0.0700
42692,0.2100
42705,-0.2800
42712,-0.2800
42722,0.0000
42732,0.4200
42739,0.4200
42749,0.0700
42760,0.1400
42771,-0.2100
42785,-0.2100
42795,-0.1400
42803,-0.1400
42826,0.0000
42838,0.2800
42845,0.0000
42855,0.0000
42866,0.0000
42875,0.2800
42887,-0.0700
42897,0.0700
42907,-0.0700
42919,-0.0700
42929,0.2800
42943,-0.1400
42950,0.0700
42960,0.4200
42968,0.4200
42976,0.2100
42989,-0.0700
43001,0.2100
43016,0.0000
43029,0.1400
43042,0.0000
43049,0.0000
43062,0.2800
43073,0.2800
43087,0.0000
43097,0.0000
43106,0.1400
43118,0.0000
43141,0.2800
43149,0.2800
43157,0.1400
43165,0.3500
43180,-0.0700
43191,0.1400
43205,0.3500
43217,0.1400
43226,0.1400
43236,-0.2100
43244,0.0000
43257,0.1400
43265,0.1400
43273,0.2100
43285,0.0700
43295,0.1400
43307,0.2100
43318,0.2100
43325,0.0000
43332,-0.0700
43340,-0.0700
43349,-0.0700
43359,0.0700
43371,0.0700
43382,0.0700
43390,0.1400
43400,0.0700
43410,0.1400
43417,0.1400
43429,0.2100
43441,0.0000
43449,0.1400
43457,0.1400
43467,0.1400
43477,0.1400
43487,0.0700
43497,0.0700
43510,0.2800
43518,-0.1400
43528,-0.1400
43540,0.4900
43550,0.4900
43560,-0.0700
43568,0.2100
43578,0.2800
43585,0.2800
43595,0.0700
43605,-0.2800
43614,-0.2800
43621,-0.0700
43629,0.0700
43643,0.3500
43658,0.0700
43666,0.0700
43677,0.2100
43687,0.3500
43699,0.1400
43709,0.0700
43719,-0.1400
43741,0.0700
43751,0.0000
43758,0.2800
43769,0.2800
43780,-0.0700
43793,0.1400
43803,-0.1400
43815,-0.0700
43827,0.2100
43839,-0.0700
43846,-0.0700
43853,-0.0700
43865,-0.1400
43880,-0.0700
43888,-0.3500
43895,-0.3500
43905,0.1400
43915,0.0700
43926,0.0700
43939,-0.0700
43950,-0.2100
43960,-0.2100
43973,0.0000
43984,0.0000
43995,0.0000
44009,-0.1400
44020,0.0000
44030,-0.2100
44043,-0.1400
44054,0.0700
44065,0.0700
44077,0.1400
44088,0.2100
44098,0.1400
44108,-0.2100
44121,0.2100
44131,-0.0700
44141,-0.0700
44151,0.0700
44160,-0.2100
44170,0.2100
44179,0.2100
44189,-0.2800
44199,0.1400
44208,-0.2100
44219,-0.2100
44232,-0.1400
44239,-0.0700
44249,0.0000
44261,0.2800
44268,0.2800
44278,0.0000
44290,-0.1400
44300,0.1400
44307,0.1400
44314,0.0000
44323,0.0700
44333,0.0700
44343,0.2100
44353,0.0000
44360,0.0000
44367,0.0700
44377,-0.3500
44390,0.2100
44400,-0.1400
44410,-0.1400
44419,-0.0700
44430,-0.0700
44440,-0.2100
44447,-0.2100
44459,0.2100
44469,-0.2100
44477,-0.2100
44485,0.1400
44495,0.1400
44505,0.2100
44515,0.2100
44522,0.2800
44529,0.0700
44539,0.0700
44552,0.0700
44559,-0.2800
44566,-0.2800
44576,0.1400
44589,-0.2100
44596,-0.0700
44606,-0.0700
44614,-0.0700
44624,0.2100
44634,-0.0700
44642,-0.0700
44652,0.1400
44665,-0.3500
44675,0.0000
44685,0.0700
44695,0.0700
44704,0.2800
44718,0.0000
44727,-0.0700
44740,0.0000
44747,0.0000
44757,0.2100
44812,-0.1400
44823,-0.1400
44836,0.0000
44843,-0.2800
44856,0.2800
44863,0.2100
44873,0.2100
44883,0.2800
44894,-0.0700
44901,-0.0700
44908,-0.1400
44918,0.2100
44928,0.2100
44940,-0.2800
44950,-0.4200
44961,0.2100
44971,0.0700
44980,0.2100
44994,0.2100
45006,0.0000
45016,0.0000
45025,0.1400
45037,-0.2100
45046,-0.1400
45058,-0.2800
45070,0.0000
45082,0.0000
45093,0.0000
45110,-0.0700
45120,-0.0700
45127,0.0000
45137,0.0700
45144,0.0700
45151,-0.2100
45165,-0.2100
45176,-0.0700
45183,-0.0700
45193,0.3500
45201,0.0000
45212,0.0000
45219,0.0000
45229,0.0000
45236,0.0000
45243,0.0000
45253,0.2800
45264,-0.0700
45275,0.2100
45288,0.4200
45295,0.4200
45306,0.2100
45319,-0.2100
45329,0.0000
45339,0.2100
45354,0.0700
45361,0.0700
45371,0.0700
45391,-0.0700
45401,0.0000
45408,0.4200
45420,0.0700
45428,0.0700
45435,-0.0700
45442,-0.0700
45454,-0.2800
45465,-0.1400
45475,-0.0700
45488,0.0000
45495,0.2100
45502,0.2100
45509,0.0700
45520,0.3500
45533,0.3500
45543,-0.1400
45553,-0.3500
45563,-0.1400
45574,0.2100
45583,0.2100
45592,0.2100
45604,0.0000
45614,-0.1400
45624,0.0000
45636,-0.0700
45645,-0.0700
45652,0.0000
45661,0.2100
45671,0.2100
45678,0.0000
45687,-0.1400
45696,-0.1400
45707,-0.2100
45716,0.0000
45725,0.0000
45733,0.1400
45742,0.1400
45752,0.0000
45764,0.2800
45771,0.2800
45780,-0.0700
45790,-0.0700
45799,-0.0700
45810,0.0000
45817,-0.1400
45826,-0.1400
45836,-0.0700
45845,0.2100
45853,0.2100
45867,0.2800
45875,-0.2800
45884,0.1400
45893,0.0700
45903,0.0700
45913,0.0000
45921,-0.2100
45931,-0.2100
45941,0.0000
45951,0.0700
45962,-0.2100
45974,0.1400
45984,-0.0700
45995,-0.0700
46004,-0.2100
46013,0.0000
46021,0.1400
46031,0.1400
46041,0.1400
46052,-0.2100
46062,0.0700
46069,0.0700
46082,0.0000
46120,-0.0700
46129,0.2100
46139,0.0700
46146,0.0700
46153,-0.1400
46164,0.1400
46175,0.1400
46198,0.0000
46206,0.1400
46213,0.1400
46223,0.3500
46233,-0.1400
46244,-0.0700
46251,-0.0700
46258,0.2800
46269,-0.0700
46280,-0.2100
46290,-0.2100
46305,-0.1400
46315,-0.1400
46325,0.1400
46335,0.0000
46345,-0.1400
46353,-0.1400
46364,0.2100
46373,0.1400
46381,0.1400
46389,0.1400
46398,0.0000
46407,0.0000
46414,-0.0700
46424,0.1400
46431,0.1400
46440,0.2800
46448,0.0000
46457,0.0000
46466,-0.0700
46476,-0.2800
46483,-0.2800
46495,-0.4200
46505,-0.1400
46517,0.1400
46526,0.0700
46534,0.0700
46543,0.2100
46552,-0.1400
46561,-0.1400
46571,0.1400
46580,0.0700
46591,0.4900
46600,0.4900
46607,0.0700
46616,0.2100
46627,0.0000
46639,-0.1400
46648,-0.1400
46657,0.1400
46665,0.0000
46675,0.0000
46685,0.0700
46693,0.0700
46700,0.0700
46709,0.0000
46717,0.1400
46726,0.1400
46737,0.0700
46750,0.2800
46759,0.1400
46768,0.1400
46778,-0.0700
46788,-0.1400
46796,0.1400
46806,0.1400
46815,-0.2100
46822,0.0000
46832,0.0000
46842,0.0000
46855,0.2800
46865,-0.2800
46875,-0.1400
46887,0.0700
46897,0.1400
46910,0.2100
46917,0.2100
46930,0.1400
46941,0.0700
46948,-0.2100
46960,-0.2100
46971,0.2800
46982,0.0000
46989,-0.2100
46999,-0.2100
47012,-0.0700
47019,-0.0700
47031,0.0700
47041,-0.2800
47051,0.0000
47064,-0.0700
47076,-0.0700
47087,0.0700
47098,-0.0700
47105,0.0000
47115,0.0700
47123,0.0700
47133,-0.0700
47141,-0.0700
47148,-0.0700
47160,-0.4200
47172,-0.2100
47215,0.0000
47225,-0.0700
47232,-0.0700
47242,-0.0700
47254,0.0000
47264,0.0000
47276,0.1400
47287,0.1400
47301,0.0000
47309,0.1400
47319,0.1400
47331,-0.0700
47343,0.2100
47353,0.0700
47363,0.0000
47372,0.0000
47383,-0.1400
47393,-0.2800
47404,0.0000
47414,0.2800
47427,-0.2100
47437,-0.2100
47447,0.0000
47533,-0.2100
47542,-0.0700
47552,-0.0700
47562,0.1400
47574,-0.2100
47586,0.0700
47596,-0.1400
47606,-0.0700
47614,-0.0700
47624,0.3500
47634,-0.0700
47645,-0.0700
47654,-0.0700
47663,-0.3500
47671,0.2800
47681,0.2800
47691,-0.2800
47701,-0.0700
47712,-0.1400
47722,0.0000
47731,0.0000
47744,-0.2100
47753,-0.1400
47762,0.0000
47771,0.0000
47782,-0.0700
47793,-0.4900
47803,-0.0700
47813,-0.1400
47823,-0.1400
47834,-0.0700
47843,-0.0700
47851,0.2100
47860,0.2100
47870,0.1400
47878,0.0700
47890,-0.2800
47902,-0.0700
47914,-0.0700
47929,0.2100
47939,0.0700
47952,0.0700
47963,0.1400
47973,-0.0700
47987,0.0700
47997,0.2800
48010,0.1400
48019,-0.0700
48029,-0.0700
48039,-0.0700
48049,0.1400
48057,-0.1400
48064,-0.1400
48072,0.0000
48079,0.0000
48090,-0.0700
48102,-0.2100
48115,0.0700
48127,-0.0700
48134,-0.1400
48149,-0.0700
48161,0.1400
48171,0.1400
48181,-0.2100
48191,0.1400
48201,0.2100
48212,-0.0700
48219,-0.0700
48229,0.0700
48241,-0.2100
48248,-0.2100
48258,0.0700
48265,0.2100
48276,0.0700
48289,0.1400
48296,0.1400
48306,0.2100
48316,0.1400
48326,-0.0700
48333,-0.0700
48340,0.1400
48352,0.1400
48362,0.1400
48373,0.2100
48382,0.1400
48392,0.2100
48400,0.2100
48407,0.2800
48417,-0.0700
48427,-0.0700
48434,0.0000
48444,-0.2100
48452,-0.2100
48462,0.2100
48472,0.0700
48484,-0.2800
48497,0.4200
48507,0.0700
48517,0.0700
48527,0.0000
48537,-0.1400
48550,0.2800
48562,0.0700
48569,0.0700
48579,0.2100
48591,0.3500
48604,0.0700
48614,0.2800
48624,-0.2800
48634,-0.2800
48645,0.0000
48655,-0.2100
48665,0.0000
48677,0.2100
48692,0.2800
48702,0.2100
48714,-0.2100
48724,-0.2100
48734,-0.1400
48745,-0.0700
48758,0.2100
48771,-0.1400
48783,-0.2100
48791,0.0000
48804,-0.2800
48816,0.0000
48824,0.0000
48833,0.2800
48845,0.1400
48855,-0.4200
48862,-0.4200
48876,0.2800
48885,0.0700
48895,0.1400
48902,0.1400
48912,0.0000
48920,0.0700
48930,-0.1400
48939,-0.1400
48948,-0.2100
48958,-0.1400
48968,-0.2100
48976,-0.2100
48985,0.0000
48996,-0.1400
49007,-0.0700
49020,-0.0700
49031,0.0700
49042,0.0700
49051,-0.3500
49064,-0.2100
49071,-0.2100
49081,-0.2100
49092,0.2800
49102,0.1400
49111,-0.0700
49121,-0.0700
49128,0.0000
49135,0.0000
49142,0.0700
49152,0.0000
49162,0.0700
49175,-0.0700
49182,-0.0700
49192,-0.2100
49202,0.0700
49213,0.0700
49225,0.2100
49236,-0.0700
49248,0.0000
49261,-0.2100
49271,0.2800
49281,0.0700
49289,0.0700
49299,0.2100
49310,0.0000
49319,-0.0700
49331,0.1400
49345,0.1400
49353,0.1400
49364,0.3500
49390,0.3500
49400,0.0700
49409,-0.1400
49419,0.3500
49430,0.3500
49440,-0.0700
49450,0.0700
49462,-0.1400
49475,0.3500
49486,0.0700
49496,0.0700
49503,0.2100
49513,-0.2100
49520,-0.2100
49530,0.0700
49540,-0.0700
49552,0.0700
49562,0.4200
49576,-0.0700
49584,-0.0700
49595,0.4200
49606,-0.0700
49616,-0.0700
49627,-0.2100
49638,0.0000
49649,0.0000
49661,0.2100
49671,-0.1400
49682,0.2100
49696,-0.1400
49705,0.2800
49714,0.2800
49724,-0.0700
49734,0.1400
49744,0.3500
49755,0.0000
49763,0.0000
49770,0.0700
49780,0.0000
49792,-0.2100
49799,-0.2100
49809,-0.0700
49818,0.0700
49828,0.0700
49838,0.2100
49849,-0.0700
49859,0.0700
49868,0.0700
49877,-0.0700
49887,0.2100
49899,0.0000
49909,0.4900
49916,0.4900
49927,-0.0700
49937,-0.2100
49948,0.1400
49955,0.1400
49962,0.1400
49972,0.1400
49983,0.0000
49992,0.4200
50005,0.3500
50029,0.2100
50039,-0.1400
50054,-0.1400
50061,-0.1400
50070,0.2100
50080,-0.1400
50091,0.0700
50102,0.0700
50114,0.0700
50125,-0.2100
50135,0.3500
50148,-0.2100
50158,0.0700
50168,-0.2800
50176,-0.2800
50183,-0.1400
50196,-0.2800
50206,0.3500
50216,0.3500
50227,0.0000
50234,-0.0700
50241,-0.0700
50251,-0.1400
50261,-0.2800
50272,0.0700
50282,-0.2800
50293,-0.2800
50301,-0.1400
50308,0.3500
50318,0.3500
50332,-0.0700
50342,0.2800
50352,0.2100
50362,0.0000
50373,-0.0700
50382,-0.0700
50392,-0.1400
50399,-0.2800
50406,-0.2800
50417,-0.2100
50425,-0.1400
50436,-0.1400
50446,-0.2100
50453,0.1400
50460,0.1400
50470,0.0700
50480,0.2100
50490,0.1400
50498,0.1400
50506,-0.2100
50513,-0.2100
50523,-0.2100
50532,0.0700
50540,0.2100
50547,0.2100
50557,-0.0700
50564,-0.0700
50571,0.0700
50583,0.0000
50595,0.2100
50605,-0.1400
50615,-0.1400
50627,0.0000
50637,0.0000
50647,0.0700
50656,0.2100
50668,-0.1400
50680,-0.0700
50693,-0.0700
50700,-0.0700
50709,-0.0700
50720,0.3500
50729,0.3500
50738,-0.1400
50747,0.0700
50756,0.0700
50768,0.0000
50779,0.2100
50788,0.2800
50797,0.0700
50804,0.0700
50811,0.0700
50821,0.0700
50829,-0.1400
50838,0.0700
50849,0.1400
50858,0.1400
50867,0.0700
50876,0.1400
50883,0.1400
50894,-0.0700
50905,0.3500
50912,0.3500
50922,0.0700
50931,0.2100
50939,0.1400
50948,0.1400
50957,0.2800
50967,0.0000
50977,-0.0700
50987,-0.0700
50998,0.2100
51008,-0.2100
51015,0.3500
51024,0.3500
51034,0.0700
51042,-0.2800
51052,-0.2800
51062,-0.3500
51071,-0.1400
51079,-0.1400
51086,0.0700
51098,0.0700
51106,0.3500
51118,0.3500
51130,0.2100
51141,0.0000
51152,0.2100
51163,0.0700
51174,0.1400
51185,-0.0700
51196,-0.1400
51212,0.0000
51227,0.2100
51239,0.0000
51252,-0.2800
51265,0.1400
51272,0.2100
51282,0.2100
51294,0.0000
51306,0.2800
51313,0.1400
51320,0.1400
51328,0.2100
51336,0.2100
51348,0.1400
51358,0.0700
51370,0.2100
51380,0.1400
51390,0.2800
51402,0.0000
51412,0.0000
51422,0.1400
51430,0.0000
51440,-0.2100
51448,-0.2100
51458,0.2800
51468,0.0700
51478,0.0700
51488,0.0700
51501,-0.0700
51512,-0.1400
51522,0.0000
51532,0.0000
51541,0.0000
51548,0.2800
51569,0.2800
51577,0.2800
51590,0.2100
51601,0.2800
51611,-0.2100
51621,0.0700
51628,0.0700
51640,0.2100
51649,0.0700
51661,0.1400
51669,0.1400
51678,-0.4200
51688,-0.4200
51697,0.0700
51707,0.0700
51717,0.2100
51726,-0.1400
51734,-0.1400
51743,0.2100
51751,0.0000
51761,-0.2100
51769,-0.2100
51779,-0.2100
51788,0.1400
51796,0.1400
51808,-0.1400
51818,0.1400
51828,-0.0700
51836,-0.0700
51845,0.1400
51854,-0.0700
51864,-0.0700
51873,-0.4200
51883,0.0700
51892,0.0000
51899,0.0000
51906,0.0000
51913,0.0000
51922,-0.1400
51930,-0.2100
51937,-0.2100
51947,-0.1400
51956,-0.0700
51968,-0.2800
51977,-0.2800
52021,0.0000
52029,0.0000
52039,-0.1400
52050,-0.1400
52060,0.0700
52070,-0.0700
52082,-0.0700
52092,0.3500
52101,0.0000
52109,0.1400
52116,0.1400
52126,-0.0700
52135,0.3500
52146,0.3500
52156,0.4900
52168,0.3500
52175,-0.0700
52185,-0.0700
52197,0.0000
52205,0.2100
52214,-0.0700
52227,0.2800
52238,0.2800
52248,0.4200
52258,0.2800
52268,0.0000
52279,0.1400
52292,0.2800
52305,0.0000
52312,0.0000
52320,0.2800
52330,0.0700
52339,0.0700
52349,-0.1400
52356,0.0000
52366,0.0000
52376,0.0700
52384,-0.5600
52391,-0.5600
52398,-0.2100
52405,-0.2100
52416,-0.2100
52424,0.1400
52431,0.4900
52442,0.4900
52453,0.1400
52464,0.0000
52480,-0.1400
52490,-0.2800
52500,0.1400
52510,0.0700
52523,-0.0700
52533,-0.0700
52541,0.2800
52551,0.2100
52558,0.2100
52565,0.1400
52575,-0.1400
52585,0.2800
52595,0.2800
52618,0.0000
52627,-0.1400
52637,0.0700
52648,0.0700
52660,-0.0700
52669,-0.3500
52677,-0.1400
52687,-0.1400
52696,0.2800
52704,0.0700
52716,0.0700
52726,0.0700
52736,0.0700
52747,0.1400
52758,-0.0700
52768,0.1400
52778,0.1400
52788,0.0000
52797,0.1400
52804,0.0000
52814,0.0000
52821,0.0000
52831,0.1400
52840,0.1400
52847,-0.0700
52855,-0.0700
52864,-0.2100
52874,0.0700
52884,0.2100
52894,0.2100
52903,0.2100
52911,0.0700
52920,0.1400
52929,0.1400
52938,0.0700
52949,0.0700
52958,0.0700
52965,0.1400
52975,0.2100
52986,-0.2100
52995,-0.2100
53004,0.0000
53015,0.0000
53025,0.0700
53034,0.0700
53045,0.0700
53055,0.1400
53066,0.1400
53076,0.0000
53086,0.0000
53099,0.0700
53109,-0.2800
53119,0.2800
53129,-0.0700
53141,0.0700
53152,0.1400
53164,0.1400
53176,0.0000
53189,-0.1400
53196,-0.1400
53207,0.0000
53218,0.0700
53230,0.0000
53237,0.0000
53247,0.0000
53257,0.1400
53267,0.1400
53277,0.4200
53284,-0.2800
53295,0.2800
53306,0.1400
53313,0.1400
53325,0.3500
53335,0.0000
53345,0.1400
53353,0.1400
53363,-0.0700
53375,-0.1400
53382,-0.1400
53390,-0.2100
53397,-0.1400
53409,-0.2100
53421,-0.2100
53433,-0.1400
53443,0.2100
53453,0.0700
53463,0.0000
53475,-0.0700
53486,-0.0700
53498,0.2100
53510,0.2100
53524,-0.0700
53534,-0.0700
53541,-0.1400
53551,0.0700
53562,0.0700
53572,-0.1400
53579,0.0000
53589,0.1400
53598,0.1400
53610,0.0000
53620,-0.0700
53632,0.2100
53642,0.2800
53649,0.2800
53659,0.0700
53669,0.2100
53679,0.2100
53689,0.1400
53696,-0.1400
53706,0.2100
53718,0.1400
53729,0.1400
53737,0.4200
53751,0.2100
53762,0.0700
53773,0.0000
53780,0.0000
53787,0.0700
53797,0.2800
53805,0.2800
53815,-0.0700
53822,-0.0700
53834,-0.1400
53844,-0.1400
53855,0.4200
53865,-0.1400
53877,0.1400
53887,-0.0700
53897,-0.0700
53909,-0.0700
53919,0.2100
53927,0.2100
53935,0.2100
53947,-0.1400
53960,-0.0700
53973,-0.1400
53985,0.1400
53993,-0.0700
54003,0.2800
54013,0.2800
54021,0.2800
54045,0.0000
54060,-0.2100
54068,0.0000
54078,0.1400
54088,0.1400
54099,0.0700
54106,0.4200
54113,0.4200
54123,0.2100
54136,0.2100
54146,-0.0700
54159,0.1400
54169,0.0700
54176,0.0700
54183,0.0000
54193,0.0000
54204,0.3500
54211,0.2100
54221,0.2800
54231,0.2800
54238,0.0000
54248,0.0000
54260,0.5600
54273,0.0000
54284,0.0000
54293,0.1400
54303,0.4200
54312,0.0000
54320,0.0000
54330,-0.1400
54341,0.0700
54351,0.0700
54361,0.2100
54372,0.2100
54383,0.0000
54396,0.1400
54408,0.0000
54426,0.2100
54435,0.2100
54446,0.0000
54458,-0.0700
54468,0.2100
54475,0.2100
54487,0.1400
54515,0.2100
54525,0.0700
54535,0.3500
54542,0.0000
54549,0.0000
54559,0.1400
54569,0.0000
54580,0.0000
54590,0.2100
54607,-0.0700
54616,-0.0700
54628,0.0700
54639,0.0000
54648,0.0000
54658,0.0000
54668,0.4200
54677,0.1400
54687,0.2800
54698,-0.0700
54709,0.0000
54722,0.3500
54733,0.3500
54745,-0.2100
54757,0.0700
54769,0.0000
54779,0.0000
54790,-0.0700
54802,0.4200
54809,0.4200
54821,0.0000
54828,-0.0700
54840,0.0700
54850,0.1400
54862,0.1400
54874,0.0000
54884,0.0000
54894,0.0000
54901,0.1400
54908,0.1400
54921,0.0700
54929,0.2800
54941,-0.1400
54949,-0.1400
54959,0.0700
54966,0.1400
54974,0.1400
54981,0.2100
54994,0.1400
55006,-0.2800
55014,-0.2800
55024,0.1400
55031,-0.2100
55041,-0.2100
55049,0.1400
55062,-0.0700
55069,0.0700
55079,0.0700
55089,0.2800
55097,0.2100
55104,0.2100
55114,0.2100
55126,0.0000
55136,-0.2100
55146,0.2100
55160,0.2100
55170,0.2100
55177,-0.2800
55187,0.2800
55200,-0.0700
55207,-0.0700
55220,-0.0700
55230,0.0700
55240,0.0700
55251,0.0000
55263,-0.1400
55275,0.0700
55284,0.0700
55296,0.2800
55306,0.0700
55313,0.3500
55320,0.3500
55330,-0.1400
55340,-0.1400
55350,-0.1400
55361,-0.1400
55371,0.1400
55381,0.0700
55394,0.0700
55406,-0.1400
55416,-0.1400
55428,-0.0700
55438,0.1400
55449,0.0700
55459,-0.1400
55468,0.1400
55479,0.1400
55490,0.0700
55501,-0.0700
55513,-0.1400
55527,0.2800
55537,-0.1400
55547,0.2800
55557,0.2800
55569,0.2100
55579,-0.0700
55589,0.1400
55596,0.1400
55606,0.1400
55618,0.0700
55630,-0.0700
55640,0.1400
55647,0.1400
55654,0.0000
55663,0.1400
55675,0.0700
55684,0.0700
55695,0.2800
55706,0.1400
55716,0.1400
55724,0.1400
55734,0.1400
55744,0.2100
55753,0.0700
55760,0.0700
55769,0.1400
55778,0.2800
55788,0.2800
55798,-0.0700
55809,-0.1400
55820,-0.0700
55830,-0.1400
55843,0.2100
55853,0.2100
55863,0.2800
55872,0.2100
55886,0.3500
55895,0.1400
55905,0.1400
55914,0.2100
55927,-0.0700
55938,0.0700
55947,0.3500
55957,0.3500
55966,0.0000
55975,0.2800
55984,0.0700
55991,0.0700
55998,0.3500
56009,0.3500
56019,0.1400
56030,0.0000
56042,0.0000
56051,0.0000
56063,-0.0700
56073,0.1400
56083,0.1400
56093,0.1400
56102,0.1400
56112,-0.0700
56125,-0.0700
56135,-0.0700
56143,-0.2100
56151,-0.2100
56161,0.0000
56174,0.0700
56184,0.0000
56193,-0.0700
56205,0.0000
56214,0.3500
56225,0.3500
56235,0.2800
56245,0.0700
56253,0.0700
56263,0.2100
56270,-0.1400
56280,-0.0700
56290,-0.0700
56300,0.1400
56362,0.2100
56371,0.0000
56378,0.0000
56389,-0.1400
56399,0.2800
56409,0.2800
56419,0.2800
56429,0.2800
56439,0.1400
56449,0.0000
56459,0.4200
56469,0.4200
56480,-0.0700
56489,0.1400
56499,0.0700
56509,0.0700
56521,-0.0700
56530,0.0000
56542,0.2100
56553,0.2800
56567,-0.1400
56577,0.2100
56585,0.2100
56592,0.0700
56602,0.0700
56612,0.0700
56623,0.0700
56633,0.3500
56641,0.0700
56651,0.0700
56662,0.2100
56672,0.1400
56683,0.0000
56690,0.0000
56698,0.1400
56706,0.0700
56716,0.0700
56727,0.2100
56737,0.2100
56748,0.3500
56763,-0.1400
56770,0.0000
56785,0.1400
56794,0.1400
56805,-0.1400
56894,-0.2100
56903,-0.1400
56916,0.2800
56931,0.0000
56939,0.0000
56950,-0.0700
56961,-0.0700
56976,0.0700
56986,0.0700
56993,0.2100
57003,-0.4200
57010,-0.4200
57022,0.2800
57029,0.0000
57041,0.0700
57050,0.0700
57059,0.1400
57066,0.2800
57076,0.2800
57084,0.2100
57091,0.0000
57101,0.0000
57108,0.1400
57117,0.2100
57127,0.2100
57141,0.0700
57151,0.3500
57162,-0.0700
57170,0.0000
57180,0.2100
57190,0.2100
57202,0.2800
57210,0.3500
57220,0.0700
57232,0.0000
57239,0.0000
57247,0.4200
57256,0.4200
57264,-0.2100
57277,0.2800
57289,-0.2100
57299,0.2100
57312,0.0700
57328,0.2100
57338,0.0000
57350,0.0700
57358,0.0700
57371,-0.0700
57378,-0.2800
57388,0.0000
57398,0.0000
57408,-0.0700
57418,0.0700
57428,-0.3500
57438,-0.2100
57447,-0.2100
57455,0.2800
57469,0.4200
57485,-0.0700
57493,-0.0700
57503,0.0700
57513,0.0700
57520,-0.2800
57527,-0.2800
57537,0.0000
57551,-0.2100
57562,0.0700
57575,0.0000
57585,0.2800
57593,0.1400
57600,0.1400
57610,0.2100
57620,-0.1400
57631,0.2100
57643,-0.2800
57653,-0.2800
57660,-0.1400
57672,0.0700
57682,-0.2100
57697,-0.1400
57706,-0.1400
57714,-0.2100
57722,-0.4200
57731,-0.4200
57739,0.0700
57749,0.2100
57757,0.2100
57765,-0.1400
57772,-0.1400
57782,0.0700
57790,0.1400
57806,0.1400
57818,0.2800
57827,0.3500
57835,0.3500
57845,0.0700
57854,-0.0700
57864,0.2100
57875,0.2100
57884,0.4200
57891,-0.2100
57901,0.0700
57909,0.0700
57918,0.0000
57927,-0.2100
57936,-0.2100
57943,-0.2800
57952,0.2100
57962,0.2100
57971,0.0700
57980,0.1400
57988,0.1400
57997,-0.4200
58009,-0.1400
58016,-0.1400
58026,0.0000
58037,-0.1400
58048,-0.2800
58058,0.0700
58068,0.0000
58080,0.0000
58091,-0.0700
58104,0.0700
58116,-0.0700
58132,0.2100
58139,0.2100
58150,-0.2800
58162,0.1400
58169,0.1400
58180,-0.4200
58194,-0.2800
58202,0.0000
58214,0.0700
58225,-0.0700
58239,-0.1400
58248,-0.1400
58258,0.0700
58269,0.2100
58280,0.0000
58290,0.0700
58302,0.2800
58313,0.2800
58326,-0.2800
58336,-0.2800
58348,0.0700
58360,0.0700
58370,0.0000
58380,-0.0700
58390,0.1400
58400,0.1400
58412,-0.1400
58422,-0.1400
58432,0.0700
58440,0.0700
58453,-0.2100
58462,0.2100
58475,0.2100
58486,-0.1400
58496,-0.2800
58508,0.0000
58519,0.0000
58535,0.0000
58547,0.2100
58554,0.2100
58564,0.1400
58571,0.4200
58581,0.4200
58591,0.3500
58603,0.2800
58614,0.1400
58624,0.2800
58632,0.2800
58643,0.0000
58653,0.2100
58660,0.1400
58667,0.1400
58676,-0.2100
58688,0.0700
58695,0.0700
58704,0.3500
58713,-0.0700
58723,-0.0700
58732,-0.2100
58740,-0.1400
58750,-0.1400
58758,0.0000
58767,-0.0700
58777,-0.0700
58787,-0.0700
58796,-0.2100
58805,0.1400
58816,0.1400
58827,-0.0700
58837,-0.0700
58849,0.0700
58858,0.0000
58867,0.0700
58875,0.0700
58882,0.1400
58892,0.2100
58901,0.2100
58910,-0.0700
58920,-0.0700
58929,-0.0700
58944,0.0700
58953,0.0700
58961,0.0700
58970,0.0000
58980,0.0000
58994,-0.1400
59004,0.1400
59012,0.4200
59022,0.0000
59032,0.0000
59042,0.2800
59052,-0.1400
59063,-0.2800
59072,-0.1400
59080,-0.1400
59090,0.2100
59110,-0.3500
59120,0.0000
59130,-0.0700
59140,0.0700
59153,-0.1400
59160,-0.1400
59170,0.0000
59180,-0.0700
59192,0.0700
59201,0.0000
59215,0.0700
59227,0.3500
59234,0.3500
59246,0.2100
59257,-0.0700
59267,0.2100
59278,0.0700
59289,0.0700
59301,0.2100
59311,0.0700
59322,0.0700
59333,0.2100
59343,-0.1400
59353,-0.1400
59363,-0.0700
59375,0.0000
59385,-0.0700
59395,-0.2800
59406,-0.2800
59418,0.0000
59429,-0.1400
59437,-0.2100
59448,0.2100
59455,0.2100
59462,-0.0700
59472,-0.1400
59483,-0.1400
59493,0.0000
59503,0.4200
59513,0.2800
59525,0.2100
59532,0.2100
59539,0.0000
59550,-0.0700
59560,-0.0700
59568,-0.1400
59578,0.3500
59588,0.2800
59595,0.2800
59605,0.0700
59615,0.0700
59625,0.0700
59635,0.0700
59645,-0.0700
59658,-0.2100
59668,-0.2100
59678,0.1400
59688,0.1400
59698,-0.1400
59710,0.0700
59717,-0.2100
59727,-0.2100
59737,-0.2100
59749,0.3500
59760,-0.2800
59773,0.0700
59781,0.0000
59792,0.0000
59799,0.0000
59809,0.1400
59820,0.0000
59833,0.0000
59841,0.0000
59848,0.1400
59865,-0.0700
59875,0.1400
59882,0.1400
59889,-0.3500
59896,-0.2100
59909,0.0700
59918,0.0700
59926,-0.1400
59936,-0.0700
59943,-0.0700
59954,-0.1400
59967,0.2800
59979,-0.2100
59993,0.2100
60001,0.0000
60014,0.0700
60027,-0.2800
60039,0.0000
60048,0.0000
60059,0.0700
60068,-0.1400
60078,-0.0700
60089,0.2100
60101,0.0700
60108,0.0700
60118,0.0700
60125,0.0700
60132,-0.2800
60140,-0.0700
60148,-0.0700
60158,0.1400
60168,-0.0700
60179,-0.3500
60190,-0.3500
60200,0.1400
60213,0.0700
60224,0.3500
60237,0.1400
60249,0.0000
60259,-0.3500
60267,-0.3500
60277,-0.0700
60284,-0.4200
60296,-0.0700
60310,0.1400
60322,-0.1400
60331,-0.1400
60343,0.2800
60353,0.1400
60364,0.1400
60373,0.1400
60382,0.1400
60393,0.3500
60403,-0.0700
60415,0.2800
60426,-0.0700
60435,0.0000
60447,0.0000
60455,0.4200
60462,-0.0700
60475,0.2100
60482,0.2100
60492,0.0700
60502,-0.0700
60512,-0.0700
60522,0.2100
60533,0.2800
60545,-0.0700
60552,0.1400
60559,0.1400
60566,0.3500
60578,0.0700
60589,0.0700
60600,0.2800
60611,0.0700
60621,0.2100
60631,0.1400
60641,0.1400
60651,0.0700
60658,-0.2800
60665,-0.2800
60676,0.0000
60688,0.0000
60698,-0.0700
60710,-0.1400
60718,-0.1400
60730,0.1400
60742,-0.1400
60752,0.0700
60763,0.2100
60770,0.2100
60780,0.0700
60791,-0.0700
60801,0.1400
60812,0.2800
60822,-0.0700
60830,-0.0700
60840,-0.0700
60847,-0.1400
60860,-0.1400
60870,0.4200
60880,0.1400
60891,0.2100
60904,0.2100
60914,0.0000
60925,0.0000
60935,0.0700
60943,0.0000
60950,0.0000
60961,0.1400
60972,0.0000
61018,-0.0700
61026,-0.0700
61033,-0.0700
61041,-0.0700
61049,-0.0700
61060,-0.0700
61107,-0.0700
61116,-0.0700
