13183,0.0000
13195,-0.0700
13210,0.0700
13220,-0.0700
13228,-0.0700
13238,0.0700
13247,0.0000
13257,0.0000
13268,-0.0700
13278,0.0000
13288,0.0700
13299,0.2100
13310,0.2100
13320,0.0000
13330,0.2800
13342,0.0000
13352,0.0000
13362,-0.1400
13374,-0.1400
13384,0.2800
13396,0.0700
13406,0.3500
13417,0.0000
13427,-0.2100
13441,0.0700
13452,0.0700
13462,0.0700
13472,0.0000
13481,-0.0700
13492,0.2800
13503,0.2800
13513,0.2100
13523,0.3500
13535,0.1400
13545,0.3500
13555,0.2100
13567,0.2100
13577,0.2100
13587,0.0700
13597,0.0700
13607,0.3500
13617,0.3500
13627,-0.1400
13637,-0.0700
13648,0.0000
13658,0.3500
13668,0.3500
13678,-0.4900
13690,0.0700
13703,0.1400
13713,0.0000
13725,0.1400
13734,0.1400
13745,0.0700
13755,0.2100
13763,0.0000
13773,0.0000
13785,0.2100
13796,-0.1400
13804,0.0000
13814,-0.2100
13824,-0.2100
13836,0.0700
13846,0.1400
13856,0.0700
13866,0.0000
13876,0.0000
13886,0.2100
13898,0.2800
13910,0.1400
13920,0.2100
13931,0.4200
13942,-0.2100
13952,-0.2100
13964,0.0000
13974,0.2800
13988,0.5600
13999,0.2800
14009,0.0700
14019,0.2100
14030,0.2100
14041,0.2100
14052,0.0700
14062,0.0700
14072,0.0700
14084,-0.0700
14094,-0.0700
14103,-0.0700
14113,0.1400
14123,0.1400
14133,0.1400
14144,-0.2100
14154,0.2100
14166,0.0700
14177,0.6300
14188,0.0700
14200,0.0000
14213,0.2800
14223,0.2800
14232,0.0700
14243,0.2800
14253,0.2800
14263,0.2800
14277,0.4900
14294,-0.1400
14307,0.2100
14318,0.0000
14329,0.2800
14340,0.2800
14350,0.2100
14360,0.2100
14371,0.2100
14384,0.0700
14396,0.0000
14406,-0.1400
14416,-0.1400
14426,0.0000
14436,0.3500
14446,0.0700
14456,0.1400
14464,0.1400
14474,-0.2800
14485,-0.0700
14496,0.0700
14506,0.0700
14516,0.2100
14527,-0.2100
14540,-0.2100
14552,0.2100
14562,0.2100
14572,0.1400
14588,0.0700
14597,-0.2100
14609,-0.2100
14619,-0.0700
14630,-0.0700
14641,-0.3500
14655,0.2100
14666,0.1400
14676,-0.2800
14687,-0.2800
14698,0.0700
14708,-0.0700
14718,0.2100
14728,0.1400
14738,0.1400
14750,-0.0700
14761,-0.2100
14771,-0.2100
14782,-0.2100
14795,0.4900
14806,0.1400
14816,0.1400
14825,0.1400
14833,-0.0700
14843,-0.1400
14853,-0.1400
14864,0.0000
14876,-0.1400
14886,0.1400
14896,0.0700
14905,0.0700
14915,-0.2100
14926,0.1400
14937,0.2100
14947,0.1400
14956,0.1400
14964,0.2800
14974,-0.0700
14985,-0.0700
14998,0.1400
15009,0.1400
15033,-0.0700
15043,-0.0700
15053,-0.2100
15062,-0.3500
15072,-0.3500
15083,0.0000
15092,0.1400
15102,-0.2100
15112,-0.2100
15123,0.0700
15135,-0.2100
15144,-0.2100
15154,0.0000
15164,0.0000
15172,-0.0700
15181,0.0000
15190,0.0000
15204,-0.0700
15216,-0.0700
15229,-0.0700
15239,0.2100
15249,0.1400
15258,0.0000
15267,0.0000
15277,0.1400
15291,0.1400
15303,0.0000
15311,0.1400
15322,0.2100
15331,0.2100
15343,0.0700
15354,-0.0700
15365,0.1400
15375,0.4900
15388,0.0000
15398,-0.1400
15412,0.2100
15422,0.2100
15435,0.0000
15445,0.2800
15456,0.1400
15467,0.3500
15477,0.1400
15487,-0.1400
15496,-0.1400
15509,0.0000
15520,0.0700
15530,0.0700
15540,-0.1400
15550,-0.1400
15560,-0.2100
15570,0.1400
15581,0.2800
15593,0.0000
15601,0.0000
15611,-0.2100
15623,0.0700
15638,0.3500
15647,-0.0700
15657,0.1400
15666,0.1400
15675,0.3500
15685,-0.2100
15693,0.2100
15703,0.2100
15711,0.1400
15720,0.2800
15730,0.2800
15740,0.1400
15748,0.4200
15756,0.4200
15766,0.2800
15774,0.0000
15782,0.0000
15791,0.0700
15801,0.2100
15810,-0.0700
15819,-0.0700
15828,0.2800
15837,0.0700
15845,0.0700
15855,0.2800
15868,0.3500
15876,0.1400
15885,0.1400
15894,0.0700
15903,0.0000
15912,0.5600
15920,0.5600
15929,-0.0700
15939,-0.1400
15948,-0.1400
15958,0.2800
15967,0.0000
15975,0.0000
15983,0.2800
15992,0.2800
16002,0.3500
16015,0.1400
16025,0.1400
16036,-0.2100
16045,0.3500
16053,0.3500
16066,0.2100
16076,-0.1400
16086,0.0000
16096,-0.0700
16106,0.0700
16116,0.0700
16127,0.3500
16138,0.2100
16150,-0.0700
16160,0.1400
16170,0.0000
16181,0.0000
16192,0.0700
16202,0.3500
16213,0.2100
16225,0.2800
16234,0.0700
16242,0.0700
16252,-0.0700
16261,0.2800
16271,0.2800
16281,0.2100
16293,0.3500
16303,0.4200
16313,0.2100
16323,0.2100
16335,0.1400
16346,0.1400
16355,0.0000
16365,0.1400
16377,0.2800
16387,0.2800
16398,-0.1400
16410,0.0700
16420,-0.0700
16434,0.0700
16446,0.2800
16456,0.0000
16466,0.0700
16476,0.0700
16486,-0.1400
16497,0.1400
16507,0.0000
16517,0.0000
16527,0.2800
16539,0.3500
16550,-0.0700
16560,0.0000
16570,0.0000
16580,0.0000
16589,0.0000
16597,0.0000
16605,0.0000
16615,0.2800
16625,0.2800
16639,0.0000
16648,0.0000
16656,0.0000
16665,0.0700
16675,0.1400
16686,0.3500
16697,0.3500
16707,0.3500
16717,0.0700
16727,0.1400
16738,0.1400
16748,0.1400
16757,0.0000
16766,0.0700
16778,-0.0700
16788,-0.1400
16798,-0.1400
16808,0.2100
16820,0.0700
16840,0.2100
16850,0.2100
16860,-0.0700
16869,0.2100
16880,0.1400
16889,0.1400
16901,0.2800
16911,0.0700
16924,-0.0700
16933,-0.0700
16943,0.0700
16952,0.0700
16961,0.0000
16970,0.0700
16978,0.0700
16987,0.2800
16996,-0.1400
17007,-0.1400
17016,-0.1400
17028,0.0000
17037,0.0700
17046,0.1400
17056,0.1400
17066,0.2100
17076,0.1400
17086,-0.1400
17096,-0.1400
17107,0.0700
17118,0.0700
17128,-0.0700
17137,0.0000
17147,0.0000
17157,-0.0700
17167,0.2800
17177,-0.2100
17186,-0.2100
17198,-0.0700
17209,0.0000
17218,0.1400
17230,0.2100
17240,-0.0700
17251,-0.0700
17261,0.0700
17269,0.2800
17279,0.2100
17291,-0.0700
17301,-0.0700
17311,0.2100
17322,-0.1400
17332,0.0000
17344,0.4200
17357,0.2100
17367,-0.0700
17377,-0.0700
17387,0.0700
17399,-0.3500
17412,0.1400
17423,0.1400
17436,0.0700
17447,0.0700
17457,0.0700
17467,0.0700
17477,0.1400
17488,-0.2100
17498,0.1400
17508,0.1400
17518,-0.2100
17528,0.2100
17539,-0.0700
17550,0.2100
17560,0.2100
17570,0.0000
17581,0.2800
17591,-0.0700
17601,0.1400
17611,0.1400
17621,0.0700
17631,0.1400
17641,0.2800
17649,0.2800
17658,0.0000
17668,0.1400
17677,0.2100
17686,0.2100
17694,0.1400
17703,0.0700
17712,0.0700
17720,0.0000
17732,0.2100
17742,0.0000
17752,0.0000
17761,-0.0700
17769,0.2100
17783,-0.0700
17792,0.1400
17801,0.1400
17810,0.1400
17819,0.0000
17831,0.0700
17843,0.1400
17853,0.1400
17862,0.5600
17872,0.0000
17880,0.0000
17889,-0.1400
17898,0.0000
17906,0.0000
17914,0.0000
17928,0.2800
17937,-0.1400
17947,0.0000
17955,0.0000
17964,0.0700
17973,0.2100
17983,0.2100
17991,0.0000
18002,-0.0700
18011,-0.0700
18019,0.2100
18027,-0.1400
18037,-0.0700
18048,-0.0700
18058,-0.0700
18069,0.2800
18079,0.1400
18089,0.1400
18099,0.1400
18109,0.2800
18119,0.1400
18131,0.0700
18143,0.1400
18153,-0.1400
18163,-0.1400
18173,0.1400
18183,0.2100
18194,-0.0700
18203,-0.0700
18217,0.1400
18227,0.1400
18237,0.1400
18249,-0.2800
18259,-0.2800
18267,-0.2800
18279,0.2800
18289,0.0700
18299,0.4200
18309,0.2800
18319,0.2800
18330,0.3500
18340,0.3500
18350,-0.1400
18360,0.1400
18373,0.1400
18383,0.1400
18393,0.1400
18405,0.0000
18416,-0.0700
18427,0.4900
18439,0.2100
18449,0.0000
18468,0.0000
18478,-0.1400
18488,0.0000
18498,0.0000
18508,0.0700
18518,0.0000
18528,-0.0700
18539,-0.0700
18549,0.0000
18560,0.0000
18570,0.0700
18580,0.3500
18590,0.3500
18600,0.0700
18610,0.2100
18619,0.0000
18629,0.1400
18671,0.3500
18684,0.1400
18694,0.1400
18706,0.1400
18716,0.1400
18726,0.0000
18735,0.0000
18743,0.0000
18754,0.0000
18764,0.0700
18774,0.2100
18785,0.1400
18799,0.2800
18807,0.2800
18817,0.0000
18827,0.1400
18837,0.0700
18847,0.0700
18860,0.3500
18871,0.0000
18882,0.1400
18892,0.0000
18902,0.1400
18915,-0.0700
18926,0.2800
18935,0.2800
18945,0.2800
18955,0.0700
18965,0.3500
18980,0.2100
18991,0.2800
19001,0.2800
19012,0.4200
19024,0.0000
19034,0.2100
19047,0.2100
19059,0.1400
19076,0.4200
19086,0.1400
19095,0.3500
19106,0.1400
19116,0.1400
19126,0.2100
19137,0.2800
19147,0.3500
19158,0.2100
19168,0.2100
19182,0.0700
19192,0.2100
19202,-0.2100
19212,0.2100
19222,0.2100
19230,0.2100
19241,0.1400
19251,0.0000
19272,0.2100
19281,0.4200
19294,-0.0700
19304,0.0000
19314,0.4200
19324,0.4200
19334,0.4200
19345,0.3500
19354,0.2100
19363,0.2100
19373,0.2800
19385,0.1400
19395,0.2100
19407,0.1400
19417,0.4200
19427,0.4200
19439,0.2800
19447,0.0700
19459,0.0000
19471,0.1400
19481,0.2800
19491,0.2800
19501,0.1400
19510,0.0000
19521,0.2800
19531,0.2100
19541,0.2100
19552,-0.0700
19562,0.2800
19574,0.0000
19584,0.0700
19593,0.0700
19604,0.1400
19614,0.1400
19623,0.1400
19634,0.2800
19644,0.2800
19653,0.2100
19662,0.4900
19671,0.4900
19680,0.3500
19690,-0.2100
19698,0.0000
19708,0.0000
19717,-0.2100
19725,-0.0700
19735,-0.0700
19743,0.1400
19751,0.2100
19761,0.2100
19772,0.0000
19781,0.1400
19790,0.1400
19798,0.1400
19808,-0.1400
19816,0.1400
19824,0.1400
19834,-0.1400
19845,-0.0700
19854,0.1400
19863,0.1400
19872,-0.2100
19882,0.2100
19891,0.0000
19899,0.0000
19909,0.1400
19917,-0.1400
19925,-0.1400
19933,0.3500
19943,0.2800
19952,0.2800
19960,0.0000
19969,-0.2100
19977,-0.2100
19987,0.2800
19995,0.3500
20003,0.3500
20012,0.0700
20021,-0.0700
20029,-0.0700
20041,-0.2100
20051,-0.2800
20062,0.0000
20075,0.3500
20085,-0.1400
20095,-0.1400
20109,0.0000
20120,0.0700
20130,0.3500
20140,-0.2100
20150,-0.0700
20161,-0.0700
20174,0.1400
20184,-0.1400
20194,0.0700
20207,0.2100
20219,0.1400
20229,0.1400
20241,-0.0700
20251,-0.0700
20261,0.0000
20284,0.3500
20295,-0.0700
20306,0.1400
20318,0.2800
20328,0.2800
20338,0.0700
20353,-0.0700
20361,0.0700
20371,0.0700
20381,-0.0700
20391,-0.0700
20404,-0.2100
20415,0.0000
20425,0.2800
20436,0.1400
20446,0.1400
20456,0.1400
20466,0.2800
20479,0.0000
20490,-0.0700
20501,-0.0700
20511,0.0700
20522,0.0700
20533,-0.0700
20542,-0.1400
20552,0.1400
20562,0.1400
20572,0.1400
20582,0.1400
20623,0.2800
20633,0.3500
20643,0.2100
20657,-0.2100
20667,-0.2100
20679,0.4900
20687,0.4900
20743,0.0700
20753,0.0700
20763,0.1400
20777,0.2100
20787,0.2100
20797,0.2100
20807,0.2100
20820,0.1400
20830,0.1400
20841,-0.2100
20849,0.0000
20859,0.1400
20869,0.1400
20881,0.3500
20891,0.2800
20903,0.1400
20913,0.0700
20924,-0.0700
20934,-0.0700
20944,0.2100
20954,-0.0700
20964,0.0000
20974,0.0700
20985,0.0700
20995,0.2800
21005,0.4200
21015,0.1400
21026,0.1400
21037,-0.0700
21049,-0.0700
21059,0.0000
21071,0.2100
21082,0.5600
21091,0.2800
21101,0.2800
21112,0.0000
21122,0.2800
21132,0.0000
21143,-0.1400
21157,0.0000
21167,0.0700
21178,0.0700
21188,0.2100
21198,0.1400
21208,0.3500
21218,0.4200
21228,0.4200
21239,0.4900
21251,0.2100
21262,0.2100
21274,0.2800
21284,0.1400
21298,0.2100
21310,0.3500
21321,-0.0700
21331,-0.0700
21342,0.2800
21352,0.0700
21366,0.2100
21376,0.0700
21386,0.0700
21397,0.1400
21406,0.0700
21416,0.0700
21425,0.0000
21433,0.0000
21443,0.0000
21455,0.4900
21467,0.3500
21478,0.2100
21490,0.1400
21501,0.2800
21514,0.3500
21524,0.3500
21536,0.1400
21546,0.2800
21556,0.2100
21565,0.2100
21575,0.4200
21587,0.2100
21599,-0.2100
21609,0.5600
21620,-0.3500
21631,0.2100
21641,0.2100
21650,-0.1400
21658,0.0000
21669,0.2100
21679,0.2100
21688,-0.2100
21697,-0.1400
21709,-0.1400
21718,-0.1400
21727,-0.0700
21735,-0.0700
21744,-0.0700
21753,0.2800
21761,-0.1400
21770,-0.1400
21779,-0.1400
21791,-0.2100
21801,0.0700
21810,-0.1400
21819,-0.1400
21829,0.2800
21844,0.2100
21853,-0.0700
21864,0.0700
21874,-0.0700
21886,-0.0700
21894,0.0000
21904,0.0700
21913,0.2100
21922,0.2100
21931,0.0000
21941,-0.1400
21951,-0.0700
21960,-0.0700
21968,-0.2800
21977,0.0700
21987,0.0700
21997,0.2100
22006,0.1400
22015,0.1400
22026,0.2800
22035,0.2100
22043,0.0000
22056,0.2800
22067,0.2800
22077,-0.0700
22088,0.1400
22098,-0.0700
22108,0.2100
22121,0.0700
22131,0.0700
22142,0.0700
22152,-0.2800
22163,0.0700
22173,0.1400
22183,-0.2800
22193,-0.2800
22202,-0.0700
22212,-0.3500
22220,-0.3500
22230,-0.0700
22244,0.2100
22257,0.1400
22265,0.0000
22275,0.0700
22287,-0.2100
22297,-0.2100
22309,0.0000
22321,-0.0700
22330,0.1400
22338,-0.2800
22348,-0.2800
22358,0.1400
22369,-0.2800
22380,0.2100
22390,0.0700
22402,0.2800
22412,0.2800
22424,-0.0700
22434,0.0000
22444,-0.0700
22460,0.0000
22470,0.1400
22480,0.3500
22491,0.3500
22501,-0.1400
22509,0.0000
22523,-0.3500
22535,0.1400
22546,0.0700
22556,0.0700
22566,0.3500
22577,-0.0700
22587,-0.1400
22597,-0.1400
22610,0.2100
22620,0.2100
22630,0.0700
22639,0.0000
22648,0.1400
22658,0.1400
22668,0.1400
22676,0.2800
22685,0.2800
22694,0.2800
22702,0.0700
22712,-0.0700
22720,-0.0700
22729,0.1400
22738,0.0700
22747,0.0700
22757,0.1400
22766,0.4200
22775,0.4200
22783,0.0700
22792,0.0000
22801,-0.0700
22815,0.0700
22824,0.0700
22833,0.0700
22842,0.2100
22850,0.2100
22861,0.2800
22870,0.1400
22878,0.1400
22889,0.1400
22898,0.1400
22908,0.0700
22920,-0.1400
22930,-0.1400
22938,-0.0700
22948,0.4200
22959,0.0000
22970,0.3500
22979,0.3500
22987,0.2100
22997,0.1400
23005,0.1400
23015,0.2100
23023,0.0000
23033,0.0000
23043,-0.3500
23055,0.2100
23065,0.2800
23075,0.2100
23085,0.0700
23095,0.0700
23105,0.2800
23118,0.2800
23129,0.1400
23142,0.2100
23154,0.4900
23164,0.2100
23175,0.1400
23185,0.1400
23195,0.0700
23205,0.0000
23215,0.0000
23229,0.2800
23239,-0.1400
23250,-0.1400
23261,0.0700
23272,0.0700
23282,-0.1400
23292,0.1400
23302,0.1400
23313,0.0700
23324,0.1400
23334,0.0700
23344,0.1400
23354,0.0700
23369,0.0000
23379,0.0000
23389,0.2100
23399,0.3500
23409,0.2800
23419,0.2800
23428,-0.1400
23438,-0.1400
23446,-0.0700
23456,-0.0700
23466,0.2800
23478,-0.0700
23491,-0.1400
23502,0.0000
23513,0.1400
23523,-0.2100
23537,0.2100
23549,0.0000
23561,-0.1400
23573,-0.1400
23584,0.0700
23596,-0.0700
23606,0.4200
23618,0.2100
23630,0.2100
23642,-0.0700
23652,0.0000
23662,0.0000
23697,0.3500
23706,0.0000
23715,0.2100
23724,0.2100
23742,0.0000
23751,0.0000
23763,-0.4200
23773,0.0000
23783,0.0700
23793,0.2100
23803,0.2100
23812,0.1400
23825,-0.1400
23834,0.0700
23847,-0.0700
23858,0.0000
23868,0.0000
23882,0.0700
23892,0.2100
23901,-0.2100
23911,0.1400
23921,0.1400
23934,-0.2800
23944,0.2100
23953,0.0700
23963,-0.1400
23971,-0.1400
23979,-0.0700
23988,-0.1400
23998,-0.1400
24007,0.2800
24016,0.0000
24025,0.0000
24034,0.0000
24044,0.0000
24055,0.2800
24067,0.0700
24078,0.1400
24093,0.0700
24104,0.0000
24115,0.2100
24126,0.2100
24135,0.0700
24143,0.2100
24155,0.6300
24167,0.0700
24178,0.0700
24189,0.3500
24201,0.4200
24212,0.2800
24221,0.3500
24231,0.0700
24241,0.0700
24251,0.0000
24261,0.2100
24271,0.2100
24282,0.2100
24292,0.5600
24302,0.0000
24310,0.0700
24320,0.0700
24330,0.0000
24339,0.4200
24351,0.0700
24362,0.2800
24373,-0.2100
24383,-0.2100
24393,0.0700
24403,0.3500
24413,0.3500
24423,0.3500
24433,0.2100
24447,0.1400
24457,-0.2100
24467,-0.0700
24477,-0.0700
24487,-0.0700
24497,0.0000
24506,-0.0700
24516,0.1400
24526,0.1400
24538,0.2800
24548,0.3500
24561,0.3500
24571,0.1400
24581,0.2800
24591,0.0700
24601,0.0700
24609,0.0700
24617,0.2100
24627,0.2100
24637,0.1400
24648,0.0700
24660,0.2100
24669,-0.1400
24687,0.2100
24698,0.2800
24708,0.3500
24716,0.3500
24726,-0.1400
24735,-0.2100
24746,-0.0700
24756,-0.0700
24766,0.2100
24775,0.0700
24784,0.0700
24793,0.0000
24801,-0.0700
24809,-0.0700
24818,-0.0700
24827,-0.0700
24837,0.0000
24846,0.0000
24854,0.0000
24863,-0.1400
24872,-0.1400
24880,0.1400
24889,0.0000
24897,0.0000
24906,-0.2800
24915,-0.1400
24924,-0.1400
24933,0.0000
24941,-0.1400
24954,0.2800
24964,0.2800
24975,0.4900
24986,-0.0700
24997,-0.0700
25009,-0.1400
25021,0.3500
25031,0.0700
25046,-0.0700
25057,-0.2100
25068,0.5600
25080,0.0000
25093,0.0000
25104,0.1400
25116,-0.1400
25131,0.0000
25144,-0.1400
25157,-0.3500
25173,0.1400
25189,0.2800
25200,0.0700
25210,-0.1400
25223,0.1400
25233,0.1400
25244,0.0000
25254,0.0700
25264,-0.1400
25274,0.0000
25284,0.0000
25295,0.2100
25306,0.0700
25318,0.0700
25328,0.0000
25338,0.2100
25352,0.3500
25362,0.3500
25374,0.0000
25384,0.1400
25394,0.0700
25402,0.0700
25412,0.2800
25422,0.0000
25432,0.4200
25441,-0.0700
25449,-0.0700
25459,0.0700
25469,0.0700
25479,0.0700
25492,0.1400
25502,0.1400
25512,0.0000
25528,0.2100
25538,0.3500
25552,-0.2800
25565,-0.0700
25578,0.1400
25590,0.2100
25601,0.2800
25613,0.0000
25625,0.1400
25635,0.0000
25647,0.1400
25659,0.1400
25675,0.2100
25686,0.1400
25698,0.1400
25709,-0.0700
25721,-0.0700
25731,0.0000
25744,0.1400
25754,-0.0700
25764,0.0700
25774,0.0700
25788,-0.1400
25799,0.3500
25810,0.1400
25820,-0.2100
25832,0.2100
25842,0.2800
25855,0.2100
25865,0.2100
25875,0.2100
25887,0.3500
25897,0.2100
25907,0.0700
25920,0.2100
25930,0.2800
25940,0.2800
25950,-0.1400
25962,0.3500
25972,0.1400
25984,0.0000
25994,0.4200
26005,0.4200
26018,0.0700
26028,0.2800
26036,-0.1400
26046,0.2800
26056,0.2800
26066,0.4200
26076,0.2100
26086,0.0000
26100,0.0700
26110,0.2800
26121,0.2800
26131,-0.1400
26140,0.1400
26150,0.0700
26160,0.0700
26168,0.4200
26180,0.0700
26195,0.1400
26205,0.0700
26216,0.2100
26227,-0.1400
26239,0.2100
26251,0.2100
26261,-0.0700
26276,0.1400
26288,-0.0700
26297,0.3500
26309,0.2100
26319,0.1400
26330,0.2100
26340,0.2100
26353,0.0700
26363,0.1400
26371,0.0000
26383,-0.0700
26394,0.1400
26409,0.2800
26419,0.0700
26430,0.0700
26445,0.1400
26458,0.1400
26471,-0.2100
26482,0.1400
26493,0.2100
26505,-0.0700
26517,-0.1400
26526,-0.1400
26537,-0.0700
26550,-0.0700
26560,-0.2100
26577,-0.1400
26589,0.1400
26600,0.0700
26611,0.0700
26622,0.1400
26632,-0.2100
26640,-0.3500
26650,-0.3500
26662,0.0000
26672,-0.0700
26682,-0.2100
26693,0.0000
26703,0.0700
26713,0.0700
26725,-0.2800
26737,-0.0700
26747,0.2100
26756,-0.1400
26767,-0.1400
26781,0.0700
26792,0.0700
26803,-0.2800
26813,0.1400
26823,-0.2100
26833,-0.0700
26843,-0.0700
26854,-0.2800
26868,-0.2800
26878,-0.0700
26888,0.0700
26898,-0.2100
26908,-0.2100
26923,-0.0700
26931,-0.0700
26941,0.1400
26952,0.0000
26962,-0.2100
26972,-0.2100
26982,-0.1400
26996,-0.2100
27006,-0.0700
27016,-0.1400
27028,-0.0700
27039,-0.0700
27050,-0.1400
27061,-0.1400
27071,-0.0700
27080,0.0700
27092,0.2100
27102,0.2100
27111,-0.2100
27121,0.0700
27131,-0.2800
27140,0.1400
27150,0.1400
27165,0.2100
27174,-0.2100
27184,-0.3500
27196,0.0000
27207,0.0700
27218,-0.1400
27230,-0.1400
27240,0.2100
27250,-0.0700
27260,0.0000
27269,0.2100
27277,0.2100
27288,0.0700
27301,0.0000
27314,-0.0700
27324,-0.0700
27334,0.0700
27345,0.0700
27355,0.1400
27365,-0.0700
27377,-0.1400
27391,-0.0700
27403,0.1400
27417,0.0000
27427,0.4200
27437,-0.0700
27447,-0.0700
27458,-0.1400
27468,0.0000
27478,0.1400
27492,0.2100
27502,0.0700
27512,0.0700
27522,0.0000
27532,0.1400
27542,0.5600
27551,0.5600
27560,0.0000
27573,0.1400
27586,0.1400
27597,0.0000
27609,0.0700
27623,0.2800
27633,-0.2800
27645,0.2800
27657,-0.0700
27668,-0.0700
27683,-0.0700
27693,-0.0700
27705,0.0700
27714,-0.0700
27726,0.2800
27740,-0.1400
27750,0.0000
27762,-0.3500
27772,-0.0700
27784,-0.1400
27792,-0.1400
27802,0.0700
27817,0.1400
27827,0.1400
27837,-0.1400
27847,-0.1400
27859,-0.1400
27869,0.0000
27879,-0.2100
27888,0.0000
27898,0.0000
27907,0.1400
27917,-0.0700
27927,0.2800
27937,0.2800
27947,-0.0700
27957,-0.1400
27970,0.4900
27981,0.2800
27994,-0.0700
28005,0.0700
28017,-0.2100
28027,-0.2100
28039,0.0000
28049,-0.2800
28059,-0.2100
28068,-0.1400
28079,-0.1400
28089,0.0700
28098,-0.2100
28108,0.0000
28118,0.0000
28133,0.1400
28143,0.1400
28155,-0.4200
28167,0.0700
28177,0.0700
28186,-0.1400
28198,0.0000
28212,0.0000
28223,0.1400
28233,0.1400
28243,0.0700
28253,0.1400
28262,0.0700
28272,0.0700
28282,-0.0700
28293,0.1400
28303,0.0000
28313,0.1400
28323,0.1400
28336,-0.4200
28344,-0.0700
28354,0.0700
28366,-0.1400
28376,0.1400
28388,0.1400
28398,0.2100
28408,0.1400
28416,-0.2800
28426,-0.2800
28437,0.0700
28448,0.1400
28458,0.2800
28468,-0.0700
28478,-0.0700
28486,0.0700
28494,0.2800
28507,-0.0700
28517,-0.0700
28527,0.1400
28538,0.2800
28548,-0.2100
28558,0.0000
28566,0.0000
28574,-0.1400
28588,-0.2100
28598,0.3500
28613,0.0700
28623,-0.2100
28635,-0.2100
28644,-0.2100
28654,0.2800
28663,-0.2800
28671,-0.2800
28680,-0.0700
28689,-0.2100
28698,0.1400
28707,0.1400
28719,0.0700
28728,0.0700
28736,0.0700
28745,0.1400
28754,0.1400
28763,0.1400
28772,0.1400
28782,-0.1400
28791,-0.0700
28799,-0.0700
28810,-0.2100
28822,0.2100
28832,0.1400
28841,-0.2800
28851,-0.2800
28860,-0.0700
28869,-0.2100
28881,0.0700
28891,0.0700
28902,-0.0700
28914,-0.0700
28923,0.0000
28931,0.0000
28940,0.0000
28950,0.0700
28960,0.0000
28969,0.0000
28978,-0.0700
28987,-0.2100
28996,0.2800
29015,0.0000
29024,0.0000
29033,-0.1400
29043,-0.1400
29054,-0.2100
29064,-0.0700
29073,-0.3500
29083,-0.3500
29094,-0.0700
29104,-0.0700
29114,-0.1400
29126,0.2100
29138,0.2100
29148,0.2100
29158,0.2100
29166,0.1400
29177,0.0700
29192,0.0000
29202,0.0700
29215,-0.1400
29226,-0.1400
29237,-0.1400
29247,0.1400
29257,0.1400
29269,-0.1400
29279,-0.0700
29289,-0.0700
29299,0.1400
29308,0.3500
29320,-0.2800
29330,0.0000
29340,0.0000
29351,-0.1400
29362,-0.0700
29372,0.0700
29384,0.0700
29395,0.0000
29405,0.0000
29417,-0.2100
29427,0.0000
29438,-0.0700
29448,0.0000
29456,0.0000
29464,-0.0700
29474,0.0000
29484,-0.3500
29494,-0.3500
29507,-0.0700
29517,0.0000
29527,0.0000
29538,-0.2100
29548,-0.2100
29558,-0.1400
29571,-0.0700
29581,0.1400
29591,0.0000
29604,-0.1400
29614,0.0700
29623,0.0700
29633,-0.0700
29643,0.2100
29653,-0.0700
29668,-0.1400
29676,-0.1400
29686,0.0000
29697,0.0000
29706,-0.0700
29715,-0.0700
29724,-0.0700
29734,0.0700
29742,-0.2100
29751,-0.2100
29761,0.0000
29769,-0.0700
29778,-0.0700
29788,-0.1400
29800,0.2100
29808,-0.1400
29816,-0.1400
29825,-0.1400
29833,0.0000
29843,0.0000
29852,0.0700
29861,-0.2100
29869,-0.2100
29878,0.1400
29887,0.1400
29899,0.0700
29908,0.0700
29916,-0.0700
29925,0.0000
29934,0.0000
29942,0.3500
29950,0.0000
29960,0.0000
29974,0.2100
29983,0.2100
29991,-0.0700
29999,-0.0700
30012,-0.2800
30023,-0.2800
30033,0.1400
30042,-0.2800
30052,0.0000
30062,0.0000
30071,0.0000
30081,0.1400
30093,0.2100
30103,-0.4200
30113,-0.4200
30123,-0.2100
30133,0.0000
30143,0.1400
30151,0.1400
30159,0.1400
30169,-0.0700
30179,0.0700
30189,0.0700
30198,-0.0700
30208,0.2100
30219,-0.0700
30231,-0.0700
30242,-0.3500
30256,-0.0700
30266,0.0700
30277,0.0700
30287,0.0000
30297,0.0700
30307,0.0700
30317,0.1400
30327,-0.1400
30349,-0.0700
30359,-0.0700
30370,0.1400
30383,0.1400
30393,-0.2800
30403,0.0700
30414,-0.3500
30425,-0.1400
30435,-0.1400
30447,0.0000
30459,0.3500
30469,0.3500
30480,0.1400
30491,0.0000
30502,-0.0700
30512,-0.0700
30522,0.0000
30532,-0.2100
30544,0.0000
30552,0.0000
30563,0.0000
30574,-0.1400
30584,0.0000
30595,0.1400
30610,0.2100
30622,0.0000
30661,-0.0700
30686,0.2100
30696,0.0000
30704,0.0000
30713,0.0000
30723,0.0700
30733,0.0700
30742,-0.1400
30753,0.1400
30765,0.0000
30776,0.0700
30790,0.0700
30799,0.0700
30811,0.4200
30822,0.4200
30832,-0.4200
30845,-0.1400
30856,0.2800
30866,0.0700
30875,0.2100
30923,0.2800
30932,-0.0700
30944,0.0000
30953,0.2800
30962,0.2800
30971,0.0700
30981,0.2800
30990,0.2800
30999,0.2800
31007,-0.0700
31016,0.0000
31024,0.0000
31039,-0.0700
31048,0.1400
31061,-0.0700
31072,-0.1400
31082,0.0000
31092,0.0000
31103,0.0700
31113,-0.0700
31123,0.2100
31136,0.0000
31146,0.0000
31157,0.0000
31167,0.2100
31179,0.0000
31189,-0.2100
31199,-0.0700
31211,-0.0700
31222,0.1400
31232,0.1400
31244,0.2100
31258,-0.1400
31270,0.1400
31280,0.2100
31291,0.0000
31302,0.0000
31312,0.0000
31320,0.2800
31330,0.4200
31340,0.2100
31350,0.2100
31361,-0.1400
31371,-0.0700
31381,0.3500
31389,0.4200
31399,0.4200
31409,0.2100
31420,-0.2100
31431,0.0700
31441,0.1400
31451,0.1400
31463,0.1400
31473,-0.2100
31488,0.0700
31498,0.3500
31508,-0.0700
31518,0.0000
31528,0.0000
31538,0.0000
31548,-0.1400
31557,-0.1400
31567,-0.1400
31577,0.0700
31589,0.2100
31599,0.1400
31610,-0.0700
31620,-0.0700
31632,-0.2100
31642,-0.1400
31651,0.1400
31665,0.0700
31674,-0.1400
31683,-0.1400
31692,-0.1400
31701,-0.2800
31710,-0.2800
31718,-0.2800
31727,-0.0700
31736,-0.0700
31745,-0.0700
31755,-0.1400
31765,-0.2800
31773,-0.2800
31784,-0.3500
31794,-0.2800
31806,-0.1400
31814,-0.1400
31824,-0.0700
31833,0.1400
31856,0.3500
31870,-0.0700
31880,-0.1400
31889,-0.1400
31897,0.0700
31906,-0.1400
31915,-0.1400
31923,0.0000
31933,0.2800
31942,0.2800
31950,0.0700
31959,0.0700
31969,0.1400
31978,0.1400
31990,0.0000
31998,-0.0700
32008,0.1400
32017,0.1400
32028,0.0700
32037,-0.2800
32048,-0.0700
32059,-0.1400
32070,-0.1400
32082,-0.2800
32090,-0.0700
32100,0.0000
32110,0.0000
32120,0.0700
32130,-0.0700
32140,-0.2100
32150,-0.1400
32158,-0.1400
32168,-0.1400
32181,0.0700
32191,0.0700
32202,0.2800
32214,0.1400
32224,0.1400
32236,0.2800
32246,0.0000
32256,0.2800
32267,0.3500
32278,-0.3500
32288,-0.3500
32298,0.2100
32312,0.0000
32322,-0.2100
32332,-0.0700
32342,-0.0700
32352,-0.0700
32363,0.0700
32373,0.1400
32383,0.2100
32395,0.1400
32405,0.1400
32416,0.0700
32427,0.2100
32437,-0.2100
32449,0.1400
32459,0.2100
32470,0.1400
32481,0.1400
32492,0.1400
32502,0.0700
32512,-0.0700
32523,0.2100
32534,0.2100
32544,0.0000
32554,0.3500
32566,0.1400
32577,0.0700
32586,0.0700
32596,0.2800
32607,0.0700
32617,-0.2100
32628,0.0700
32638,0.0000
32651,0.4200
32661,0.4200
32672,0.2100
32686,0.0700
32699,0.0000
32709,0.2800
32720,0.0700
32730,-0.0700
32740,-0.0700
32751,0.2100
32761,-0.0700
32770,0.0000
32779,0.0000
32790,0.0700
32800,0.0700
32809,0.0000
32819,-0.0700
32832,0.1400
32842,0.1400
32853,-0.0700
32866,0.1400
32876,0.2100
32887,0.1400
32897,0.2800
32910,-0.0700
32920,-0.0700
32930,0.1400
32940,0.0000
32951,0.2800
32967,-0.2100
32977,-0.0700
32990,0.1400
33002,0.1400
33012,0.0000
33025,0.0000
33035,0.0000
33047,-0.1400
33058,-0.0700
33068,-0.1400
33078,-0.2100
33093,-0.0700
33102,0.0000
33112,0.0000
33122,0.2800
33131,0.0700
33139,0.0700
33150,-0.2100
33161,0.0000
33173,0.0000
33181,0.2100
33193,0.0700
33202,0.0700
33212,0.2100
33226,0.1400
33236,-0.1400
33246,-0.1400
33259,0.2100
33271,0.0700
33336,0.3500
33353,0.0000
33361,-0.0700
33375,0.0000
33386,0.0700
33396,0.0700
33407,0.2800
33420,0.0000
33430,-0.0700
33443,0.0700
33453,0.0700
33463,0.1400
33478,0.3500
33488,0.0700
33497,0.0700
33505,0.0000
33515,0.1400
33523,0.1400
33531,-0.0700
33541,-0.0700
33551,-0.0700
33561,-0.2800
33576,0.0700
33586,-0.2800
33599,0.1400
33608,-0.2800
33618,-0.2100
33627,-0.2100
33635,-0.2100
33645,0.0700
33656,-0.2800
33666,-0.2800
33681,0.0000
33691,0.0000
33701,0.3500
33711,-0.0700
33723,0.0000
33734,0.0700
33744,0.0700
33756,-0.2800
33766,0.0000
33776,0.0700
33786,-0.4900
33795,-0.4900
33806,0.1400
33814,0.0700
33824,0.0000
33834,0.0000
33844,0.0700
33856,0.0700
33866,-0.0700
33876,-0.2800
33886,0.2100
33907,0.2100
33917,-0.2100
33925,-0.2100
33935,0.0700
33945,0.0000
33955,0.2100
33965,0.2800
33974,0.2800
33988,-0.2800
34000,0.1400
34011,0.0700
34021,-0.2100
34031,0.0700
34039,0.0700
34067,-0.2800
34075,0.1400
34085,0.0700
34095,0.0700
34108,-0.2100
34119,0.0000
34129,0.0000
34141,-0.2100
34151,-0.1400
34161,-0.0700
34171,-0.1400
34182,-0.1400
34191,0.0700
34205,0.0000
34214,0.0000
34225,-0.2100
34235,0.1400
34247,0.3500
34257,0.3500
34267,-0.2100
34279,0.2800
34289,0.0000
34301,0.0000
34311,0.0000
34321,0.0000
34336,0.4200
34346,0.0000
34357,-0.2100
34367,0.0000
34377,0.0000
34388,0.0000
34398,0.0000
34408,0.0000
34420,-0.1400
34428,0.1400
34438,0.1400
34448,0.4200
34458,0.2100
34469,-0.2100
34479,-0.0700
34492,0.1400
34500,0.1400
34510,0.0700
34518,-0.2100
34526,-0.2100
34536,-0.2100
34546,0.2100
34556,-0.2800
34567,-0.2800
34580,-0.4200
34590,-0.2800
34601,-0.0700
34611,-0.0700
34623,0.0700
34633,0.0700
34642,0.0000
34652,-0.3500
34662,-0.2100
34670,-0.2100
34680,0.0000
34691,-0.3500
34699,0.0000
34708,0.0000
34720,0.2800
34729,0.1400
34737,0.1400
34746,0.1400
34755,-0.1400
34763,-0.2100
34775,-0.0700
34783,-0.0700
34798,-0.1400
34808,0.0700
34818,0.0000
34828,0.0700
34836,0.0700
34844,0.2100
34853,0.1400
34863,0.1400
34872,0.0000
34880,-0.0700
34889,-0.0700
34898,-0.1400
34912,-0.0700
34920,0.0000
34929,-0.0700
34940,-0.0700
34950,-0.0700
34959,0.0700
34969,-0.1400
34979,-0.1400
34989,0.0000
34998,0.1400
35007,0.3500
35016,0.3500
35026,0.0700
35035,-0.0700
35045,0.1400
35055,0.1400
35065,-0.0700
35075,0.0700
35087,-0.2100
35099,-0.0700
35109,0.2100
35119,0.2100
35133,-0.0700
35143,0.0000
35154,0.2800
35164,0.2100
35174,-0.2100
35184,-0.2100
35194,0.1400
35206,0.0000
35216,0.0700
35226,-0.3500
35235,-0.3500
35245,0.0700
35257,0.0000
35308,-0.2800
35317,0.0000
35329,0.0000
35339,0.0000
35349,0.0700
35361,0.2800
35372,-0.2800
35382,0.1400
35392,-0.2100
35403,-0.2100
35413,-0.2800
35425,0.0700
35435,-0.1400
35445,0.0000
35455,0.0000
35465,0.0700
35475,-0.1400
35486,0.4200
35496,0.2100
35505,0.2100
35516,-0.0700
35524,0.2100
35534,0.1400
35548,0.4200
35556,0.4200
35566,0.2100
35576,0.3500
35586,-0.2100
35597,-0.2100
35608,0.4900
35618,0.0700
35631,0.0000
35641,0.0000
35651,0.2800
35661,0.2800
35671,0.3500
35680,0.0700
35694,0.0700
35702,-0.0700
35712,-0.0700
35724,0.2800
35735,-0.1400
35745,0.3500
35758,0.1400
35766,0.0700
35776,0.0700
35795,0.1400
35805,0.1400
35815,0.1400
35824,-0.1400
35836,0.2800
35846,-0.0700
35855,-0.0700
35865,0.1400
35874,0.0000
35883,0.0000
35892,0.0000
35900,0.2800
35909,0.2100
35920,0.0000
35928,0.0000
35939,-0.0700
35948,0.2100
35956,0.2100
35965,0.0000
35974,0.2800
35983,0.2800
35992,-0.2800
36005,0.2100
36015,0.0000
36024,0.1400
36037,-0.2800
36046,-0.2800
36054,0.0000
36066,0.0000
36076,-0.0700
36086,-0.0700
36097,0.2800
36107,0.4900
36118,0.0700
36128,-0.0700
36141,0.0000
36151,-0.1400
36161,-0.1400
36172,-0.0700
36182,0.2100
36193,0.0000
36203,0.0000
36213,0.3500
36223,-0.0700
36234,0.0700
36244,0.1400
36254,0.0000
36264,0.0000
36274,0.5600
36287,0.2800
36299,-0.0700
36309,0.0700
36319,-0.1400
36335,0.0700
36348,-0.4200
36359,-0.0700
36369,-0.0700
36379,0.0000
36389,0.0000
36397,0.2100
36409,-0.0700
36420,-0.0700
36430,0.0700
36440,-0.0700
36450,-0.1400
36461,-0.1400
36473,-0.0700
36483,-0.0700
36493,0.2100
36503,-0.2100
36513,-0.2100
36522,-0.2100
36532,-0.0700
36543,0.0000
36553,0.0700
36563,0.2800
36575,0.2800
36585,-0.1400
36594,0.2800
36604,0.2800
36612,0.2800
36622,0.0000
36633,0.2800
36643,0.0700
36652,0.0700
36667,-0.1400
36676,-0.1400
36685,-0.2800
36694,-0.2800
36702,-0.2800
36713,0.0000
36722,0.2800
36734,0.0700
36743,0.0700
36753,0.0700
36763,0.2100
36775,0.0000
36785,0.2100
36794,0.2100
36803,-0.2100
36812,0.2100
36820,0.2100
36830,0.2100
36839,-0.2100
36848,-0.0700
36858,-0.0700
36868,-0.0700
36876,-0.0700
36886,-0.1400
36895,-0.1400
36904,0.1400
36913,0.0700
36923,0.0700
36935,0.0000
36945,-0.2100
36956,0.0700
36966,0.1400
36976,0.0700
36987,0.0700
36996,-0.0700
37005,0.0700
37014,0.0000
37022,0.0000
37034,0.2100
37043,0.0700
37052,0.0700
37060,0.0700
37070,0.0000
37080,0.2800
37090,0.1400
37100,0.1400
37115,0.0000
37128,0.1400
37137,0.0700
37152,-0.1400
37162,0.2100
37172,-0.1400
37183,0.0000
37191,0.0000
37201,0.0700
37211,0.4900
37221,-0.2100
37231,-0.2100
37240,-0.0700
37248,-0.2100
37258,0.3500
37269,0.3500
37279,0.1400
37289,0.1400
37301,0.2800
37312,0.2100
37323,-0.2100
37334,-0.2100
37345,0.3500
37355,0.2100
37368,-0.0700
37380,0.1400
37390,-0.2100
37400,-0.0700
37411,-0.0700
37421,-0.1400
37432,-0.0700
37443,0.2100
37454,0.2100
37464,0.0700
37475,0.0700
37488,0.2100
37501,0.3500
37512,0.0700
37525,-0.2800
37546,-0.1400
37559,0.0000
37570,0.1400
37580,0.2100
37590,0.2100
37602,0.2100
37614,-0.0700
37626,0.1400
37636,0.2100
37644,0.0700
37652,0.0700
37663,0.0700
37673,0.0700
37683,0.0700
37695,-0.2100
37705,0.1400
37715,0.2100
37726,-0.2100
37740,0.0700
37750,-0.2100
37761,0.0700
37772,0.0700
37785,0.1400
37794,0.2100
37803,-0.1400
37812,0.0000
37821,0.0000
37831,0.0700
37842,-0.1400
37851,0.0000
37863,0.3500
37872,0.3500
37883,0.0700
37893,0.3500
37902,-0.0700
37914,-0.0700
37923,-0.0700
37932,-0.2100
37942,0.0000
37955,0.0700
37965,0.0700
37974,0.0700
37983,0.0000
37992,0.0700
38001,0.0700
38009,0.0000
38019,-0.0700
38029,-0.0700
38038,-0.2100
38048,0.0700
38058,0.0700
38068,0.0700
38082,-0.0700
38093,-0.0700
38107,0.1400
38120,0.0700
38130,0.1400
38142,-0.2100
38151,-0.1400
38162,0.0000
38184,0.2100
38194,0.2800
38204,0.0000
38215,0.4900
38225,-0.3500
38235,-0.3500
38247,0.0000
38257,0.0700
38266,-0.1400
38276,0.0700
38287,0.0700
38298,0.1400
38308,-0.2800
38321,0.0700
38332,0.0700
38343,0.1400
38353,0.1400
38363,0.1400
38376,0.0000
38384,0.1400
38396,0.2100
38407,0.0000
38420,0.2800
38430,0.0000
38440,0.0000
38450,0.1400
38460,0.0700
38472,0.0000
38484,0.1400
38494,0.0700
38505,0.0700
38515,0.1400
38525,-0.1400
38537,0.2800
38545,0.0000
38558,0.0000
38568,0.0000
38578,0.0000
38588,-0.0700
38600,0.1400
38609,0.1400
38617,-0.0700
38627,0.0700
38637,-0.0700
38646,-0.0700
38655,0.4200
38664,-0.1400
38674,-0.3500
38683,-0.3500
38691,-0.0700
38702,0.2100
38711,0.2100
38721,-0.0700
38729,0.2100
38739,-0.0700
38748,-0.0700
38756,-0.2800
38766,-0.0700
38776,-0.2100
38835,-0.2800
38844,0.0700
38853,0.3500
38863,0.3500
38874,-0.1400
38883,0.2100
38894,0.2100
38904,0.2100
38917,0.1400
38926,0.1400
38936,0.0700
38945,0.2800
38954,0.2800
38965,0.2800
38974,-0.0700
38987,0.0000
38997,0.1400
39006,0.1400
39016,0.1400
39024,-0.4200
39035,-0.4200
39048,0.0000
39060,0.1400
39073,-0.0700
39086,-0.2100
39097,-0.2100
39107,0.2100
39117,-0.1400
39129,0.0700
39139,0.1400
39149,0.1400
39160,0.0000
39172,-0.0700
39185,-0.1400
39196,0.0000
39206,-0.0700
39216,0.0000
39226,0.0000
39238,0.0700
39249,0.2800
39259,-0.0700
39269,0.0000
39278,0.0000
39287,0.0000
39299,0.2100
39312,-0.0700
39324,0.2100
39333,-0.0700
39346,-0.2100
39358,-0.2100
39369,0.2100
39386,0.0000
39398,-0.0700
39408,-0.1400
39421,-0.1400
39431,-0.1400
39441,-0.0700
39451,0.2100
39461,0.1400
39471,0.1400
39480,0.2100
39490,0.4200
39500,0.1400
39510,0.1400
39523,-0.0700
39536,-0.0700
39546,-0.4200
39558,-0.1400
39568,-0.0700
39579,-0.2100
39589,0.0000
39598,0.0000
39609,-0.3500
39619,-0.0700
39630,0.3500
39641,-0.1400
39653,-0.2100
39662,-0.2100
39670,0.0000
39679,-0.2800
39688,-0.2800
39696,0.0700
39708,0.1400
39718,-0.0700
39728,-0.0700
39737,0.0000
39748,0.2100
39757,-0.0700
39766,-0.0700
39777,0.2800
39786,0.0700
39796,-0.0700
39806,0.0700
39819,0.0000
39828,0.0000
39837,0.2100
39847,-0.2800
39857,-0.2800
39865,-0.1400
39874,0.1400
39885,0.0000
39896,0.0000
39905,0.0700
39915,-0.2100
39924,-0.1400
39933,-0.1400
39942,0.1400
39951,0.1400
39959,0.1400
39968,-0.4900
39977,-0.2100
39986,-0.2100
39998,-0.0700
40007,0.0000
40017,-0.3500
40028,-0.0700
40038,0.1400
40048,0.1400
40058,0.2800
40067,-0.1400
40078,-0.2800
40089,-0.2800
40099,-0.2800
40109,0.2100
40122,0.2100
40132,-0.0700
40142,0.0000
40155,0.0000
40166,-0.1400
40176,-0.0700
40188,-0.2100
40198,-0.1400
40208,0.1400
40219,0.2100
40231,0.2800
40242,0.2800
40253,0.0700
40263,-0.1400
40275,-0.0700
40289,-0.0700
40301,0.0700
40312,0.2100
40322,0.0000
40332,0.0000
40342,-0.1400
40352,-0.1400
40362,0.0000
40371,0.0000
40384,0.0700
40392,0.0700
40404,0.0700
40414,0.1400
40425,0.3500
40436,0.3500
40450,-0.3500
40461,-0.3500
40474,-0.1400
40484,-0.2100
40496,-0.1400
40509,-0.0700
40523,0.1400
40533,0.1400
40542,0.1400
40555,-0.2100
40568,0.1400
40578,0.3500
40590,0.3500
40601,-0.1400
40613,0.0700
40626,-0.0700
40635,-0.3500
40643,0.0000
40653,0.0000
40663,0.2100
40673,0.1400
40684,-0.1400
40695,0.0700
40709,-0.0700
40719,-0.0700
40729,-0.0700
40739,-0.1400
40751,-0.2100
40761,0.0000
40771,0.0000
40780,0.0700
40794,0.2100
40809,0.2800
40819,0.2100
40830,0.1400
40841,0.0700
40851,-0.0700
40861,0.2800
40873,0.2800
40883,-0.2100
40894,0.2100
40904,0.1400
40914,0.0700
40926,0.1400
40937,0.1400
40951,0.0700
40961,-0.2100
40973,0.0000
40983,-0.2800
40998,-0.1400
41011,0.4900
41022,-0.0700
41033,0.0000
41043,-0.1400
41053,-0.1400
41063,-0.2800
41074,-0.1400
41084,-0.3500
41094,-0.2100
41106,0.0700
41117,0.0700
41127,-0.2800
41136,0.0700
41146,-0.0700
41157,-0.2100
41169,-0.2100
41179,-0.1400
41191,-0.3500
41201,-0.0700
41210,0.0700
41218,0.0700
41233,-0.0700
41247,0.0000
41258,0.0000
41270,0.0700
41281,0.2100
41292,-0.2800
41301,0.0000
41311,0.0000
41321,0.0000
41332,0.1400
41341,-0.0700
41351,0.2800
41361,0.2800
41371,0.0700
41380,0.0000
41391,0.2100
41401,0.2100
41411,0.0000
41421,-0.3500
41431,-0.1400
41442,-0.1400
41454,-0.1400
41465,-0.1400
41476,-0.2100
41486,0.0000
41500,0.2100
41510,0.1400
41522,0.0000
41532,0.0000
41546,0.2800
41556,0.0000
41566,0.0000
41576,-0.0700
41586,0.2100
41597,0.2100
41606,0.2100
41617,0.0000
41627,0.0700
41637,-0.0700
41647,0.2100
41657,0.2100
41665,0.1400
41676,0.0000
41684,0.0000
41695,0.0700
41704,-0.0700
41714,-0.0700
41723,-0.0700
41732,0.0700
41743,-0.3500
41752,0.0700
41765,0.2100
41774,0.2100
41785,-0.2800
41794,0.1400
41804,0.0700
41813,0.0700
41822,0.0700
41834,0.2100
41844,0.0000
41852,0.1400
41860,0.1400
41869,-0.1400
41879,0.1400
41887,0.1400
41899,0.0700
41908,0.2800
41916,0.0700
41956,0.4200
41966,0.4200
41975,-0.1400
41986,0.0000
41994,0.1400
42004,0.1400
42016,-0.1400
42025,-0.1400
42036,0.0700
42046,0.2800
42056,0.2800
42067,0.0000
42076,-0.2100
42086,0.4200
42096,0.0000
42105,0.0000
42116,-0.0700
42127,0.0700
42137,0.0700
42149,-0.0700
42160,-0.0700
42170,0.0700
42182,-0.2800
42194,0.0700
42204,0.0700
42215,-0.0700
42228,0.0700
42238,-0.0700
42249,-0.0700
42262,0.0700
42273,0.0700
42284,-0.0700
42294,0.0000
42304,0.0700
42318,-0.0700
42328,0.1400
42338,0.1400
42350,0.3500
42360,0.1400
42371,0.1400
42381,-0.1400
42393,0.2100
42404,0.2100
42416,0.0700
42426,0.1400
42437,-0.2100
42450,0.0700
42460,-0.1400
42470,0.0700
42481,0.0700
42491,-0.1400
42501,-0.1400
42513,-0.0700
42524,0.2800
42534,0.1400
42544,0.1400
42557,-0.1400
42567,-0.0700
42576,0.2100
42584,0.2100
42595,0.2800
42607,0.0000
42618,0.1400
42629,0.0000
42639,0.0000
42650,0.0700
42665,0.2100
42675,0.2100
42683,0.0700
42693,0.3500
42706,0.0000
42716,-0.0700
42726,-0.0700
42740,0.0000
42750,0.0000
42761,0.1400
42772,-0.0700
42786,0.0700
42796,0.2800
42804,0.2800
42831,0.2100
42839,0.2100
42849,-0.2800
42860,-0.2100
42869,0.0000
42880,0.0000
42892,-0.1400
42903,-0.2100
42913,-0.0700
42923,-0.2100
42935,-0.2100
42944,-0.2100
42954,-0.0700
42969,-0.2100
42982,-0.0700
42995,-0.0700
43007,-0.1400
43022,-0.2100
43034,0.1400
43043,-0.0700
43055,-0.2100
43068,-0.1400
43079,-0.0700
43088,0.0000
43099,0.0000
43112,-0.2100
43124,0.0000
43142,-0.1400
43150,-0.1400
43158,-0.4200
43167,0.2100
43181,-0.1400
43192,0.1400
43207,-0.1400
43219,0.1400
43233,-0.0700
43245,-0.1400
43258,-0.0700
43266,-0.0700
43274,-0.0700
43286,-0.2100
43297,0.0700
43308,-0.1400
43321,-0.0700
43334,0.1400
43350,-0.4200
43361,0.2100
43372,0.0700
43385,-0.0700
43397,-0.1400
43411,-0.2100
43425,0.1400
43435,0.2100
43450,0.0000
43458,0.0000
43468,-0.0700
43478,0.0700
43488,0.0700
43498,0.0700
43511,0.0700
43522,-0.0700
43533,0.1400
43541,0.0000
43551,-0.2100
43561,-0.2100
43569,-0.0700
43579,0.4200
43591,-0.0700
43601,-0.0700
43611,0.2800
43624,0.0000
43644,-0.2800
43659,0.5600
43667,0.2100
43678,0.2100
43689,0.0700
43700,0.1400
43710,0.1400
43720,0.2100
43742,0.2100
43752,0.2100
43764,-0.2100
43775,-0.0700
43786,-0.5600
43798,0.0700
43809,0.4200
43823,0.2800
43833,0.2800
43848,0.1400
43859,0.1400
43872,-0.0700
43881,-0.0700
43889,-0.2100
43899,0.2800
43911,-0.2100
43921,-0.2100
43931,-0.0700
43944,-0.0700
43954,-0.3500
43966,0.0700
43979,0.1400
43990,-0.1400
44001,-0.1400
44014,0.2100
44024,0.2100
44037,-0.3500
44048,0.0700
44061,0.2800
44072,-0.0700
44082,0.1400
44092,0.2100
44102,0.2100
44115,0.0700
44125,-0.0700
44136,-0.1400
44147,-0.2800
44157,-0.2100
44167,-0.2100
44180,0.1400
44190,-0.0700
44200,0.0000
44213,-0.2100
44225,0.0000
44233,-0.2100
44243,-0.2100
44253,0.1400
44262,-0.0700
44272,-0.1400
44282,-0.1400
44291,0.1400
44301,0.0700
44317,-0.2100
44327,-0.2800
44338,-0.0700
44348,-0.0700
44362,-0.1400
44372,-0.1400
44383,-0.2800
44391,0.0000
44401,-0.3500
44411,-0.3500
44420,0.0700
44430,-0.0700
44441,-0.0700
44453,0.3500
44464,0.3500
44478,0.0000
44486,0.0000
44496,0.2800
44506,0.0000
44516,0.2100
44530,0.0700
44541,0.0700
44553,0.0700
44567,0.1400
44578,0.1400
44591,-0.1400
44602,-0.0700
44615,0.0000
44625,-0.1400
44635,0.1400
44646,0.1400
44658,0.0700
44666,0.0700
44676,-0.0700
44686,-0.1400
44696,-0.1400
44705,-0.1400
44719,-0.0700
44729,-0.1400
44741,0.1400
44751,-0.1400
44761,0.0700
44817,0.1400
44827,-0.1400
44837,-0.2800
44849,-0.2800
44857,-0.0700
44868,-0.3500
44879,0.0700
44889,-0.0700
44902,-0.0700
44912,-0.0700
44922,-0.2100
44933,-0.1400
44941,-0.1400
44951,-0.1400
44962,-0.1400
44972,-0.0700
44982,-0.1400
44995,0.0000
45007,0.0000
45017,0.0000
45027,-0.2800
45038,-0.1400
45047,0.2100
45059,0.2100
45071,0.0700
45083,-0.1400
45094,-0.1400
45111,0.1400
45121,-0.0700
45131,-0.0700
45146,-0.1400
45157,-0.1400
45170,-0.0700
45184,-0.5600
45194,-0.0700
45202,0.0000
45213,0.0000
45223,-0.0700
45237,0.1400
45249,-0.2800
45260,-0.2800
45270,-0.1400
45280,-0.1400
45289,-0.2100
45301,-0.1400
45311,-0.1400
45325,-0.0700
45335,-0.0700
45345,-0.0700
45356,0.2800
45367,0.1400
45392,-0.1400
45402,-0.1400
45413,-0.2100
45422,0.0000
45436,-0.0700
45448,-0.1400
45459,-0.0700
45470,0.3500
45481,0.3500
45489,0.1400
45503,0.0000
45515,-0.0700
45525,-0.0700
45539,0.1400
45549,0.2800
45559,0.0000
45568,0.0000
45580,0.1400
45588,0.2100
45598,-0.2800
45608,-0.2800
45618,-0.0700
45628,-0.2800
45641,0.0700
45653,0.0700
45662,0.0700
45672,0.0700
45684,0.1400
45692,0.0700
45704,0.1400
45713,0.0700
45722,0.0700
45734,0.0700
45744,-0.2100
45753,-0.2100
45765,0.2100
45774,0.2100
45786,-0.0700
45795,0.0000
45806,0.2800
45818,0.0700
45827,0.0700
45837,-0.3500
45846,0.1400
45854,-0.1400
45868,0.2100
45878,0.2100
45887,0.0000
45899,-0.4200
45909,-0.1400
45918,-0.1400
45927,0.1400
45936,0.0000
45947,-0.0700
45958,-0.2800
45968,-0.2800
45980,-0.1400
45990,-0.0700
46000,0.0000
46009,-0.0700
46022,-0.0700
46032,-0.0700
46042,-0.1400
46053,-0.2800
46063,-0.0700
46076,0.2800
46088,-0.0700
46121,0.2100
46130,0.2100
46140,0.2800
46154,-0.3500
46165,-0.0700
46176,0.1400
46199,-0.2100
46207,-0.1400
46217,0.0700
46228,0.0000
46239,0.0000
46252,-0.2100
46262,0.0000
46273,-0.1400
46283,-0.3500
46292,-0.3500
46306,0.0000
46316,0.0000
46326,-0.0700
46336,-0.4900
46346,0.1400
46354,0.1400
46365,0.0700
46374,0.2100
46383,0.0000
46395,-0.2100
46404,-0.2100
46415,-0.0700
46425,-0.2100
46437,-0.0700
46445,-0.0700
46454,-0.0700
46463,0.0000
46473,0.0700
46485,0.0700
46496,0.3500
46506,0.2100
46518,-0.2800
46527,-0.2800
46535,-0.2800
46544,-0.0700
46553,-0.0700
46562,0.2800
46572,0.2800
46581,0.0000
46592,-0.2100
46601,0.1400
46613,0.0700
46622,0.0700
46634,0.2100
46645,-0.0700
46653,-0.2800
46666,-0.0700
46676,-0.0700
46686,0.1400
46694,0.0000
46706,0.2800
46719,0.0700
46730,0.0700
46743,0.0000
46751,0.0000
46760,-0.2100
46769,0.2800
46779,0.2800
46791,0.0700
46802,0.0000
46816,0.2800
46826,0.1400
46835,-0.2800
46848,0.0700
46856,0.0700
46866,-0.4200
46876,0.0000
46888,-0.0700
46899,0.2100
46912,0.0000
46923,0.0000
46942,0.0000
46954,-0.1400
46966,0.0700
46976,0.0700
46990,-0.0700
47000,-0.2800
47014,0.0000
47027,-0.3500
47037,-0.3500
47047,-0.0700
47057,-0.1400
47070,0.0000
47081,-0.2100
47091,0.0000
47100,0.0000
47111,0.0000
47124,0.2800
47134,0.2100
47142,0.2100
47154,0.2100
47164,0.2100
47176,0.0000
47216,-0.0700
47226,0.2800
47236,0.1400
47245,-0.2800
47255,-0.2800
47265,-0.1400
47277,0.0000
47288,-0.2100
47302,0.0700
47310,-0.1400
47321,-0.1400
47332,-0.3500
47344,-0.0700
47354,0.1400
47366,-0.2100
47377,-0.0700
47388,0.0700
47400,0.1400
47410,0.1400
47420,-0.2100
47431,0.0700
47440,0.0700
47450,0.1400
47534,0.2100
47543,0.0700
47553,-0.0700
47563,-0.0700
47576,0.2800
47587,-0.0700
47597,-0.0700
47607,0.0700
47620,0.0700
47631,0.1400
47641,0.1400
47650,-0.0700
47659,-0.0700
47672,-0.0700
47682,-0.0700
47692,0.1400
47703,0.1400
47713,0.2100
47723,-0.1400
47733,-0.1400
47745,0.0000
47754,-0.2800
47763,-0.2100
47772,-0.2100
47783,-0.2100
47794,-0.2100
47804,-0.2800
47814,-0.0700
47824,0.0700
47835,0.0700
47844,-0.1400
47857,0.2100
47866,0.1400
47875,-0.0700
47884,-0.0700
47896,-0.0700
47908,-0.1400
47920,-0.1400
47934,0.0000
47945,0.0000
47957,0.0700
47969,-0.2100
47979,-0.0700
47988,-0.0700
47998,-0.0700
48011,0.0700
48023,-0.0700
48033,-0.1400
48043,0.0000
48058,-0.0700
48073,0.0000
48084,-0.1400
48096,0.0000
48108,0.1400
48120,0.1400
48128,0.1400
48140,-0.2800
48155,-0.1400
48166,-0.0700
48176,0.0000
48186,-0.3500
48196,-0.3500
48204,-0.2800
48213,-0.1400
48225,-0.2800
48235,-0.2800
48249,0.4200
48259,0.4200
48271,0.0700
48282,0.0700
48290,0.0000
48300,-0.2800
48309,-0.2800
48317,0.0000
48327,0.0000
48341,-0.2800
48353,0.2100
48363,0.2100
48374,0.0000
48383,-0.0700
48393,0.0700
48401,0.0700
48413,0.0000
48423,0.0000
48435,0.0700
48445,0.2800
48456,-0.2800
48465,-0.2800
48473,0.0000
48485,-0.0700
48498,0.0700
48508,-0.0700
48518,-0.0700
48528,-0.2800
48538,-0.0700
48551,0.4200
48563,-0.1400
48573,0.1400
48585,-0.2100
48598,0.0000
48608,0.0000
48618,0.0000
48628,0.0700
48638,0.2100
48648,0.0000
48656,0.0000
48666,0.1400
48678,-0.1400
48693,-0.0700
48703,-0.1400
48715,-0.1400
48725,0.2800
48736,0.2800
48746,-0.2800
48759,0.1400
48772,-0.0700
48784,0.0000
48797,-0.1400
48805,0.0700
48817,-0.0700
48828,-0.1400
48837,-0.1400
48846,0.0000
48856,0.3500
48868,-0.1400
48881,0.1400
48891,0.1400
48903,-0.2100
48913,-0.0700
48921,0.0700
48931,-0.0700
48940,-0.0700
48949,-0.3500
48959,-0.4200
48969,-0.1400
48977,-0.1400
48986,0.0000
48997,-0.0700
49008,-0.0700
49021,-0.0700
49032,-0.0700
49043,0.2100
49052,0.2100
49065,-0.3500
49077,0.0000
49087,0.0000
49098,-0.0700
49112,0.2100
49122,0.2100
49136,0.0000
49147,0.0000
49156,0.0000
49168,-0.1400
49176,0.0700
49186,0.0700
49196,0.2100
49207,0.3500
49217,-0.0700
49229,0.0000
49237,0.0000
49249,-0.1400
49262,0.0700
49272,0.0000
49284,0.0000
49295,0.0000
49305,-0.1400
49315,-0.1400
49326,-0.4900
49337,-0.0700
49346,-0.2800
49354,-0.2800
49365,0.0000
49391,-0.1400
49403,-0.0700
49413,0.0000
49424,-0.0700
49435,-0.2100
49446,0.1400
49456,0.1400
49466,0.0700
49481,0.0000
49490,-0.4200
49504,0.2100
49514,-0.0700
49524,0.0000
49534,0.0000
49546,-0.1400
49557,-0.4200
49568,0.0700
49577,0.0000
49585,0.0000
49596,0.0000
49607,-0.1400
49617,0.0700
49628,-0.2100
49639,0.0700
49650,0.0700
49662,-0.2100
49672,-0.2100
49683,-0.1400
49697,-0.2800
49706,0.2100
49715,0.2100
49725,0.0700
49735,0.0700
49745,0.0700
49756,-0.1400
49766,-0.1400
49776,-0.0700
49788,0.1400
49800,0.0700
49810,-0.2100
49819,0.2800
49829,0.2800
49839,0.0700
49850,0.0000
49860,0.2100
49869,-0.1400
49878,-0.1400
49888,-0.1400
49900,-0.2100
49910,0.0000
49920,0.0000
49928,0.0000
49939,-0.0700
49949,0.0700
49963,-0.0700
49973,0.2800
49984,0.2800
49993,-0.3500
50025,0.1400
50036,0.1400
50055,0.0000
50065,-0.4200
50076,0.0700
50086,0.0700
50096,0.0000
50108,0.0000
50119,0.0000
50131,0.0700
50142,0.0700
50152,0.0700
50164,-0.1400
50178,-0.2100
50189,-0.1400
50200,-0.0700
50210,-0.0700
50221,0.4200
50236,-0.2800
50246,-0.2100
50256,0.2100
50267,0.2100
50276,0.1400
50286,-0.0700
50294,-0.2800
50303,-0.2800
50314,0.0000
50326,0.0000
50336,-0.0700
50346,0.0700
50356,0.0700
50368,0.0000
50383,0.0700
50393,0.0000
50413,0.2100
50426,0.0000
50437,-0.0700
50449,-0.0700
50461,0.0000
50471,0.1400
50481,-0.2100
50493,-0.0700
50507,-0.2100
50519,0.0000
50529,-0.0700
50541,0.1400
50552,0.1400
50565,0.2100
50577,0.2100
50589,-0.1400
50599,-0.0700
50611,0.0700
50621,-0.1400
50631,-0.1400
50643,0.2800
50652,0.2800
50664,0.0700
50674,-0.1400
50687,-0.0700
50701,-0.3500
50710,0.0700
50721,0.0000
50730,0.0000
50739,0.1400
50748,0.0000
50757,0.0000
50769,0.0700
50780,0.0000
50789,0.0700
50800,-0.3500
50812,0.2800
50822,-0.2100
50830,-0.2100
50839,0.0000
50850,0.0000
50859,0.0000
50868,-0.1400
50884,-0.1400
50895,-0.0700
50907,-0.1400
50916,-0.3500
50926,0.0000
50934,0.0000
50943,-0.2100
50952,-0.0700
50961,-0.0700
50971,0.0700
50983,-0.0700
50995,0.2800
51004,0.1400
51016,-0.2800
51026,-0.2800
51035,0.1400
51043,-0.0700
51053,-0.0700
51063,0.2800
51072,-0.2800
51080,0.0700
51090,0.0700
51099,0.1400
51113,0.0700
51124,0.0000
51136,-0.2100
51148,-0.2800
51158,0.1400
51168,0.1400
51179,-0.2800
51189,-0.0700
51198,-0.0700
51215,-0.3500
51233,0.1400
51246,0.0700
51258,0.1400
51266,-0.0700
51278,0.1400
51288,0.1400
51298,-0.2100
51314,0.0700
51329,0.0000
51342,0.0000
51352,0.0000
51364,0.2100
51374,0.2100
51384,-0.2800
51394,-0.0700
51403,-0.2100
51413,-0.2100
51423,0.0000
51432,0.0700
51441,-0.0700
51449,-0.0700
51459,0.0700
51469,-0.0700
51479,0.0700
51489,0.0700
51502,-0.2100
51513,-0.3500
51523,0.0700
51533,0.2100
51542,0.2100
51570,-0.0700
51578,-0.0700
51591,-0.0700
51602,0.0000
51612,-0.2800
51622,0.0000
51633,0.0700
51641,0.0700
51650,0.0000
51662,-0.2800
51679,0.0000
51691,0.2800
51701,0.0700
51713,0.0700
51722,-0.1400
51735,-0.1400
51744,0.0700
51752,-0.0700
51765,-0.0700
51775,-0.3500
51790,0.0700
51800,0.0700
51809,0.0000
51820,0.0700
51829,0.0000
51837,0.0000
51846,-0.2100
51856,-0.0700
51865,0.3500
51874,0.3500
51884,-0.1400
51893,0.0700
51908,0.2800
51919,0.0700
51927,0.0700
51938,0.0700
51948,0.1400
51957,0.2100
51969,0.2100
51979,0.2100
52022,0.2800
52031,0.2800
52040,0.0000
52051,-0.0700
52061,0.2100
52071,-0.1400
52083,0.1400
52093,0.1400
52102,-0.0700
52110,-0.1400
52123,-0.1400
52132,-0.1400
52142,0.1400
52152,0.0700
52161,0.3500
52169,0.3500
52179,0.0700
52190,0.2100
52198,0.2100
52210,0.0000
52221,0.0700
52231,0.0000
52242,-0.1400
52252,-0.1400
52262,-0.1400
52273,-0.0700
52285,-0.1400
52297,-0.3500
52307,-0.0700
52321,0.3500
52331,0.0000
52340,0.0000
52350,-0.4200
52360,0.0700
52372,-0.2100
52385,-0.1400
52399,0.1400
52411,0.2100
52425,0.0700
52437,0.0700
52447,-0.2800
52459,-0.0700
52481,-0.0700
52491,0.2100
52501,0.2800
52511,-0.0700
52524,0.1400
52534,-0.2100
52545,-0.2100
52559,0.2100
52569,0.2100
52580,-0.1400
52591,0.2800
52602,-0.0700
52620,0.0700
52630,0.2100
52640,-0.0700
52649,-0.0700
52661,-0.0700
52670,-0.1400
52679,-0.0700
52688,-0.0700
52697,0.1400
52706,0.0000
52717,-0.1400
52727,-0.1400
52737,-0.1400
52748,-0.2100
52759,0.0000
52769,0.0000
52779,0.0000
52789,0.0000
52800,0.4200
52811,-0.2100
52822,-0.0700
52832,0.0000
52841,0.0000
52856,0.2100
52866,0.2100
52875,0.0000
52885,0.0700
52895,0.2800
52904,0.2800
52912,-0.2800
52921,0.0700
52930,0.0700
52939,-0.0700
52950,-0.1400
52959,0.2100
52969,0.2100
52979,0.0700
52987,0.3500
52996,0.3500
53005,-0.0700
53016,-0.0700
53026,-0.5600
53035,-0.2100
53046,-0.2100
53056,0.0700
53067,0.0700
53077,0.0700
53087,-0.0700
53100,0.2100
53110,0.2100
53120,0.1400
53130,0.0700
53142,-0.1400
53153,-0.1400
53165,0.3500
53177,0.3500
53191,0.1400
53202,0.1400
53212,-0.2100
53224,0.0000
53238,0.3500
53248,-0.1400
53258,0.2800
53268,-0.2100
53278,-0.2100
53289,0.0000
53299,0.0700
53307,0.2100
53317,0.2100
53326,-0.2800
53336,0.2800
53346,0.0000
53354,0.0000
53364,0.0000
53377,-0.0700
53391,0.0000
53403,0.2100
53415,0.0700
53425,0.0700
53439,0.0700
53449,0.0700
53459,0.0700
53470,0.0700
53481,0.1400
53493,0.1400
53506,-0.0700
53516,-0.1400
53525,0.0000
53536,0.0000
53545,-0.1400
53557,0.0000
53567,-0.3500
53580,0.0700
53593,0.0000
53605,0.4200
53616,0.0000
53626,0.0000
53636,-0.0700
53650,-0.0700
53660,-0.3500
53670,0.0000
53680,0.0000
53690,0.0000
53700,0.0000
53712,0.0000
53722,-0.0700
53731,0.0700
53744,0.0000
53757,-0.0700
53768,-0.0700
53781,-0.1400
53793,0.0700
53806,0.2100
53816,0.4200
53828,-0.0700
53838,-0.2800
53851,0.2800
53861,-0.0700
53872,0.1400
53882,0.1400
53893,0.0000
53903,-0.0700
53915,0.2800
53929,0.0700
53941,0.0000
53954,-0.1400
53967,-0.0700
53979,0.0000
53994,-0.0700
54004,-0.1400
54014,0.1400
54025,0.1400
54051,0.3500
54061,0.4200
54069,0.2100
54079,0.2100
54089,0.2100
54102,0.0000
54114,-0.1400
54124,-0.1400
54137,0.2100
54147,0.1400
54160,-0.1400
54172,0.1400
54185,0.0000
54195,-0.3500
54205,-0.3500
54218,0.3500
54227,-0.0700
54239,0.0000
54249,0.2800
54261,0.1400
54274,0.0000
54285,-0.1400
54294,-0.1400
54305,0.0700
54313,0.2100
54324,0.0000
54334,0.0000
54344,0.2100
54352,0.2800
54362,0.2800
54373,0.2800
54385,-0.2100
54397,0.2100
54409,0.2100
54427,0.0000
54436,0.0000
54447,-0.0700
54459,0.2100
54469,0.1400
54481,-0.3500
54493,0.0700
54519,-0.1400
54531,0.2800
54543,-0.0700
54554,-0.0700
54565,-0.0700
54576,-0.0700
54586,0.1400
54596,0.2100
54609,0.1400
54619,0.0000
54629,0.0000
54640,0.0700
54649,0.1400
54659,0.2100
54669,0.2100
54678,-0.1400
54688,0.1400
54699,-0.1400
54711,0.2800
54723,0.0000
54735,0.1400
54746,0.1400
54759,0.2800
54770,0.0700
54781,0.2100
54791,0.0000
54803,-0.1400
54814,0.0700
54822,0.0700
54834,0.0700
54846,0.2800
54856,0.0700
54868,0.0000
54879,0.0700
54890,0.2100
54902,-0.1400
54914,-0.1400
54922,-0.1400
54935,0.2100
54950,0.0000
54960,-0.0700
54976,0.0000
54987,-0.2100
54998,-0.0700
55007,0.0000
55015,0.0000
55025,-0.1400
55038,0.2100
55050,0.0000
55064,0.0700
55075,0.0000
55085,-0.4200
55098,0.0000
55108,0.0700
55120,0.0700
55130,0.4200
55142,-0.2800
55152,0.0000
55161,-0.1400
55171,-0.1400
55181,0.1400
55193,0.0000
55201,0.2800
55221,0.0000
55231,-0.0700
55241,-0.0700
55252,0.3500
55264,0.1400
55276,0.1400
55286,0.1400
55297,-0.1400
55309,0.2100
55321,-0.0700
55331,0.0000
55341,0.2100
55351,0.2100
55362,0.1400
55372,0.2800
55382,-0.0700
55395,0.0700
55407,-0.1400
55417,0.0000
55429,0.0000
55439,0.1400
55450,0.0000
55460,0.0700
55470,0.0000
55480,0.0000
55491,0.0700
55502,0.0700
55515,0.0700
55528,-0.3500
55538,0.0000
55548,-0.1400
55558,0.2100
55570,0.2100
55580,0.2100
55590,-0.0700
55600,-0.0700
55612,-0.1400
55624,0.2100
55634,0.2100
55648,0.2800
55658,0.2800
55669,-0.1400
55678,0.1400
55687,0.2100
55696,0.2100
55707,0.0000
55718,0.0700
55728,0.0700
55740,-0.1400
55750,-0.1400
55761,0.1400
55770,0.0700
55779,-0.4200
55789,-0.4200
55799,-0.1400
55810,0.0000
55821,-0.0700
55831,-0.0700
55844,-0.0700
55854,-0.0700
55864,-0.0700
55874,-0.1400
55887,-0.0700
55896,0.0700
55906,0.0000
55915,0.0000
55928,0.0000
55939,-0.1400
55948,-0.0700
55958,0.2100
55967,0.2100
55976,0.1400
55987,0.0000
55999,0.0000
56011,0.0000
56021,0.0000
56031,-0.4200
56043,0.3500
56053,-0.2100
56064,0.2100
56074,-0.0700
56085,-0.0700
56094,-0.5600
56103,0.1400
56113,-0.0700
56126,0.1400
56136,0.1400
56144,0.1400
56157,0.0700
56167,0.0700
56175,0.0700
56185,0.1400
56194,0.0000
56206,0.0000
56215,-0.2100
56226,-0.2100
56236,-0.2800
56247,0.0700
56260,0.2800
56271,0.1400
56281,0.0000
56291,0.0000
56301,-0.1400
56363,0.0700
56372,0.0000
56383,0.0700
56394,0.0700
56403,-0.0700
56413,0.3500
56423,-0.0700
56433,-0.0700
56442,0.0000
56453,-0.4900
56463,0.1400
56474,-0.2100
56483,-0.2100
56492,0.1400
56500,-0.3500
56510,-0.3500
56522,0.0000
56532,0.0000
56543,-0.1400
56554,0.0700
56568,0.2100
56578,-0.1400
56586,-0.1400
56596,0.0000
56606,-0.0700
56619,0.2100
56629,0.1400
56638,0.1400
56647,-0.0700
56663,0.0700
56673,0.2100
56684,-0.0700
56699,0.1400
56711,0.2800
56721,-0.0700
56732,0.0700
56743,0.1400
56753,0.1400
56764,0.2800
56776,0.1400
56786,-0.2100
56800,-0.0700
56895,0.2800
56905,0.2100
56918,0.0000
56932,0.1400
56940,-0.1400
56951,0.0000
56962,0.0700
56977,0.2800
56987,0.0700
56998,0.0700
57011,-0.2100
57023,-0.0700
57033,0.0000
57042,-0.0700
57051,0.2100
57060,0.2100
57072,0.1400
57081,0.3500
57092,0.1400
57102,0.1400
57112,-0.1400
57121,0.0700
57133,0.1400
57142,0.2800
57152,0.2800
57164,0.0000
57174,0.2800
57184,0.1400
57194,0.0000
57204,0.0000
57214,-0.1400
57225,0.0700
57233,0.2100
57248,0.3500
57258,0.2800
57272,-0.0700
57282,-0.0700
57293,0.1400
57306,-0.1400
57322,0.1400
57332,0.1400
57343,0.2800
57351,-0.1400
57364,-0.2100
57379,0.0700
57389,0.0700
57399,0.1400
57409,0.1400
57419,0.1400
57429,0.3500
57439,-0.1400
57448,-0.1400
57456,-0.4200
57470,-0.0700
57486,-0.1400
57494,0.0000
57504,0.0700
57516,0.0700
57528,-0.1400
57539,-0.1400
57552,0.0000
57563,-0.0700
57576,-0.2100
57586,0.1400
57594,0.1400
57605,-0.1400
57616,-0.1400
57626,-0.2100
57636,-0.0700
57644,-0.2100
57654,-0.2100
57666,0.0700
57676,0.0000
57685,0.0700
57698,-0.2100
57707,0.0700
57715,0.0700
57728,0.0000
57736,-0.0700
57745,-0.0700
57754,-0.0700
57762,0.0700
57773,-0.1400
57783,-0.1400
57791,-0.1400
57807,-0.0700
57819,0.0000
57828,-0.2800
57837,0.0700
57846,0.0700
57855,-0.1400
57865,0.1400
57876,-0.0700
57885,-0.0700
57897,-0.0700
57910,0.0000
57919,-0.2100
57928,0.1400
57939,0.1400
57949,-0.4900
57958,-0.4900
57967,-0.1400
57977,-0.1400
57985,-0.0700
57994,0.0700
58004,0.0700
58017,-0.2100
58027,-0.2100
58038,-0.0700
58049,-0.2800
58059,-0.0700
58069,0.0700
58081,-0.1400
58092,-0.1400
58105,-0.1400
58117,0.1400
58134,0.1400
58145,0.0700
58155,0.0700
58163,-0.2100
58175,0.0700
58186,0.1400
58195,0.1400
58204,0.0000
58215,0.2800
58227,-0.2800
58242,-0.0700
58252,0.0700
58262,0.0700
58274,0.2800
58284,0.2800
58296,0.2100
58306,0.0700
58318,-0.1400
58329,0.0000
58338,0.0000
58349,-0.0700
58361,-0.0700
58371,0.0700
58381,-0.2800
58391,0.0700
58402,0.0700
58413,0.1400
58423,0.0700
58436,0.0700
58454,-0.0700
58463,-0.0700
58476,0.2100
58487,0.1400
58497,-0.0700
58509,0.2800
58520,-0.2100
58537,0.0700
58548,-0.1400
58561,0.4900
58572,0.0700
58582,0.0700
58592,0.0000
58604,0.1400
58615,0.1400
58626,0.0700
58638,0.3500
58649,0.0700
58661,-0.0700
58671,-0.0700
58680,0.1400
58690,0.3500
58699,-0.1400
58707,-0.1400
58718,-0.0700
58727,-0.2100
58735,-0.2100
58744,0.2100
58753,0.1400
58761,0.1400
58778,0.0000
58788,0.0000
58797,-0.0700
58806,0.0700
58817,-0.2800
58828,-0.5600
58838,-0.5600
58850,0.0000
58859,-0.2800
58868,-0.0700
58877,-0.0700
58886,-0.1400
58896,-0.2100
58905,0.2800
58914,0.2800
58924,0.0000
58935,-0.4200
58945,-0.2100
58954,-0.2100
58962,-0.1400
58971,-0.4200
58981,-0.2100
58995,0.0000
59007,0.0000
59016,-0.0700
59025,0.2100
59033,-0.0700
59043,-0.0700
59054,0.0700
59064,0.0000
59075,0.3500
59086,0.0000
59111,-0.0700
59121,-0.0700
59131,-0.3500
59141,-0.3500
59154,-0.4200
59164,-0.0700
59174,-0.0700
59183,0.0700
59193,-0.1400
59202,-0.2100
59216,0.1400
59228,0.0700
59238,0.0700
59251,-0.2100
59261,-0.0700
59272,-0.1400
59283,0.0000
59295,0.0700
59305,0.0000
59317,-0.0700
59327,-0.0700
59337,0.1400
59349,0.0000
59359,0.0700
59369,-0.2800
59380,-0.2800
59390,-0.3500
59400,-0.0700
59412,0.0700
59422,-0.0700
59431,-0.0700
59442,0.2100
59457,-0.2800
59466,0.2100
59476,0.1400
59487,0.0000
59496,0.0000
59506,0.0000
59515,0.0000
59526,0.0700
59540,0.1400
59551,0.1400
59562,0.2100
59575,-0.2100
59585,-0.2100
59596,0.0700
59606,-0.2100
59616,0.0000
59626,0.3500
59636,0.3500
59647,0.0700
59659,0.1400
59669,0.0000
59679,0.0700
59689,0.0700
59699,-0.2100
59711,-0.2100
59721,0.2100
59730,-0.1400
59741,-0.1400
59753,0.0700
59763,0.2100
59774,0.2100
59785,0.0700
59793,0.1400
59805,0.1400
59815,-0.1400
59827,0.2100
59842,-0.0700
59854,0.0000
59866,-0.0700
59876,-0.3500
59891,0.3500
59902,0.2100
59910,0.1400
59919,0.1400
59927,0.2800
59937,0.1400
59949,0.1400
59961,0.0700
59975,0.0700
59985,0.0700
59994,0.0700
60008,0.2800
60020,0.0000
60031,0.0700
60043,0.0000
60054,-0.0700
60064,0.2800
60074,0.2800
60084,-0.1400
60094,-0.2800
60103,-0.3500
60114,-0.3500
60126,0.0000
60141,-0.2100
60149,-0.2100
60159,-0.0700
60170,0.0700
60180,0.1400
60191,0.1400
60201,0.1400
60214,0.2100
60225,0.0000
60239,-0.2100
60250,0.0700
60260,-0.2100
60274,0.0000
60285,0.3500
60297,0.0700
60311,0.0700
60323,-0.0700
60332,-0.0700
60349,0.0000
60365,0.2800
60374,-0.0700
60384,-0.0700
60394,-0.1400
60404,-0.0700
60416,-0.1400
60427,0.0700
60437,-0.2100
60449,-0.2800
60463,-0.1400
60477,-0.1400
60486,-0.1400
60496,0.0700
60506,0.1400
60516,0.3500
60528,0.0000
60538,0.0000
60546,0.0000
60561,-0.2100
60572,0.0700
60585,-0.2100
60595,0.2100
60605,-0.3500
60615,-0.3500
60624,0.2800
60632,-0.0700
60642,-0.0700
60654,-0.0700
60666,-0.0700
60677,-0.2800
60689,-0.0700
60699,-0.1400
60711,0.0700
60719,-0.0700
60731,-0.0700
60743,-0.1400
60753,0.0700
60764,-0.3500
60774,-0.2100
60786,-0.2100
60795,-0.2100
60805,0.1400
60818,0.0000
60831,-0.1400
60841,-0.0700
60855,-0.0700
60865,-0.0700
60875,0.1400
60885,0.1400
60896,0.2100
60905,0.1400
60915,-0.0700
60926,0.0700
60936,0.0700
60944,0.0700
60956,0.0000
60973,0.2800
61020,0.2100
61035,0.2100
61050,0.2100
61061,0.2100
61109,0.2100
61117,0.2100
