13189,0.0000
13206,-0.0867
13218,-0.0574
13227,-0.0632
13237,-0.0583
13250,-0.0600
13260,-0.0606
13271,-0.0580
13282,-0.0580
13295,-0.0597
13305,-0.0568
13316,-0.0612
13326,-0.0618
13337,-0.0629
13347,-0.0629
13357,-0.0644
13369,-0.0626
13380,-0.0632
13401,-0.0635
13413,-0.0635
13423,-0.0618
13437,-0.0626
13448,-0.0603
13458,-0.0586
13468,-0.0650
13478,-0.0603
13489,-0.0603
13499,-0.0603
13509,-0.0635
13519,-0.0600
13531,-0.0600
13542,-0.0595
13553,-0.0595
13563,-0.0577
13573,-0.0592
13583,-0.0644
13594,-0.0664
13609,-0.0661
13619,-0.0670
13629,-0.0670
13639,-0.0653
13650,-0.0600
13660,-0.0644
13670,-0.0606
13680,-0.0606
13693,-0.0635
13705,-0.0624
13715,-0.0635
13730,-0.0638
13744,-0.0644
13754,-0.0638
13765,-0.0603
13775,-0.0606
13789,-0.0612
13801,-0.0563
13812,-0.0563
13823,-0.0563
13834,-0.0539
13844,-0.0571
13853,-0.0592
13862,-0.0592
13872,-0.0609
13882,-0.0635
13892,-0.0632
13906,-0.0603
13916,-0.0519
13927,-0.0519
13938,-0.0583
13948,-0.0626
13958,-0.0583
13970,-0.0606
13981,-0.0597
13994,-0.0618
14005,-0.0618
14015,-0.0626
14025,-0.0626
14037,-0.0603
14047,-0.0626
14057,-0.0661
14067,-0.0661
14080,-0.0626
14091,-0.0632
14101,-0.0655
14111,-0.0635
14121,-0.0635
14130,-0.0684
14140,-0.0635
14150,-0.0673
14162,-0.0641
14173,-0.0687
14184,-0.0687
14196,-0.0650
14210,-0.0653
14219,-0.0667
14229,-0.0612
14239,-0.0626
14249,-0.0626
14259,-0.0655
14272,-0.0682
14288,-0.0635
14303,-0.0606
14321,-0.0653
14331,-0.0618
14342,-0.0655
14352,-0.0655
14362,-0.0670
14373,-0.0661
14388,-0.0621
14399,-0.0600
14410,-0.0609
14420,-0.0626
14430,-0.0626
14440,-0.0635
14453,-0.0632
14466,-0.0574
14477,-0.0589
14487,-0.0621
14498,-0.0635
14509,-0.0626
14519,-0.0626
14529,-0.0592
14542,-0.0595
14555,-0.0595
14565,-0.0641
14575,-0.0597
14594,-0.0595
14606,-0.0638
14616,-0.0632
14627,-0.0661
14638,-0.0618
14652,-0.0679
14663,-0.0658
14673,-0.0658
14684,-0.0624
14695,-0.0624
14705,-0.0606
14715,-0.0586
14725,-0.0586
14735,-0.0571
14747,-0.0615
14758,-0.0644
14768,-0.0618
14779,-0.0632
14791,-0.0632
14804,-0.0615
14815,-0.0626
14829,-0.0647
14838,-0.0603
14848,-0.0653
14859,-0.0638
14872,-0.0629
14883,-0.0629
14893,-0.0629
14903,-0.0612
14913,-0.0629
14924,-0.0624
14936,-0.0641
14946,-0.0609
14959,-0.0615
14970,-0.0615
14980,-0.0641
14994,-0.0641
15004,-0.0629
15028,-0.0603
15040,-0.0632
15050,-0.0644
15065,-0.0641
15075,-0.0650
15086,-0.0650
15096,-0.0641
15106,-0.0667
15116,-0.0609
15127,-0.0615
15138,-0.0615
15151,-0.0661
15163,-0.0664
15175,-0.0621
15188,-0.0647
15200,-0.0612
15212,-0.0606
15223,-0.0615
15236,-0.0612
15245,-0.0632
15255,-0.0632
15265,-0.0667
15275,-0.0667
15287,-0.0609
15301,-0.0641
15315,-0.0687
15325,-0.0632
15335,-0.0684
15347,-0.0629
15357,-0.0629
15368,-0.0647
15378,-0.0682
15391,-0.0658
15402,-0.0690
15415,-0.0624
15425,-0.0661
15438,-0.0658
15452,-0.0650
15463,-0.0644
15473,-0.0644
15483,-0.0638
15493,-0.0586
15503,-0.0583
15515,-0.0600
15525,-0.0641
15535,-0.0641
15545,-0.0563
15555,-0.0609
15565,-0.0615
15575,-0.0615
15587,-0.0621
15602,-0.0586
15612,-0.0583
15626,-0.0592
15640,-0.0577
15650,-0.0632
15659,-0.0603
15669,-0.0618
15679,-0.0618
15688,-0.0586
15702,-0.0624
15714,-0.0626
15724,-0.0600
15738,-0.0612
15747,-0.0580
15760,-0.0595
15769,-0.0595
15781,-0.0632
15794,-0.0580
15805,-0.0661
15815,-0.0626
15824,-0.0641
15834,-0.0641
15847,-0.0667
15856,-0.0687
15869,-0.0696
15882,-0.0661
15891,-0.0626
15904,-0.0661
15913,-0.0624
15926,-0.0597
15935,-0.0597
15944,-0.0618
15955,-0.0635
15964,-0.0621
15976,-0.0606
15989,-0.0606
15999,-0.0624
16012,-0.0621
16023,-0.0600
16032,-0.0629
16042,-0.0626
16051,-0.0626
16063,-0.0632
16074,-0.0653
16084,-0.0638
16094,-0.0641
16104,-0.0641
16115,-0.0600
16125,-0.0621
16137,-0.0615
16148,-0.0600
16158,-0.0644
16168,-0.0644
16178,-0.0661
16190,-0.0603
16201,-0.0609
16212,-0.0621
16223,-0.0577
16239,-0.0580
16250,-0.0609
16263,-0.0635
16274,-0.0661
16284,-0.0661
16295,-0.0629
16305,-0.0606
16315,-0.0595
16325,-0.0647
16338,-0.0664
16348,-0.0664
16358,-0.0615
16368,-0.0647
16379,-0.0650
16389,-0.0635
16400,-0.0635
16412,-0.0632
16424,-0.0650
16437,-0.0682
16448,-0.0664
16458,-0.0673
16468,-0.0629
16478,-0.0615
16488,-0.0615
16502,-0.0635
16513,-0.0653
16523,-0.0653
16533,-0.0661
16546,-0.0664
16556,-0.0638
16566,-0.0638
16576,-0.0626
16586,-0.0644
16600,-0.0655
16611,-0.0658
16621,-0.0621
16632,-0.0621
16645,-0.0632
16654,-0.0655
16667,-0.0667
16677,-0.0670
16688,-0.0629
16700,-0.0655
16710,-0.0679
16720,-0.0679
16734,-0.0635
16743,-0.0653
16753,-0.0641
16763,-0.0658
16774,-0.0658
16786,-0.0641
16796,-0.0609
16805,-0.0621
16816,-0.0612
16828,-0.0612
16848,-0.0647
16857,-0.0612
16867,-0.0595
16877,-0.0595
16887,-0.0592
16897,-0.0650
16908,-0.0566
16917,-0.0618
16931,-0.0670
16941,-0.0670
16951,-0.0650
16964,-0.0629
16973,-0.0632
16989,-0.0632
16998,-0.0603
17013,-0.0635
17025,-0.0621
17035,-0.0647
17049,-0.0618
17059,-0.0621
17069,-0.0621
17079,-0.0589
17092,-0.0624
17103,-0.0641
17115,-0.0618
17125,-0.0624
17135,-0.0624
17145,-0.0626
17155,-0.0606
17165,-0.0638
17174,-0.0624
17183,-0.0624
17193,-0.0647
17213,-0.0629
17223,-0.0629
17237,-0.0653
17248,-0.0597
17258,-0.0612
17272,-0.0600
17282,-0.0597
17293,-0.0612
17303,-0.0603
17313,-0.0603
17324,-0.0661
17334,-0.0632
17347,-0.0635
17359,-0.0664
17369,-0.0644
17379,-0.0644
17389,-0.0647
17401,-0.0664
17415,-0.0621
17427,-0.0670
17438,-0.0638
17449,-0.0644
17459,-0.0632
17469,-0.0632
17479,-0.0629
17492,-0.0621
17502,-0.0626
17512,-0.0603
17522,-0.0603
17532,-0.0615
17542,-0.0644
17553,-0.0699
17563,-0.0641
17573,-0.0641
17584,-0.0624
17594,-0.0626
17604,-0.0615
17614,-0.0624
17624,-0.0624
17634,-0.0629
17646,-0.0632
17656,-0.0624
17665,-0.0626
17674,-0.0626
17684,-0.0635
17696,-0.0638
17706,-0.0600
17718,-0.0647
17735,-0.0609
17745,-0.0609
17755,-0.0638
17764,-0.0638
17781,-0.0647
17790,-0.0647
17804,-0.0653
17817,-0.0603
17828,-0.0626
17840,-0.0655
17852,-0.0615
17865,-0.0655
17875,-0.0655
17888,-0.0621
17897,-0.0661
17909,-0.0626
17926,-0.0673
17935,-0.0632
17944,-0.0632
17953,-0.0632
17966,-0.0632
17976,-0.0626
17985,-0.0626
18000,-0.0603
18009,-0.0603
18021,-0.0650
18035,-0.0618
18045,-0.0574
18055,-0.0626
18066,-0.0629
18076,-0.0624
18086,-0.0624
18096,-0.0624
18106,-0.0624
18116,-0.0621
18127,-0.0673
18140,-0.0621
18150,-0.0621
18161,-0.0606
18171,-0.0595
18181,-0.0597
18191,-0.0577
18201,-0.0577
18213,-0.0638
18225,-0.0624
18235,-0.0589
18247,-0.0626
18257,-0.0644
18271,-0.0629
18282,-0.0603
18293,-0.0603
18303,-0.0667
18313,-0.0626
18323,-0.0612
18334,-0.0650
18344,-0.0650
18354,-0.0658
18364,-0.0612
18376,-0.0600
18386,-0.0644
18396,-0.0644
18409,-0.0624
18420,-0.0626
18431,-0.0621
18442,-0.0574
18453,-0.0638
18471,-0.0673
18481,-0.0644
18491,-0.0658
18504,-0.0673
18514,-0.0650
18524,-0.0650
18534,-0.0644
18544,-0.0629
18556,-0.0679
18567,-0.0655
18577,-0.0655
18587,-0.0673
18598,-0.0629
18608,-0.0618
18618,-0.0658
18628,-0.0658
18674,-0.0609
18688,-0.0638
18698,-0.0664
18709,-0.0621
18720,-0.0644
18729,-0.0644
18739,-0.0653
18750,-0.0624
18760,-0.0638
18770,-0.0638
18780,-0.0655
18791,-0.0690
18808,-0.0621
18818,-0.0635
18828,-0.0653
18838,-0.0647
18850,-0.0647
18862,-0.0597
18872,-0.0597
18883,-0.0638
18893,-0.0638
18903,-0.0629
18916,-0.0600
18927,-0.0647
18937,-0.0647
18946,-0.0641
18956,-0.0667
18967,-0.0650
18982,-0.0661
18993,-0.0597
19004,-0.0655
19014,-0.0655
19026,-0.0609
19037,-0.0650
19049,-0.0635
19061,-0.0621
19079,-0.0650
19090,-0.0690
19104,-0.0664
19114,-0.0655
19124,-0.0647
19134,-0.0632
19144,-0.0606
19154,-0.0606
19164,-0.0624
19177,-0.0580
19188,-0.0647
19199,-0.0638
19209,-0.0621
19219,-0.0621
19233,-0.0676
19244,-0.0682
19254,-0.0690
19278,-0.0644
19290,-0.0653
19301,-0.0679
19311,-0.0679
19320,-0.0644
19330,-0.0653
19341,-0.0641
19351,-0.0667
19361,-0.0667
19371,-0.0603
19382,-0.0603
19394,-0.0615
19405,-0.0600
19414,-0.0600
19423,-0.0626
19434,-0.0612
19454,-0.0592
19468,-0.0621
19478,-0.0621
19488,-0.0618
19497,-0.0626
19512,-0.0586
19523,-0.0621
19533,-0.0632
19543,-0.0632
19554,-0.0603
19565,-0.0638
19577,-0.0618
19586,-0.0609
19595,-0.0655
19606,-0.0655
19616,-0.0641
19626,-0.0661
19637,-0.0626
19646,-0.0638
19656,-0.0638
19665,-0.0624
19677,-0.0600
19689,-0.0644
19702,-0.0658
19712,-0.0658
19724,-0.0624
19734,-0.0624
19746,-0.0580
19759,-0.0626
19770,-0.0626
19780,-0.0612
19789,-0.0676
19802,-0.0664
19811,-0.0664
19823,-0.0650
19832,-0.0612
19843,-0.0609
19853,-0.0679
19869,-0.0708
19879,-0.0655
19888,-0.0655
19897,-0.0670
19907,-0.0676
19919,-0.0629
19931,-0.0574
19941,-0.0574
19955,-0.0612
19966,-0.0612
19975,-0.0638
19985,-0.0641
19997,-0.0684
20010,-0.0635
20019,-0.0635
20031,-0.0690
20043,-0.0667
20054,-0.0670
20065,-0.0670
20077,-0.0609
20088,-0.0647
20098,-0.0641
20111,-0.0603
20122,-0.0603
20132,-0.0638
20142,-0.0592
20152,-0.0626
20163,-0.0612
20178,-0.0615
20191,-0.0606
20203,-0.0603
20215,-0.0632
20226,-0.0632
20237,-0.0606
20249,-0.0638
20259,-0.0632
20269,-0.0592
20292,-0.0612
20303,-0.0612
20314,-0.0615
20325,-0.0629
20335,-0.0568
20349,-0.0597
20362,-0.0673
20372,-0.0618
20383,-0.0650
20392,-0.0650
20405,-0.0586
20416,-0.0618
20426,-0.0638
20437,-0.0655
20447,-0.0647
20457,-0.0647
20467,-0.0615
20481,-0.0650
20492,-0.0635
20503,-0.0632
20513,-0.0606
20524,-0.0632
20537,-0.0612
20550,-0.0641
20560,-0.0641
20570,-0.0595
20580,-0.0635
20590,-0.0629
20631,-0.0655
20641,-0.0618
20653,-0.0626
20665,-0.0621
20677,-0.0621
20688,-0.0554
20747,-0.0600
20761,-0.0615
20774,-0.0592
20784,-0.0626
20794,-0.0597
20804,-0.0597
20815,-0.0615
20828,-0.0626
20838,-0.0577
20850,-0.0600
20860,-0.0600
20870,-0.0583
20882,-0.0583
20893,-0.0583
20904,-0.0621
20914,-0.0574
20925,-0.0557
20936,-0.0624
20946,-0.0624
20956,-0.0624
20966,-0.0597
20981,-0.0629
20993,-0.0638
21003,-0.0615
21013,-0.0612
21023,-0.0612
21033,-0.0626
21046,-0.0638
21057,-0.0670
21067,-0.0595
21079,-0.0621
21093,-0.0644
21103,-0.0609
21114,-0.0609
21124,-0.0629
21134,-0.0624
21145,-0.0638
21159,-0.0661
21169,-0.0644
21180,-0.0670
21190,-0.0670
21200,-0.0679
21210,-0.0606
21221,-0.0624
21231,-0.0624
21241,-0.0624
21253,-0.0661
21264,-0.0626
21276,-0.0618
21290,-0.0618
21305,-0.0583
21316,-0.0629
21327,-0.0592
21338,-0.0621
21348,-0.0615
21358,-0.0615
21374,-0.0600
21387,-0.0612
21398,-0.0632
21409,-0.0632
21421,-0.0644
21434,-0.0670
21444,-0.0626
21457,-0.0635
21468,-0.0650
21479,-0.0612
21491,-0.0568
21503,-0.0612
21515,-0.0624
21525,-0.0624
21537,-0.0638
21547,-0.0600
21557,-0.0624
21567,-0.0632
21576,-0.0632
21588,-0.0624
21600,-0.0597
21610,-0.0586
21621,-0.0615
21632,-0.0589
21642,-0.0589
21651,-0.0597
21664,-0.0684
21676,-0.0624
21685,-0.0647
21701,-0.0632
21711,-0.0638
21725,-0.0687
21737,-0.0687
21747,-0.0647
21759,-0.0664
21772,-0.0612
21781,-0.0612
21795,-0.0653
21808,-0.0684
21818,-0.0722
21828,-0.0690
21841,-0.0647
21852,-0.0641
21871,-0.0621
21884,-0.0638
21897,-0.0626
21907,-0.0606
21920,-0.0624
21929,-0.0597
21944,-0.0606
21954,-0.0606
21966,-0.0600
21979,-0.0609
21990,-0.0609
21999,-0.0606
22008,-0.0597
22017,-0.0612
22032,-0.0600
22041,-0.0600
22052,-0.0621
22064,-0.0583
22073,-0.0597
22083,-0.0641
22094,-0.0618
22104,-0.0618
22114,-0.0600
22128,-0.0626
22138,-0.0618
22148,-0.0592
22159,-0.0571
22169,-0.0571
22179,-0.0629
22190,-0.0647
22200,-0.0632
22210,-0.0635
22223,-0.0568
22234,-0.0568
22248,-0.0638
22262,-0.0597
22274,-0.0595
22285,-0.0595
22295,-0.0629
22307,-0.0647
22319,-0.0624
22335,-0.0612
22345,-0.0600
22355,-0.0629
22366,-0.0658
22377,-0.0650
22387,-0.0650
22397,-0.0638
22409,-0.0650
22421,-0.0624
22432,-0.0658
22443,-0.0641
22456,-0.0606
22468,-0.0600
22478,-0.0600
22490,-0.0609
22504,-0.0618
22519,-0.0658
22531,-0.0658
22542,-0.0624
22552,-0.0655
22562,-0.0626
22572,-0.0621
22583,-0.0644
22593,-0.0644
22606,-0.0629
22618,-0.0603
22628,-0.0595
22638,-0.0571
22647,-0.0618
22656,-0.0618
22666,-0.0632
22675,-0.0655
22688,-0.0612
22699,-0.0615
22711,-0.0615
22723,-0.0618
22736,-0.0629
22745,-0.0612
22754,-0.0595
22763,-0.0650
22773,-0.0650
22785,-0.0612
22798,-0.0595
22811,-0.0635
22820,-0.0586
22829,-0.0612
22839,-0.0612
22851,-0.0638
22863,-0.0670
22875,-0.0612
22890,-0.0624
22899,-0.0595
22912,-0.0664
22923,-0.0592
22932,-0.0621
22946,-0.0606
22961,-0.0618
22972,-0.0644
22981,-0.0644
22994,-0.0635
23003,-0.0626
23013,-0.0650
23025,-0.0600
23037,-0.0580
23047,-0.0606
23058,-0.0606
23068,-0.0600
23078,-0.0647
23088,-0.0650
23098,-0.0626
23113,-0.0606
23126,-0.0615
23136,-0.0615
23150,-0.0600
23160,-0.0600
23170,-0.0635
23181,-0.0632
23191,-0.0664
23201,-0.0641
23211,-0.0641
23225,-0.0626
23235,-0.0641
23246,-0.0603
23257,-0.0621
23267,-0.0629
23278,-0.0583
23288,-0.0583
23298,-0.0650
23308,-0.0624
23320,-0.0644
23331,-0.0682
23341,-0.0682
23351,-0.0725
23365,-0.0653
23374,-0.0618
23384,-0.0696
23394,-0.0612
23405,-0.0612
23416,-0.0629
23426,-0.0597
23436,-0.0586
23450,-0.0600
23460,-0.0632
23470,-0.0632
23481,-0.0612
23494,-0.0592
23505,-0.0606
23519,-0.0629
23534,-0.0586
23547,-0.0574
23559,-0.0583
23571,-0.0580
23583,-0.0574
23594,-0.0580
23605,-0.0612
23616,-0.0644
23628,-0.0595
23640,-0.0615
23650,-0.0615
23660,-0.0612
23703,-0.0589
23712,-0.0589
23727,-0.0577
23747,-0.0606
23760,-0.0574
23771,-0.0632
23781,-0.0597
23791,-0.0597
23801,-0.0603
23814,-0.0609
23827,-0.0624
23837,-0.0583
23849,-0.0589
23860,-0.0603
23873,-0.0580
23889,-0.0586
23899,-0.0600
23909,-0.0600
23919,-0.0595
23931,-0.0626
23943,-0.0632
23952,-0.0650
23961,-0.0621
23970,-0.0621
23982,-0.0586
23992,-0.0606
24005,-0.0600
24015,-0.0629
24028,-0.0603
24041,-0.0580
24052,-0.0624
24065,-0.0626
24076,-0.0589
24089,-0.0618
24101,-0.0618
24113,-0.0606
24124,-0.0597
24140,-0.0624
24153,-0.0673
24165,-0.0583
24176,-0.0571
24187,-0.0603
24199,-0.0618
24210,-0.0626
24225,-0.0618
24235,-0.0641
24245,-0.0600
24255,-0.0600
24265,-0.0632
24275,-0.0635
24286,-0.0606
24296,-0.0577
24307,-0.0577
24317,-0.0638
24328,-0.0670
24341,-0.0629
24353,-0.0664
24364,-0.0653
24375,-0.0615
24385,-0.0615
24395,-0.0679
24405,-0.0650
24415,-0.0600
24425,-0.0618
24435,-0.0618
24449,-0.0632
24459,-0.0641
24469,-0.0612
24480,-0.0589
24489,-0.0574
24499,-0.0574
24509,-0.0632
24519,-0.0624
24534,-0.0635
24544,-0.0597
24557,-0.0603
24567,-0.0615
24577,-0.0615
24587,-0.0586
24598,-0.0551
24612,-0.0603
24623,-0.0571
24633,-0.0551
24643,-0.0586
24656,-0.0600
24665,-0.0600
24674,-0.0583
24695,-0.0603
24705,-0.0603
24717,-0.0644
24731,-0.0647
24741,-0.0650
24752,-0.0632
24762,-0.0629
24772,-0.0682
24785,-0.0635
24794,-0.0635
24806,-0.0664
24820,-0.0626
24834,-0.0676
24844,-0.0690
24856,-0.0644
24865,-0.0621
24876,-0.0655
24888,-0.0661
24903,-0.0650
24913,-0.0647
24926,-0.0647
24935,-0.0653
24950,-0.0621
24961,-0.0612
24971,-0.0661
24982,-0.0638
24994,-0.0644
25006,-0.0615
25018,-0.0597
25028,-0.0597
25042,-0.0644
25054,-0.0644
25066,-0.0647
25078,-0.0600
25090,-0.0624
25102,-0.0574
25114,-0.0664
25128,-0.0679
25141,-0.0632
25155,-0.0615
25175,-0.0624
25192,-0.0667
25203,-0.0612
25213,-0.0586
25226,-0.0612
25240,-0.0615
25250,-0.0577
25260,-0.0577
25269,-0.0583
25279,-0.0629
25291,-0.0592
25302,-0.0592
25314,-0.0586
25324,-0.0586
25335,-0.0568
25345,-0.0612
25359,-0.0577
25370,-0.0609
25381,-0.0577
25390,-0.0603
25404,-0.0600
25415,-0.0600
25425,-0.0644
25434,-0.0551
25445,-0.0635
25455,-0.0609
25465,-0.0609
25475,-0.0586
25489,-0.0638
25499,-0.0629
25509,-0.0612
25523,-0.0580
25534,-0.0551
25544,-0.0609
25560,-0.0589
25573,-0.0597
25586,-0.0658
25598,-0.0650
25610,-0.0612
25621,-0.0635
25632,-0.0635
25644,-0.0638
25656,-0.0647
25670,-0.0641
25683,-0.0644
25695,-0.0650
25707,-0.0632
25718,-0.0629
25729,-0.0638
25741,-0.0653
25750,-0.0682
25761,-0.0682
25771,-0.0670
25782,-0.0618
25796,-0.0629
25807,-0.0609
25817,-0.0586
25828,-0.0586
25838,-0.0586
25850,-0.0653
25862,-0.0603
25872,-0.0621
25883,-0.0626
25894,-0.0595
25904,-0.0595
25916,-0.0615
25927,-0.0603
25937,-0.0615
25947,-0.0615
25958,-0.0609
25969,-0.0589
25980,-0.0589
25991,-0.0603
26003,-0.0635
26015,-0.0655
26027,-0.0618
26038,-0.0609
26051,-0.0632
26062,-0.0597
26072,-0.0609
26082,-0.0609
26095,-0.0609
26106,-0.0621
26117,-0.0612
26128,-0.0635
26138,-0.0626
26148,-0.0626
26158,-0.0624
26172,-0.0629
26184,-0.0618
26198,-0.0592
26209,-0.0592
26219,-0.0583
26231,-0.0629
26243,-0.0612
26254,-0.0566
26265,-0.0566
26280,-0.0615
26294,-0.0597
26307,-0.0597
26317,-0.0597
26327,-0.0597
26337,-0.0592
26346,-0.0638
26361,-0.0609
26372,-0.0618
26385,-0.0563
26396,-0.0551
26411,-0.0560
26422,-0.0595
26432,-0.0595
26447,-0.0571
26460,-0.0580
26473,-0.0551
26484,-0.0554
26496,-0.0554
26508,-0.0595
26521,-0.0586
26534,-0.0560
26546,-0.0597
26557,-0.0655
26570,-0.0629
26586,-0.0574
26597,-0.0606
26608,-0.0580
26619,-0.0554
26630,-0.0586
26643,-0.0629
26653,-0.0600
26664,-0.0600
26674,-0.0603
26684,-0.0595
26695,-0.0615
26705,-0.0629
26715,-0.0629
26727,-0.0635
26740,-0.0641
26749,-0.0629
26758,-0.0638
26770,-0.0629
26783,-0.0586
26794,-0.0609
26805,-0.0635
26815,-0.0635
26825,-0.0629
26836,-0.0609
26846,-0.0655
26856,-0.0655
26870,-0.0661
26880,-0.0661
26891,-0.0650
26901,-0.0632
26911,-0.0655
26926,-0.0655
26936,-0.0647
26947,-0.0638
26957,-0.0638
26967,-0.0670
26977,-0.0644
26992,-0.0632
27003,-0.0644
27013,-0.0655
27023,-0.0655
27034,-0.0621
27047,-0.0621
27057,-0.0693
27067,-0.0609
27077,-0.0615
27087,-0.0615
27098,-0.0664
27108,-0.0644
27118,-0.0644
27128,-0.0612
27139,-0.0612
27149,-0.0647
27161,-0.0638
27173,-0.0621
27183,-0.0624
27194,-0.0618
27205,-0.0650
27217,-0.0650
27228,-0.0682
27238,-0.0635
27248,-0.0676
27259,-0.0682
27273,-0.0635
27284,-0.0638
27297,-0.0615
27310,-0.0615
27321,-0.0676
27331,-0.0676
27342,-0.0641
27352,-0.0670
27362,-0.0693
27374,-0.0655
27386,-0.0693
27399,-0.0653
27413,-0.0650
27424,-0.0687
27434,-0.0687
27443,-0.0624
27454,-0.0667
27464,-0.0626
27475,-0.0676
27486,-0.0676
27499,-0.0600
27509,-0.0589
27519,-0.0557
27534,-0.0603
27544,-0.0606
27555,-0.0641
27566,-0.0655
27588,-0.0609
27600,-0.0644
27611,-0.0600
27625,-0.0609
27636,-0.0597
27647,-0.0632
27659,-0.0653
27670,-0.0638
27685,-0.0629
27696,-0.0603
27709,-0.0600
27723,-0.0589
27734,-0.0597
27747,-0.0589
27759,-0.0606
27770,-0.0606
27781,-0.0615
27794,-0.0647
27805,-0.0603
27819,-0.0571
27829,-0.0606
27839,-0.0603
27849,-0.0557
27861,-0.0612
27872,-0.0612
27881,-0.0600
27891,-0.0551
27903,-0.0586
27915,-0.0600
27925,-0.0600
27935,-0.0595
27949,-0.0624
27959,-0.0592
27973,-0.0577
27983,-0.0580
27997,-0.0595
28007,-0.0580
28020,-0.0615
28030,-0.0621
28041,-0.0621
28052,-0.0655
28064,-0.0658
28076,-0.0618
28086,-0.0629
28096,-0.0632
28106,-0.0670
28116,-0.0670
28128,-0.0673
28139,-0.0626
28151,-0.0618
28161,-0.0618
28174,-0.0609
28184,-0.0592
28196,-0.0592
28208,-0.0612
28221,-0.0597
28231,-0.0589
28241,-0.0658
28251,-0.0667
28265,-0.0650
28275,-0.0635
28285,-0.0635
28296,-0.0635
28306,-0.0612
28316,-0.0644
28326,-0.0595
28341,-0.0618
28350,-0.0589
28362,-0.0589
28374,-0.0577
28385,-0.0612
28396,-0.0595
28412,-0.0635
28422,-0.0597
28433,-0.0600
28443,-0.0592
28453,-0.0592
28463,-0.0618
28474,-0.0600
28490,-0.0595
28502,-0.0612
28513,-0.0618
28523,-0.0632
28533,-0.0615
28544,-0.0615
28554,-0.0583
28570,-0.0621
28581,-0.0621
28595,-0.0592
28606,-0.0592
28625,-0.0554
28638,-0.0551
28652,-0.0554
28662,-0.0568
28673,-0.0528
28685,-0.0580
28695,-0.0580
28708,-0.0635
28723,-0.0606
28735,-0.0571
28748,-0.0580
28757,-0.0670
28767,-0.0592
28780,-0.0629
28790,-0.0626
28802,-0.0589
28812,-0.0589
28825,-0.0583
28835,-0.0568
28848,-0.0647
28857,-0.0600
28871,-0.0603
28883,-0.0589
28893,-0.0609
28904,-0.0609
28918,-0.0650
28933,-0.0583
28942,-0.0583
28954,-0.0586
28963,-0.0638
28972,-0.0635
28983,-0.0635
28994,-0.0589
29020,-0.0592
29031,-0.0592
29040,-0.0597
29050,-0.0595
29060,-0.0629
29070,-0.0629
29080,-0.0542
29090,-0.0589
29103,-0.0583
29113,-0.0586
29124,-0.0557
29135,-0.0557
29146,-0.0606
29156,-0.0621
29170,-0.0641
29180,-0.0632
29195,-0.0600
29205,-0.0624
29219,-0.0597
29229,-0.0592
29240,-0.0624
29250,-0.0624
29260,-0.0638
29272,-0.0618
29282,-0.0592
29292,-0.0624
29305,-0.0632
29315,-0.0632
29326,-0.0682
29336,-0.0603
29346,-0.0647
29358,-0.0621
29368,-0.0621
29378,-0.0615
29390,-0.0629
29400,-0.0632
29412,-0.0632
29424,-0.0638
29435,-0.0644
29445,-0.0655
29460,-0.0629
29470,-0.0629
29480,-0.0577
29490,-0.0626
29503,-0.0650
29513,-0.0655
29523,-0.0586
29533,-0.0586
29544,-0.0635
29554,-0.0635
29564,-0.0606
29578,-0.0589
29588,-0.0580
29598,-0.0580
29611,-0.0589
29625,-0.0589
29635,-0.0589
29645,-0.0618
29656,-0.0589
29672,-0.0589
29682,-0.0609
29693,-0.0586
29703,-0.0606
29713,-0.0606
29722,-0.0641
29731,-0.0624
29745,-0.0632
29755,-0.0641
29764,-0.0641
29782,-0.0632
29792,-0.0632
29803,-0.0632
29815,-0.0626
29830,-0.0615
29841,-0.0621
29854,-0.0621
29863,-0.0592
29876,-0.0600
29885,-0.0664
29902,-0.0655
29914,-0.0624
29927,-0.0600
29936,-0.0600
29948,-0.0624
29958,-0.0624
29970,-0.0603
29981,-0.0626
29993,-0.0615
30010,-0.0667
30025,-0.0647
30035,-0.0647
30044,-0.0615
30056,-0.0644
30065,-0.0661
30075,-0.0661
30088,-0.0658
30099,-0.0618
30109,-0.0641
30119,-0.0597
30129,-0.0609
30139,-0.0609
30155,-0.0626
30166,-0.0624
30176,-0.0624
30186,-0.0638
30195,-0.0600
30205,-0.0571
30216,-0.0571
30226,-0.0589
30238,-0.0603
30252,-0.0583
30262,-0.0574
30272,-0.0609
30282,-0.0560
30293,-0.0560
30304,-0.0615
30315,-0.0624
30326,-0.0597
30348,-0.0557
30358,-0.0557
30368,-0.0568
30381,-0.0574
30391,-0.0589
30400,-0.0574
30410,-0.0574
30420,-0.0606
30432,-0.0629
30442,-0.0586
30455,-0.0650
30465,-0.0624
30475,-0.0595
30485,-0.0595
30497,-0.0574
30508,-0.0589
30517,-0.0615
30528,-0.0606
30540,-0.0606
30553,-0.0653
30565,-0.0653
30575,-0.0635
30585,-0.0577
30598,-0.0621
30612,-0.0583
30623,-0.0600
30683,-0.0626
30695,-0.0597
30707,-0.0615
30716,-0.0615
30729,-0.0606
30739,-0.0658
30749,-0.0568
30762,-0.0589
30772,-0.0554
30784,-0.0554
30796,-0.0568
30806,-0.0597
30818,-0.0600
30827,-0.0626
30839,-0.0626
30852,-0.0597
30863,-0.0580
30873,-0.0580
30927,-0.0571
30941,-0.0609
30952,-0.0583
30966,-0.0580
30979,-0.0534
30992,-0.0568
31004,-0.0560
31015,-0.0560
31028,-0.0537
31042,-0.0597
31052,-0.0597
31064,-0.0595
31075,-0.0580
31085,-0.0592
31095,-0.0626
31106,-0.0592
31116,-0.0592
31126,-0.0624
31139,-0.0583
31149,-0.0560
31160,-0.0586
31170,-0.0586
31182,-0.0618
31192,-0.0621
31202,-0.0618
31218,-0.0600
31229,-0.0595
31240,-0.0612
31250,-0.0641
31267,-0.0603
31277,-0.0592
31288,-0.0574
31298,-0.0574
31308,-0.0589
31322,-0.0609
31332,-0.0618
31342,-0.0574
31352,-0.0583
31364,-0.0592
31374,-0.0592
31384,-0.0615
31395,-0.0600
31405,-0.0571
31415,-0.0571
31427,-0.0577
31437,-0.0574
31447,-0.0551
31457,-0.0595
31470,-0.0583
31483,-0.0592
31495,-0.0626
31505,-0.0571
31515,-0.0571
31525,-0.0612
31535,-0.0531
31546,-0.0597
31556,-0.0597
31566,-0.0638
31581,-0.0589
31593,-0.0563
31603,-0.0638
31614,-0.0595
31624,-0.0580
31636,-0.0583
31645,-0.0583
31654,-0.0626
31668,-0.0609
31677,-0.0603
31690,-0.0647
31699,-0.0563
31709,-0.0563
31723,-0.0589
31734,-0.0586
31748,-0.0554
31759,-0.0592
31768,-0.0650
31781,-0.0597
31793,-0.0600
31804,-0.0563
31817,-0.0600
31826,-0.0600
31841,-0.0612
31867,-0.0589
31876,-0.0589
31885,-0.0621
31894,-0.0589
31907,-0.0653
31916,-0.0653
31930,-0.0632
31940,-0.0632
31952,-0.0603
31961,-0.0624
31971,-0.0612
31982,-0.0612
31992,-0.0606
32006,-0.0644
32019,-0.0655
32030,-0.0612
32042,-0.0612
32055,-0.0615
32067,-0.0603
32079,-0.0632
32094,-0.0618
32104,-0.0626
32114,-0.0673
32124,-0.0626
32134,-0.0626
32144,-0.0583
32155,-0.0638
32165,-0.0655
32177,-0.0629
32188,-0.0624
32199,-0.0624
32211,-0.0638
32220,-0.0603
32231,-0.0574
32242,-0.0603
32252,-0.0609
32264,-0.0609
32274,-0.0574
32284,-0.0592
32294,-0.0600
32308,-0.0597
32318,-0.0577
32328,-0.0577
32337,-0.0624
32347,-0.0658
32357,-0.0583
32369,-0.0621
32379,-0.0621
32390,-0.0600
32400,-0.0632
32410,-0.0626
32423,-0.0597
32432,-0.0621
32443,-0.0621
32454,-0.0612
32464,-0.0624
32477,-0.0615
32488,-0.0597
32498,-0.0583
32508,-0.0583
32518,-0.0618
32529,-0.0650
32539,-0.0629
32549,-0.0647
32562,-0.0632
32572,-0.0632
32583,-0.0658
32593,-0.0606
32603,-0.0612
32614,-0.0655
32624,-0.0655
32635,-0.0676
32647,-0.0670
32657,-0.0644
32667,-0.0696
32682,-0.0618
32694,-0.0621
32705,-0.0618
32715,-0.0618
32726,-0.0650
32736,-0.0577
32747,-0.0597
32757,-0.0626
32774,-0.0629
32786,-0.0621
32797,-0.0606
32807,-0.0600
32817,-0.0600
32829,-0.0609
32841,-0.0606
32851,-0.0580
32864,-0.0592
32874,-0.0647
32884,-0.0626
32896,-0.0621
32907,-0.0621
32918,-0.0621
32928,-0.0624
32938,-0.0626
32949,-0.0586
32970,-0.0626
32981,-0.0615
32994,-0.0577
33006,-0.0597
33016,-0.0586
33029,-0.0592
33039,-0.0577
33050,-0.0612
33061,-0.0612
33071,-0.0545
33082,-0.0595
33096,-0.0626
33106,-0.0592
33116,-0.0597
33125,-0.0597
33134,-0.0635
33146,-0.0603
33156,-0.0609
33166,-0.0592
33182,-0.0592
33194,-0.0606
33204,-0.0606
33213,-0.0609
33228,-0.0612
33238,-0.0618
33248,-0.0618
33261,-0.0618
33274,-0.0606
33350,-0.0600
33364,-0.0615
33377,-0.0580
33388,-0.0589
33398,-0.0615
33409,-0.0615
33424,-0.0629
33434,-0.0629
33447,-0.0606
33457,-0.0592
33467,-0.0615
33482,-0.0615
33491,-0.0624
33500,-0.0624
33511,-0.0609
33527,-0.0653
33536,-0.0653
33546,-0.0638
33556,-0.0603
33572,-0.0621
33583,-0.0568
33596,-0.0592
33606,-0.0647
33616,-0.0647
33632,-0.0618
33641,-0.0618
33652,-0.0597
33664,-0.0609
33674,-0.0618
33688,-0.0618
33698,-0.0597
33708,-0.0603
33718,-0.0603
33731,-0.0589
33742,-0.0609
33753,-0.0586
33763,-0.0574
33774,-0.0635
33784,-0.0600
33794,-0.0600
33805,-0.0606
33816,-0.0597
33826,-0.0603
33836,-0.0621
33846,-0.0621
33859,-0.0690
33869,-0.0595
33879,-0.0635
33903,-0.0629
33916,-0.0661
33927,-0.0682
33941,-0.0641
33951,-0.0641
33962,-0.0635
33972,-0.0606
33984,-0.0624
33997,-0.0597
34009,-0.0632
34019,-0.0621
34030,-0.0606
34042,-0.0597
34072,-0.0655
34082,-0.0624
34093,-0.0658
34105,-0.0626
34116,-0.0626
34126,-0.0626
34136,-0.0595
34149,-0.0641
34159,-0.0658
34169,-0.0635
34179,-0.0635
34189,-0.0667
34202,-0.0626
34216,-0.0615
34227,-0.0626
34237,-0.0626
34250,-0.0609
34260,-0.0597
34271,-0.0597
34282,-0.0618
34292,-0.0618
34304,-0.0632
34314,-0.0612
34325,-0.0597
34339,-0.0577
34349,-0.0568
34360,-0.0568
34373,-0.0592
34384,-0.0632
34394,-0.0632
34403,-0.0615
34416,-0.0615
34429,-0.0580
34439,-0.0580
34450,-0.0600
34460,-0.0618
34471,-0.0580
34481,-0.0644
34497,-0.0679
34507,-0.0641
34523,-0.0624
34533,-0.0592
34543,-0.0603
34553,-0.0603
34563,-0.0716
34574,-0.0708
34587,-0.0638
34598,-0.0644
34608,-0.0595
34619,-0.0595
34631,-0.0600
34641,-0.0597
34651,-0.0592
34661,-0.0577
34674,-0.0606
34684,-0.0606
34694,-0.0603
34707,-0.0624
34719,-0.0658
34728,-0.0650
34740,-0.0632
34749,-0.0632
34758,-0.0632
34772,-0.0711
34786,-0.0641
34801,-0.0609
34811,-0.0609
34822,-0.0571
34831,-0.0644
34843,-0.0632
34855,-0.0618
34865,-0.0632
34874,-0.0632
34886,-0.0632
34896,-0.0577
34916,-0.0624
34925,-0.0595
34936,-0.0589
34947,-0.0603
34962,-0.0571
34972,-0.0586
34982,-0.0574
34992,-0.0574
35001,-0.0563
35014,-0.0566
35024,-0.0626
35037,-0.0629
35047,-0.0542
35057,-0.0542
35067,-0.0557
35077,-0.0592
35090,-0.0621
35101,-0.0606
35111,-0.0603
35121,-0.0603
35135,-0.0589
35145,-0.0589
35156,-0.0560
35166,-0.0592
35176,-0.0615
35186,-0.0600
35196,-0.0600
35209,-0.0603
35219,-0.0615
35228,-0.0641
35237,-0.0629
35247,-0.0629
35260,-0.0597
35314,-0.0615
35326,-0.0615
35336,-0.0629
35347,-0.0589
35357,-0.0554
35369,-0.0577
35380,-0.0580
35390,-0.0580
35400,-0.0609
35410,-0.0568
35420,-0.0615
35433,-0.0589
35443,-0.0589
35453,-0.0534
35463,-0.0606
35473,-0.0624
35488,-0.0624
35498,-0.0618
35508,-0.0603
35520,-0.0603
35531,-0.0615
35544,-0.0641
35557,-0.0650
35567,-0.0635
35577,-0.0592
35587,-0.0597
35598,-0.0624
35609,-0.0624
35619,-0.0624
35634,-0.0626
35644,-0.0589
35654,-0.0595
35664,-0.0624
35673,-0.0624
35683,-0.0626
35698,-0.0612
35709,-0.0638
35721,-0.0618
35734,-0.0661
35744,-0.0664
35763,-0.0696
35773,-0.0618
35791,-0.0609
35807,-0.0632
35817,-0.0612
35829,-0.0612
35843,-0.0641
35856,-0.0571
35867,-0.0571
35879,-0.0621
35889,-0.0638
35901,-0.0626
35916,-0.0667
35925,-0.0676
35942,-0.0644
35951,-0.0632
35963,-0.0664
35973,-0.0629
35986,-0.0647
35996,-0.0647
36008,-0.0609
36018,-0.0653
36033,-0.0531
36043,-0.0629
36052,-0.0563
36068,-0.0568
36078,-0.0609
36088,-0.0595
36099,-0.0595
36114,-0.0583
36124,-0.0583
36135,-0.0612
36147,-0.0624
36157,-0.0586
36168,-0.0647
36177,-0.0641
36187,-0.0641
36198,-0.0612
36208,-0.0615
36218,-0.0621
36229,-0.0583
36240,-0.0583
36251,-0.0580
36261,-0.0577
36271,-0.0597
36281,-0.0606
36295,-0.0586
36305,-0.0586
36315,-0.0586
36331,-0.0626
36344,-0.0600
36355,-0.0600
36365,-0.0603
36375,-0.0655
36386,-0.0629
36400,-0.0621
36411,-0.0626
36422,-0.0612
36432,-0.0612
36442,-0.0615
36452,-0.0641
36463,-0.0597
36477,-0.0606
36487,-0.0586
36497,-0.0586
36507,-0.0626
36518,-0.0624
36529,-0.0568
36540,-0.0612
36550,-0.0568
36560,-0.0568
36572,-0.0606
36584,-0.0647
36597,-0.0609
36608,-0.0647
36617,-0.0650
36629,-0.0621
36641,-0.0612
36651,-0.0612
36664,-0.0592
36675,-0.0626
36689,-0.0618
36701,-0.0618
36716,-0.0629
36726,-0.0629
36737,-0.0606
36750,-0.0589
36760,-0.0595
36772,-0.0603
36784,-0.0612
36793,-0.0612
36807,-0.0612
36819,-0.0563
36829,-0.0563
36842,-0.0644
36852,-0.0653
36862,-0.0693
36871,-0.0693
36885,-0.0679
36898,-0.0638
36907,-0.0638
36917,-0.0658
36927,-0.0670
36939,-0.0644
36953,-0.0658
36965,-0.0615
36974,-0.0626
36983,-0.0626
36993,-0.0632
37003,-0.0638
37012,-0.0638
37024,-0.0635
37037,-0.0638
37046,-0.0595
37057,-0.0650
37066,-0.0684
37076,-0.0684
37085,-0.0644
37096,-0.0629
37110,-0.0632
37121,-0.0679
37135,-0.0609
37145,-0.0629
37159,-0.0615
37169,-0.0615
37180,-0.0615
37193,-0.0595
37203,-0.0609
37213,-0.0621
37223,-0.0609
37234,-0.0664
37249,-0.0609
37259,-0.0632
37270,-0.0632
37280,-0.0626
37290,-0.0629
37302,-0.0650
37314,-0.0632
37324,-0.0629
37335,-0.0629
37347,-0.0650
37358,-0.0624
37370,-0.0592
37382,-0.0574
37392,-0.0635
37406,-0.0586
37417,-0.0638
37427,-0.0632
37437,-0.0632
37449,-0.0650
37460,-0.0661
37470,-0.0629
37481,-0.0618
37496,-0.0574
37508,-0.0592
37519,-0.0577
37541,-0.0621
37553,-0.0621
37566,-0.0595
37576,-0.0600
37586,-0.0606
37597,-0.0621
37610,-0.0606
37623,-0.0618
37633,-0.0641
37648,-0.0624
37657,-0.0618
37669,-0.0618
37678,-0.0618
37691,-0.0626
37701,-0.0612
37710,-0.0580
37723,-0.0597
37736,-0.0612
37747,-0.0606
37757,-0.0606
37767,-0.0641
37781,-0.0667
37791,-0.0650
37801,-0.0595
37810,-0.0595
37824,-0.0603
37834,-0.0603
37845,-0.0632
37859,-0.0609
37868,-0.0658
37878,-0.0647
37888,-0.0635
37898,-0.0635
37910,-0.0647
37920,-0.0626
37929,-0.0670
37945,-0.0612
37959,-0.0629
37968,-0.0632
37982,-0.0673
37995,-0.0624
38004,-0.0603
38017,-0.0647
38028,-0.0647
38041,-0.0606
38051,-0.0609
38061,-0.0615
38072,-0.0592
38086,-0.0589
38096,-0.0571
38110,-0.0632
38124,-0.0606
38134,-0.0632
38147,-0.0632
38160,-0.0626
38181,-0.0641
38196,-0.0624
38206,-0.0589
38217,-0.0621
38227,-0.0641
38238,-0.0621
38250,-0.0615
38259,-0.0615
38269,-0.0612
38279,-0.0615
38289,-0.0647
38300,-0.0647
38310,-0.0647
38323,-0.0638
38334,-0.0638
38345,-0.0597
38355,-0.0595
38365,-0.0615
38380,-0.0641
38391,-0.0586
38402,-0.0586
38415,-0.0586
38427,-0.0632
38437,-0.0676
38447,-0.0621
38457,-0.0632
38466,-0.0632
38482,-0.0641
38492,-0.0641
38503,-0.0612
38513,-0.0621
38523,-0.0603
38535,-0.0589
38548,-0.0580
38561,-0.0641
38571,-0.0644
38581,-0.0644
38592,-0.0612
38606,-0.0560
38619,-0.0571
38629,-0.0583
38642,-0.0574
38652,-0.0571
38661,-0.0571
38676,-0.0595
38685,-0.0595
38698,-0.0580
38709,-0.0624
38718,-0.0600
38727,-0.0624
38741,-0.0650
38750,-0.0650
38763,-0.0655
38775,-0.0624
38832,-0.0624
38846,-0.0638
38858,-0.0557
38870,-0.0618
38880,-0.0632
38895,-0.0621
38905,-0.0621
38918,-0.0629
38927,-0.0629
38938,-0.0609
38947,-0.0597
38962,-0.0629
38972,-0.0641
38983,-0.0653
38996,-0.0629
39009,-0.0626
39020,-0.0626
39029,-0.0621
39044,-0.0600
39055,-0.0612
39069,-0.0609
39082,-0.0597
39095,-0.0641
39105,-0.0606
39115,-0.0603
39126,-0.0624
39136,-0.0624
39146,-0.0606
39156,-0.0638
39166,-0.0647
39180,-0.0670
39191,-0.0644
39202,-0.0641
39212,-0.0641
39221,-0.0661
39231,-0.0638
39244,-0.0705
39254,-0.0626
39264,-0.0626
39274,-0.0632
39284,-0.0661
39294,-0.0603
39309,-0.0621
39320,-0.0624
39331,-0.0632
39340,-0.0632
39353,-0.0595
39365,-0.0638
39382,-0.0629
39394,-0.0595
39406,-0.0595
39417,-0.0653
39428,-0.0624
39438,-0.0600
39449,-0.0629
39459,-0.0595
39469,-0.0595
39482,-0.0635
39492,-0.0600
39502,-0.0621
39512,-0.0609
39525,-0.0655
39539,-0.0676
39549,-0.0638
39560,-0.0638
39570,-0.0626
39581,-0.0626
39591,-0.0635
39606,-0.0653
39617,-0.0655
39627,-0.0609
39638,-0.0609
39647,-0.0626
39659,-0.0615
39668,-0.0650
39681,-0.0618
39690,-0.0644
39705,-0.0693
39714,-0.0693
39724,-0.0658
39733,-0.0626
39743,-0.0653
39754,-0.0618
39768,-0.0624
39780,-0.0647
39793,-0.0653
39804,-0.0653
39816,-0.0670
39826,-0.0632
39840,-0.0641
39854,-0.0632
39863,-0.0647
39876,-0.0621
39887,-0.0618
39898,-0.0621
39911,-0.0650
39920,-0.0650
39930,-0.0653
39943,-0.0647
39952,-0.0615
39964,-0.0635
39974,-0.0641
39987,-0.0664
39999,-0.0664
40008,-0.0632
40019,-0.0621
40030,-0.0653
40040,-0.0635
40053,-0.0571
40063,-0.0571
40073,-0.0635
40083,-0.0603
40097,-0.0626
40107,-0.0612
40117,-0.0635
40129,-0.0618
40139,-0.0618
40149,-0.0661
40163,-0.0612
40173,-0.0644
40185,-0.0603
40196,-0.0618
40206,-0.0557
40216,-0.0557
40227,-0.0580
40238,-0.0658
40250,-0.0638
40259,-0.0641
40270,-0.0679
40284,-0.0615
40296,-0.0621
40309,-0.0653
40320,-0.0653
40330,-0.0626
40340,-0.0653
40350,-0.0655
40360,-0.0626
40370,-0.0626
40382,-0.0618
40395,-0.0644
40407,-0.0589
40417,-0.0635
40427,-0.0618
40439,-0.0597
40453,-0.0603
40464,-0.0629
40478,-0.0603
40488,-0.0603
40500,-0.0603
40519,-0.0667
40532,-0.0615
40546,-0.0635
40557,-0.0655
40571,-0.0603
40581,-0.0612
40593,-0.0568
40605,-0.0609
40617,-0.0568
40632,-0.0571
40645,-0.0577
40655,-0.0577
40665,-0.0577
40676,-0.0615
40686,-0.0557
40698,-0.0577
40713,-0.0595
40725,-0.0571
40737,-0.0597
40747,-0.0635
40758,-0.0600
40767,-0.0600
40777,-0.0609
40790,-0.0606
40806,-0.0615
40818,-0.0592
40828,-0.0618
40839,-0.0629
40850,-0.0600
40860,-0.0600
40871,-0.0583
40881,-0.0563
40892,-0.0583
40902,-0.0600
40913,-0.0653
40924,-0.0653
40935,-0.0629
40948,-0.0606
40959,-0.0603
40969,-0.0632
40982,-0.0629
40994,-0.0638
41007,-0.0638
41019,-0.0618
41031,-0.0586
41042,-0.0658
41052,-0.0658
41066,-0.0650
41077,-0.0696
41087,-0.0650
41097,-0.0635
41109,-0.0676
41121,-0.0644
41132,-0.0635
41143,-0.0635
41152,-0.0658
41165,-0.0641
41176,-0.0609
41187,-0.0609
41199,-0.0621
41209,-0.0592
41222,-0.0626
41237,-0.0653
41250,-0.0638
41260,-0.0638
41272,-0.0682
41284,-0.0664
41294,-0.0606
41303,-0.0551
41313,-0.0624
41323,-0.0624
41334,-0.0583
41344,-0.0595
41354,-0.0595
41364,-0.0615
41375,-0.0615
41389,-0.0655
41399,-0.0586
41409,-0.0638
41423,-0.0597
41433,-0.0638
41444,-0.0664
41456,-0.0612
41467,-0.0632
41478,-0.0632
41490,-0.0650
41502,-0.0606
41512,-0.0600
41525,-0.0629
41535,-0.0612
41550,-0.0638
41560,-0.0609
41570,-0.0609
41580,-0.0609
41590,-0.0618
41602,-0.0606
41615,-0.0626
41625,-0.0653
41635,-0.0641
41645,-0.0641
41656,-0.0638
41668,-0.0626
41681,-0.0586
41693,-0.0632
41707,-0.0592
41716,-0.0583
41726,-0.0568
41736,-0.0568
41746,-0.0612
41762,-0.0615
41772,-0.0600
41788,-0.0600
41800,-0.0600
41811,-0.0597
41824,-0.0592
41836,-0.0609
41846,-0.0574
41855,-0.0600
41868,-0.0583
41878,-0.0542
41889,-0.0542
41901,-0.0551
41910,-0.0583
41923,-0.0600
41964,-0.0583
41974,-0.0583
41990,-0.0597
41999,-0.0597
42012,-0.0580
42022,-0.0603
42031,-0.0603
42041,-0.0629
42052,-0.0615
42063,-0.0574
42073,-0.0632
42083,-0.0632
42094,-0.0644
42108,-0.0603
42123,-0.0621
42133,-0.0621
42145,-0.0571
42155,-0.0589
42166,-0.0606
42176,-0.0612
42190,-0.0621
42199,-0.0621
42210,-0.0589
42224,-0.0615
42235,-0.0612
42245,-0.0606
42258,-0.0618
42269,-0.0606
42280,-0.0612
42290,-0.0647
42300,-0.0647
42314,-0.0626
42324,-0.0626
42334,-0.0612
42346,-0.0670
42356,-0.0655
42366,-0.0655
42377,-0.0644
42387,-0.0647
42399,-0.0667
42410,-0.0606
42422,-0.0661
42433,-0.0612
42445,-0.0603
42456,-0.0603
42467,-0.0632
42477,-0.0644
42487,-0.0626
42497,-0.0667
42507,-0.0667
42520,-0.0655
42530,-0.0667
42540,-0.0618
42554,-0.0676
42564,-0.0676
42574,-0.0641
42588,-0.0661
42599,-0.0629
42610,-0.0629
42622,-0.0597
42633,-0.0635
42643,-0.0670
42654,-0.0655
42669,-0.0600
42680,-0.0638
42690,-0.0679
42703,-0.0664
42715,-0.0609
42725,-0.0609
42737,-0.0644
42748,-0.0624
42758,-0.0638
42769,-0.0664
42782,-0.0667
42794,-0.0632
42808,-0.0626
42836,-0.0621
42848,-0.0615
42863,-0.0621
42873,-0.0670
42884,-0.0658
42895,-0.0641
42906,-0.0641
42917,-0.0661
42927,-0.0647
42941,-0.0658
42953,-0.0571
42965,-0.0595
42979,-0.0583
42992,-0.0592
43005,-0.0583
43020,-0.0592
43032,-0.0583
43047,-0.0597
43060,-0.0644
43071,-0.0624
43084,-0.0603
43096,-0.0563
43109,-0.0647
43122,-0.0618
43147,-0.0626
43163,-0.0626
43175,-0.0644
43189,-0.0626
43203,-0.0589
43215,-0.0606
43230,-0.0600
43242,-0.0600
43254,-0.0595
43271,-0.0621
43283,-0.0606
43293,-0.0624
43305,-0.0624
43316,-0.0606
43330,-0.0609
43345,-0.0618
43358,-0.0618
43369,-0.0618
43380,-0.0641
43394,-0.0612
43407,-0.0606
43421,-0.0624
43433,-0.0629
43447,-0.0612
43460,-0.0626
43471,-0.0626
43481,-0.0626
43491,-0.0597
43501,-0.0580
43516,-0.0606
43526,-0.0618
43538,-0.0618
43549,-0.0609
43559,-0.0609
43572,-0.0595
43583,-0.0592
43594,-0.0592
43604,-0.0554
43618,-0.0621
43632,-0.0577
43651,-0.0600
43668,-0.0647
43679,-0.0647
43690,-0.0583
43701,-0.0600
43711,-0.0612
43721,-0.0612
43744,-0.0595
43755,-0.0595
43766,-0.0554
43777,-0.0635
43788,-0.0563
43800,-0.0592
43812,-0.0647
43825,-0.0592
43835,-0.0612
43850,-0.0583
43861,-0.0592
43877,-0.0577
43891,-0.0609
43902,-0.0609
43913,-0.0600
43923,-0.0612
43934,-0.0612
43946,-0.0609
43957,-0.0580
43968,-0.0586
43981,-0.0589
43992,-0.0586
44004,-0.0603
44017,-0.0661
44027,-0.0661
44040,-0.0612
44050,-0.0548
44063,-0.0609
44074,-0.0641
44085,-0.0624
44095,-0.0670
44105,-0.0655
44118,-0.0621
44128,-0.0621
44138,-0.0603
44149,-0.0580
44159,-0.0577
44169,-0.0597
44183,-0.0624
44193,-0.0624
44204,-0.0629
44217,-0.0644
44230,-0.0557
44242,-0.0626
44252,-0.0577
44266,-0.0577
44276,-0.0635
44287,-0.0606
44299,-0.0566
44312,-0.0583
44326,-0.0592
44336,-0.0577
44346,-0.0577
44358,-0.0632
44370,-0.0615
44381,-0.0577
44394,-0.0629
44404,-0.0603
44416,-0.0600
44428,-0.0618
44439,-0.0618
44451,-0.0577
44462,-0.0618
44475,-0.0626
44488,-0.0609
44498,-0.0603
44509,-0.0597
44520,-0.0595
44533,-0.0583
44543,-0.0560
44557,-0.0577
44570,-0.0595
44580,-0.0595
44594,-0.0632
44605,-0.0632
44618,-0.0568
44628,-0.0609
44639,-0.0577
44650,-0.0542
44663,-0.0597
44674,-0.0600
44684,-0.0664
44694,-0.0664
44703,-0.0606
44714,-0.0638
44725,-0.0655
44737,-0.0650
44749,-0.0664
44759,-0.0664
44815,-0.0629
44826,-0.0635
44841,-0.0609
44854,-0.0603
44866,-0.0551
44877,-0.0624
44887,-0.0624
44899,-0.0609
44911,-0.0609
44921,-0.0629
44937,-0.0624
44946,-0.0618
44957,-0.0589
44968,-0.0592
44978,-0.0592
44991,-0.0609
45001,-0.0647
45012,-0.0600
45022,-0.0571
45034,-0.0615
45043,-0.0615
45053,-0.0597
45066,-0.0580
45078,-0.0577
45090,-0.0600
45106,-0.0589
45118,-0.0644
45129,-0.0644
45139,-0.0606
45154,-0.0638
45167,-0.0641
45178,-0.0618
45191,-0.0595
45204,-0.0612
45215,-0.0595
45226,-0.0664
45240,-0.0632
45251,-0.0658
45262,-0.0647
45272,-0.0647
45285,-0.0624
45297,-0.0667
45308,-0.0600
45321,-0.0609
45331,-0.0612
45341,-0.0658
45358,-0.0603
45369,-0.0635
45394,-0.0644
45405,-0.0612
45417,-0.0612
45432,-0.0635
45444,-0.0595
45456,-0.0655
45467,-0.0655
45478,-0.0615
45492,-0.0635
45506,-0.0690
45517,-0.0661
45528,-0.0650
45541,-0.0658
45551,-0.0655
45561,-0.0612
45572,-0.0684
45582,-0.0684
45596,-0.0679
45607,-0.0670
45617,-0.0670
45627,-0.0661
45639,-0.0661
45650,-0.0644
45660,-0.0644
45669,-0.0641
45681,-0.0583
45690,-0.0650
45700,-0.0624
45711,-0.0624
45724,-0.0568
45736,-0.0600
45746,-0.0612
45762,-0.0595
45773,-0.0609
45782,-0.0586
45792,-0.0606
45802,-0.0606
45814,-0.0612
45823,-0.0626
45834,-0.0647
45844,-0.0597
45857,-0.0574
45872,-0.0629
45882,-0.0664
45895,-0.0670
45906,-0.0670
45915,-0.0655
45925,-0.0626
45934,-0.0618
45944,-0.0618
45954,-0.0626
45965,-0.0612
45977,-0.0664
45987,-0.0655
45998,-0.0638
46007,-0.0638
46018,-0.0644
46027,-0.0655
46037,-0.0632
46049,-0.0664
46060,-0.0621
46073,-0.0600
46086,-0.0632
46126,-0.0603
46137,-0.0603
46151,-0.0638
46162,-0.0638
46173,-0.0612
46186,-0.0644
46211,-0.0624
46221,-0.0624
46231,-0.0609
46242,-0.0641
46256,-0.0612
46266,-0.0615
46276,-0.0615
46287,-0.0661
46298,-0.0635
46311,-0.0653
46322,-0.0670
46331,-0.0667
46343,-0.0667
46352,-0.0664
46367,-0.0650
46376,-0.0699
46392,-0.0644
46401,-0.0647
46412,-0.0632
46423,-0.0641
46435,-0.0644
46447,-0.0664
46460,-0.0647
46469,-0.0647
46481,-0.0667
46493,-0.0603
46503,-0.0690
46514,-0.0632
46525,-0.0655
46537,-0.0647
46547,-0.0647
46559,-0.0632
46569,-0.0638
46579,-0.0661
46594,-0.0632
46605,-0.0606
46615,-0.0653
46631,-0.0676
46643,-0.0667
46656,-0.0647
46669,-0.0661
46679,-0.0661
46688,-0.0661
46704,-0.0606
46721,-0.0595
46732,-0.0592
46747,-0.0615
46756,-0.0597
46766,-0.0597
46776,-0.0606
46786,-0.0624
46800,-0.0595
46813,-0.0597
46825,-0.0609
46838,-0.0603
46851,-0.0597
46862,-0.0597
46872,-0.0592
46883,-0.0592
46895,-0.0684
46906,-0.0641
46920,-0.0632
46936,-0.0638
46950,-0.0577
46963,-0.0635
46973,-0.0635
46984,-0.0618
46997,-0.0606
47009,-0.0644
47021,-0.0624
47033,-0.0641
47043,-0.0615
47053,-0.0635
47066,-0.0586
47078,-0.0641
47089,-0.0641
47102,-0.0635
47113,-0.0606
47126,-0.0638
47138,-0.0612
47151,-0.0618
47162,-0.0603
47174,-0.0615
47220,-0.0629
47234,-0.0626
47244,-0.0626
47257,-0.0609
47268,-0.0609
47280,-0.0664
47290,-0.0670
47307,-0.0629
47318,-0.0696
47329,-0.0684
47341,-0.0629
47352,-0.0676
47362,-0.0612
47375,-0.0621
47386,-0.0612
47397,-0.0612
47408,-0.0638
47418,-0.0580
47430,-0.0583
47443,-0.0629
47455,-0.0679
47540,-0.0629
47550,-0.0589
47561,-0.0635
47572,-0.0612
47584,-0.0653
47594,-0.0612
47604,-0.0612
47618,-0.0612
47628,-0.0612
47638,-0.0612
47652,-0.0670
47662,-0.0635
47675,-0.0653
47689,-0.0661
47698,-0.0629
47710,-0.0618
47720,-0.0618
47730,-0.0621
47741,-0.0638
47752,-0.0609
47765,-0.0638
47774,-0.0618
47786,-0.0624
47801,-0.0597
47812,-0.0638
47822,-0.0638
47832,-0.0568
47842,-0.0612
47854,-0.0597
47864,-0.0566
47873,-0.0566
47887,-0.0571
47899,-0.0615
47912,-0.0624
47924,-0.0626
47937,-0.0650
47949,-0.0644
47961,-0.0635
47972,-0.0615
47985,-0.0603
47996,-0.0600
48008,-0.0612
48026,-0.0641
48037,-0.0612
48047,-0.0626
48062,-0.0595
48077,-0.0626
48087,-0.0606
48100,-0.0626
48112,-0.0632
48125,-0.0626
48138,-0.0650
48152,-0.0618
48164,-0.0595
48174,-0.0612
48184,-0.0650
48195,-0.0650
48210,-0.0629
48223,-0.0629
48233,-0.0600
48246,-0.0566
48257,-0.0632
48268,-0.0615
48280,-0.0618
48294,-0.0600
48303,-0.0632
48313,-0.0653
48324,-0.0653
48337,-0.0624
48348,-0.0650
48359,-0.0597
48370,-0.0609
48385,-0.0641
48397,-0.0577
48410,-0.0603
48420,-0.0577
48431,-0.0621
48442,-0.0626
48454,-0.0563
48464,-0.0563
48475,-0.0568
48488,-0.0597
48501,-0.0545
48514,-0.0615
48525,-0.0603
48535,-0.0635
48547,-0.0676
48560,-0.0661
48571,-0.0612
48582,-0.0612
48593,-0.0641
48606,-0.0626
48616,-0.0548
48626,-0.0577
48636,-0.0592
48647,-0.0592
48658,-0.0592
48669,-0.0595
48681,-0.0606
48695,-0.0644
48705,-0.0653
48717,-0.0658
48727,-0.0658
48742,-0.0635
48754,-0.0635
48766,-0.0600
48777,-0.0577
48792,-0.0621
48806,-0.0629
48820,-0.0647
48830,-0.0638
48842,-0.0650
48853,-0.0658
48864,-0.0658
48878,-0.0606
48887,-0.0618
48899,-0.0661
48910,-0.0621
48923,-0.0612
48933,-0.0618
48942,-0.0612
48952,-0.0612
48966,-0.0647
48975,-0.0629
48988,-0.0615
48999,-0.0635
49012,-0.0612
49023,-0.0624
49034,-0.0609
49045,-0.0609
49055,-0.0603
49069,-0.0641
49080,-0.0647
49095,-0.0621
49107,-0.0653
49119,-0.0624
49132,-0.0650
49144,-0.0635
49154,-0.0632
49164,-0.0673
49179,-0.0670
49189,-0.0661
49199,-0.0661
49209,-0.0635
49219,-0.0638
49233,-0.0641
49243,-0.0595
49256,-0.0624
49269,-0.0624
49279,-0.0644
49291,-0.0661
49302,-0.0661
49312,-0.0650
49322,-0.0661
49334,-0.0682
49349,-0.0621
49360,-0.0597
49387,-0.0568
49398,-0.0644
49411,-0.0618
49421,-0.0650
49432,-0.0632
49443,-0.0632
49453,-0.0664
49464,-0.0615
49477,-0.0644
49488,-0.0638
49498,-0.0595
49511,-0.0624
49522,-0.0624
49532,-0.0673
49542,-0.0653
49554,-0.0629
49565,-0.0638
49581,-0.0653
49592,-0.0615
49602,-0.0629
49613,-0.0615
49624,-0.0615
49635,-0.0667
49644,-0.0632
49657,-0.0661
49667,-0.0621
49677,-0.0635
49690,-0.0647
49703,-0.0655
49713,-0.0655
49723,-0.0624
49733,-0.0571
49742,-0.0595
49753,-0.0595
49762,-0.0583
49774,-0.0641
49784,-0.0577
49797,-0.0586
49806,-0.0580
49815,-0.0580
49825,-0.0632
49834,-0.0647
49847,-0.0618
49856,-0.0624
49865,-0.0624
49875,-0.0600
49886,-0.0673
49902,-0.0624
49913,-0.0638
49922,-0.0667
49935,-0.0655
49946,-0.0655
49959,-0.0644
49968,-0.0609
49978,-0.0664
49990,-0.0655
50000,-0.0644
50032,-0.0635
50050,-0.0629
50062,-0.0632
50072,-0.0647
50083,-0.0676
50093,-0.0661
50104,-0.0629
50116,-0.0655
50127,-0.0632
50138,-0.0632
50150,-0.0673
50160,-0.0658
50173,-0.0647
50186,-0.0586
50198,-0.0658
50208,-0.0600
50218,-0.0580
50231,-0.0609
50243,-0.0621
50253,-0.0621
50263,-0.0624
50274,-0.0580
50284,-0.0586
50298,-0.0606
50310,-0.0621
50321,-0.0670
50334,-0.0635
50344,-0.0635
50354,-0.0632
50365,-0.0589
50379,-0.0600
50395,-0.0560
50414,-0.0600
50427,-0.0606
50438,-0.0626
50450,-0.0612
50462,-0.0655
50472,-0.0655
50482,-0.0615
50494,-0.0606
50510,-0.0638
50521,-0.0618
50531,-0.0618
50545,-0.0618
50555,-0.0580
50569,-0.0612
50581,-0.0618
50593,-0.0629
50603,-0.0629
50614,-0.0629
50625,-0.0647
50635,-0.0626
50646,-0.0632
50659,-0.0626
50671,-0.0632
50683,-0.0618
50697,-0.0603
50706,-0.0600
50718,-0.0600
50728,-0.0574
50741,-0.0583
50750,-0.0580
50759,-0.0621
50776,-0.0603
50790,-0.0566
50801,-0.0557
50813,-0.0586
50823,-0.0600
50832,-0.0600
50847,-0.0586
50856,-0.0592
50866,-0.0583
50881,-0.0615
50891,-0.0577
50903,-0.0626
50915,-0.0618
50925,-0.0618
50937,-0.0618
50950,-0.0545
50960,-0.0600
50969,-0.0629
50980,-0.0595
50989,-0.0600
51001,-0.0600
51012,-0.0592
51021,-0.0600
51031,-0.0583
51040,-0.0583
51054,-0.0603
51064,-0.0603
51076,-0.0615
51088,-0.0650
51102,-0.0670
51115,-0.0624
51127,-0.0638
51138,-0.0615
51150,-0.0647
51160,-0.0589
51170,-0.0629
51182,-0.0629
51193,-0.0597
51217,-0.0618
51235,-0.0615
51248,-0.0638
51262,-0.0667
51275,-0.0682
51285,-0.0682
51296,-0.0621
51308,-0.0635
51324,-0.0612
51339,-0.0589
51350,-0.0635
51360,-0.0635
51372,-0.0644
51382,-0.0629
51392,-0.0650
51405,-0.0653
51415,-0.0603
51427,-0.0603
51444,-0.0612
51454,-0.0566
51464,-0.0566
51474,-0.0580
51484,-0.0574
51498,-0.0557
51510,-0.0566
51521,-0.0551
51531,-0.0603
51546,-0.0615
51575,-0.0595
51587,-0.0557
51599,-0.0606
51610,-0.0548
51620,-0.0548
51631,-0.0609
51644,-0.0583
51658,-0.0606
51674,-0.0632
51687,-0.0603
51700,-0.0635
51711,-0.0615
51720,-0.0615
51731,-0.0690
51741,-0.0667
51750,-0.0667
51760,-0.0667
51773,-0.0676
51786,-0.0653
51799,-0.0644
51812,-0.0670
51822,-0.0641
51831,-0.0676
51844,-0.0650
51853,-0.0664
51862,-0.0664
51872,-0.0708
51882,-0.0653
51891,-0.0658
51902,-0.0658
51916,-0.0618
51925,-0.0618
51940,-0.0612
51950,-0.0618
51960,-0.0603
51971,-0.0632
52026,-0.0667
52036,-0.0597
52047,-0.0624
52057,-0.0624
52068,-0.0595
52080,-0.0609
52091,-0.0626
52107,-0.0655
52120,-0.0609
52130,-0.0583
52144,-0.0600
52154,-0.0612
52165,-0.0603
52177,-0.0600
52187,-0.0592
52201,-0.0583
52212,-0.0606
52223,-0.0606
52233,-0.0551
52245,-0.0603
52255,-0.0571
52265,-0.0612
52276,-0.0612
52288,-0.0557
52300,-0.0580
52315,-0.0655
52328,-0.0624
52342,-0.0571
52352,-0.0571
52363,-0.0566
52374,-0.0618
52388,-0.0600
52402,-0.0629
52413,-0.0595
52427,-0.0641
52439,-0.0644
52450,-0.0664
52461,-0.0621
52486,-0.0624
52497,-0.0612
52507,-0.0612
52517,-0.0586
52531,-0.0650
52543,-0.0600
52555,-0.0641
52567,-0.0586
52577,-0.0586
52587,-0.0586
52597,-0.0586
52623,-0.0571
52633,-0.0618
52644,-0.0612
52656,-0.0632
52666,-0.0624
52675,-0.0574
52689,-0.0551
52698,-0.0551
52714,-0.0568
52728,-0.0589
52738,-0.0589
52749,-0.0560
52762,-0.0612
52772,-0.0603
52782,-0.0606
52792,-0.0653
52807,-0.0612
52817,-0.0612
52828,-0.0595
52837,-0.0566
52851,-0.0560
52861,-0.0609
52871,-0.0606
52882,-0.0574
52891,-0.0574
52900,-0.0586
52909,-0.0597
52922,-0.0603
52931,-0.0603
52946,-0.0577
52962,-0.0586
52971,-0.0557
52982,-0.0557
52992,-0.0580
53002,-0.0632
53013,-0.0597
53024,-0.0586
53033,-0.0586
53049,-0.0606
53062,-0.0577
53074,-0.0577
53084,-0.0577
53095,-0.0632
53106,-0.0551
53116,-0.0551
53127,-0.0545
53138,-0.0545
53150,-0.0551
53161,-0.0551
53172,-0.0606
53186,-0.0600
53199,-0.0615
53209,-0.0626
53221,-0.0597
53232,-0.0612
53245,-0.0618
53255,-0.0566
53265,-0.0566
53275,-0.0618
53286,-0.0580
53297,-0.0589
53310,-0.0621
53321,-0.0580
53333,-0.0626
53342,-0.0626
53356,-0.0621
53366,-0.0606
53379,-0.0626
53394,-0.0629
53405,-0.0655
53417,-0.0626
53428,-0.0661
53441,-0.0635
53451,-0.0679
53461,-0.0626
53472,-0.0626
53483,-0.0641
53495,-0.0635
53508,-0.0635
53518,-0.0673
53531,-0.0638
53543,-0.0641
53554,-0.0609
53564,-0.0641
53576,-0.0621
53587,-0.0621
53600,-0.0626
53612,-0.0644
53622,-0.0609
53634,-0.0612
53644,-0.0606
53657,-0.0624
53667,-0.0615
53677,-0.0615
53687,-0.0603
53698,-0.0603
53709,-0.0571
53720,-0.0600
53733,-0.0597
53746,-0.0595
53759,-0.0650
53770,-0.0612
53784,-0.0580
53795,-0.0583
53808,-0.0638
53819,-0.0638
53830,-0.0600
53841,-0.0606
53853,-0.0641
53863,-0.0629
53874,-0.0621
53884,-0.0621
53895,-0.0603
53905,-0.0609
53917,-0.0635
53931,-0.0615
53944,-0.0664
53957,-0.0650
53970,-0.0592
53981,-0.0603
53996,-0.0554
54006,-0.0629
54017,-0.0612
54028,-0.0580
54057,-0.0618
54070,-0.0606
54080,-0.0621
54091,-0.0621
54103,-0.0661
54115,-0.0673
54125,-0.0647
54138,-0.0624
54148,-0.0621
54161,-0.0653
54173,-0.0632
54186,-0.0606
54196,-0.0632
54206,-0.0632
54219,-0.0597
54229,-0.0609
54240,-0.0606
54250,-0.0618
54263,-0.0641
54276,-0.0618
54286,-0.0606
54295,-0.0606
54308,-0.0667
54321,-0.0632
54332,-0.0603
54342,-0.0606
54353,-0.0612
54363,-0.0658
54374,-0.0641
54386,-0.0641
54399,-0.0626
54411,-0.0626
54432,-0.0626
54442,-0.0632
54455,-0.0635
54466,-0.0647
54477,-0.0644
54489,-0.0644
54517,-0.0618
54528,-0.0618
54539,-0.0635
54551,-0.0670
54561,-0.0644
54571,-0.0606
54583,-0.0600
54593,-0.0603
54612,-0.0629
54623,-0.0690
54636,-0.0632
54645,-0.0661
54654,-0.0661
54666,-0.0632
54679,-0.0676
54691,-0.0650
54701,-0.0615
54713,-0.0667
54725,-0.0644
54737,-0.0626
54749,-0.0597
54761,-0.0600
54772,-0.0600
54783,-0.0624
54793,-0.0624
54805,-0.0603
54818,-0.0624
54831,-0.0647
54842,-0.0609
54853,-0.0635
54865,-0.0612
54876,-0.0635
54886,-0.0635
54897,-0.0658
54911,-0.0624
54925,-0.0612
54938,-0.0629
54952,-0.0635
54963,-0.0592
54978,-0.0641
54989,-0.0595
55002,-0.0609
55016,-0.0595
55028,-0.0606
55039,-0.0597
55051,-0.0653
55066,-0.0653
55077,-0.0653
55087,-0.0644
55101,-0.0655
55111,-0.0638
55122,-0.0571
55133,-0.0571
55144,-0.0609
55156,-0.0609
55168,-0.0589
55179,-0.0647
55189,-0.0664
55204,-0.0603
55227,-0.0600
55237,-0.0632
55247,-0.0632
55260,-0.0592
55270,-0.0603
55282,-0.0580
55293,-0.0586
55303,-0.0606
55316,-0.0600
55326,-0.0566
55337,-0.0566
55347,-0.0563
55357,-0.0586
55368,-0.0574
55379,-0.0568
55389,-0.0568
55402,-0.0592
55413,-0.0624
55424,-0.0574
55435,-0.0618
55445,-0.0632
55455,-0.0647
55465,-0.0647
55476,-0.0638
55487,-0.0626
55498,-0.0580
55509,-0.0566
55524,-0.0545
55534,-0.0574
55544,-0.0574
55555,-0.0606
55566,-0.0612
55577,-0.0609
55588,-0.0609
55599,-0.0615
55610,-0.0647
55622,-0.0647
55633,-0.0629
55645,-0.0624
55657,-0.0647
55672,-0.0650
55681,-0.0609
55693,-0.0638
55704,-0.0635
55715,-0.0600
55727,-0.0615
55738,-0.0615
55747,-0.0655
55757,-0.0618
55766,-0.0612
55776,-0.0612
55785,-0.0658
55794,-0.0626
55806,-0.0725
55817,-0.0629
55828,-0.0629
55838,-0.0589
55851,-0.0650
55861,-0.0638
55870,-0.0632
55882,-0.0676
55893,-0.0647
55903,-0.0647
55913,-0.0696
55925,-0.0641
55936,-0.0673
55946,-0.0676
55961,-0.0629
55973,-0.0647
55983,-0.0618
55996,-0.0618
56006,-0.0632
56018,-0.0658
56029,-0.0658
56040,-0.0647
56049,-0.0629
56058,-0.0629
56070,-0.0626
56080,-0.0606
56090,-0.0603
56100,-0.0574
56110,-0.0574
56123,-0.0615
56134,-0.0600
56148,-0.0597
56160,-0.0618
56172,-0.0595
56183,-0.0606
56192,-0.0626
56202,-0.0592
56211,-0.0592
56221,-0.0626
56232,-0.0673
56243,-0.0653
56256,-0.0644
56266,-0.0635
56277,-0.0635
56287,-0.0658
56297,-0.0629
56343,-0.0632
56374,-0.0624
56386,-0.0676
56396,-0.0612
56406,-0.0612
56416,-0.0641
56425,-0.0647
56436,-0.0647
56445,-0.0647
56457,-0.0667
56467,-0.0560
56478,-0.0635
56491,-0.0603
56502,-0.0641
56517,-0.0635
56527,-0.0638
56538,-0.0612
56550,-0.0629
56561,-0.0629
56575,-0.0624
56589,-0.0673
56599,-0.0673
56609,-0.0644
56621,-0.0603
56631,-0.0632
56640,-0.0626
56655,-0.0606
56668,-0.0632
56681,-0.0600
56696,-0.0612
56709,-0.0655
56719,-0.0583
56730,-0.0629
56741,-0.0629
56751,-0.0592
56768,-0.0612
56783,-0.0551
56798,-0.0592
56892,-0.0661
56907,-0.0638
56920,-0.0653
56937,-0.0647
56947,-0.0647
56959,-0.0661
56974,-0.0655
56991,-0.0595
57001,-0.0626
57014,-0.0609
57027,-0.0629
57038,-0.0629
57049,-0.0629
57064,-0.0644
57075,-0.0644
57089,-0.0589
57100,-0.0606
57111,-0.0589
57124,-0.0655
57138,-0.0606
57150,-0.0618
57168,-0.0612
57178,-0.0612
57188,-0.0595
57200,-0.0586
57213,-0.0563
57223,-0.0600
57237,-0.0545
57254,-0.0595
57268,-0.0597
57280,-0.0566
57292,-0.0583
57303,-0.0586
57316,-0.0603
57331,-0.0597
57341,-0.0615
57355,-0.0557
57368,-0.0592
57382,-0.0618
57392,-0.0653
57402,-0.0592
57412,-0.0603
57422,-0.0603
57432,-0.0603
57445,-0.0592
57459,-0.0612
57472,-0.0603
57491,-0.0592
57501,-0.0592
57511,-0.0632
57525,-0.0606
57535,-0.0609
57548,-0.0600
57560,-0.0586
57573,-0.0566
57584,-0.0583
57598,-0.0603
57608,-0.0626
57619,-0.0606
57629,-0.0606
57641,-0.0650
57652,-0.0603
57664,-0.0635
57675,-0.0595
57689,-0.0664
57704,-0.0655
57713,-0.0592
57726,-0.0568
57738,-0.0583
57748,-0.0600
57760,-0.0621
57775,-0.0606
57787,-0.0612
57798,-0.0586
57815,-0.0557
57825,-0.0618
57834,-0.0618
57844,-0.0603
57858,-0.0624
57867,-0.0603
57878,-0.0592
57889,-0.0554
57900,-0.0554
57913,-0.0577
57925,-0.0595
57935,-0.0600
57947,-0.0641
57960,-0.0597
57970,-0.0597
57979,-0.0597
57991,-0.0574
58000,-0.0574
58013,-0.0653
58023,-0.0589
58032,-0.0618
58045,-0.0615
58055,-0.0615
58066,-0.0600
58076,-0.0597
58088,-0.0583
58101,-0.0624
58112,-0.0638
58129,-0.0603
58142,-0.0626
58152,-0.0566
58166,-0.0580
58177,-0.0592
58191,-0.0612
58205,-0.0566
58216,-0.0557
58228,-0.0577
58244,-0.0577
58255,-0.0583
58265,-0.0589
58276,-0.0557
58286,-0.0557
58299,-0.0632
58308,-0.0583
58321,-0.0589
58333,-0.0574
58345,-0.0621
58357,-0.0629
58368,-0.0632
58378,-0.0624
58388,-0.0624
58398,-0.0618
58408,-0.0676
58419,-0.0644
58429,-0.0577
58445,-0.0635
58460,-0.0650
58470,-0.0592
58483,-0.0658
58493,-0.0635
58505,-0.0624
58516,-0.0624
58532,-0.0603
58544,-0.0603
58557,-0.0626
58567,-0.0626
58578,-0.0595
58587,-0.0624
58597,-0.0580
58612,-0.0629
58622,-0.0621
58635,-0.0609
58646,-0.0609
58655,-0.0597
58669,-0.0606
58679,-0.0618
58693,-0.0618
58702,-0.0603
58716,-0.0618
58726,-0.0612
58738,-0.0595
58748,-0.0595
58760,-0.0612
58775,-0.0589
58789,-0.0597
58798,-0.0597
58807,-0.0589
58819,-0.0592
58831,-0.0638
58840,-0.0597
58852,-0.0597
58861,-0.0609
58873,-0.0580
58885,-0.0603
58895,-0.0635
58908,-0.0592
58918,-0.0568
58927,-0.0568
58940,-0.0592
58950,-0.0563
58959,-0.0615
58972,-0.0597
58982,-0.0595
58997,-0.0597
59009,-0.0597
59018,-0.0597
59028,-0.0629
59039,-0.0597
59049,-0.0632
59060,-0.0626
59070,-0.0626
59083,-0.0577
59094,-0.0586
59118,-0.0583
59128,-0.0615
59138,-0.0632
59150,-0.0632
59162,-0.0566
59172,-0.0566
59182,-0.0563
59199,-0.0612
59212,-0.0539
59225,-0.0557
59237,-0.0542
59249,-0.0528
59260,-0.0537
59270,-0.0580
59281,-0.0528
59293,-0.0577
59304,-0.0589
59315,-0.0589
59325,-0.0563
59336,-0.0545
59347,-0.0568
59357,-0.0537
59367,-0.0537
59378,-0.0586
59388,-0.0595
59398,-0.0586
59409,-0.0595
59421,-0.0551
59434,-0.0589
59446,-0.0629
59460,-0.0603
59470,-0.0603
59480,-0.0609
59490,-0.0577
59499,-0.0592
59510,-0.0574
59521,-0.0574
59536,-0.0574
59547,-0.0574
59558,-0.0563
59571,-0.0606
59581,-0.0600
59592,-0.0626
59601,-0.0629
59611,-0.0629
59621,-0.0589
59631,-0.0635
59641,-0.0635
59654,-0.0621
59665,-0.0635
59676,-0.0635
59687,-0.0655
59697,-0.0638
59707,-0.0684
59720,-0.0661
59733,-0.0667
59744,-0.0647
59756,-0.0609
59767,-0.0624
59783,-0.0551
59796,-0.0609
59807,-0.0597
59817,-0.0597
59829,-0.0583
59845,-0.0615
59856,-0.0615
59873,-0.0592
59886,-0.0624
59898,-0.0644
59914,-0.0600
59929,-0.0624
59940,-0.0676
59951,-0.0641
59963,-0.0658
59977,-0.0621
59989,-0.0635
60004,-0.0655
60016,-0.0644
60029,-0.0641
60045,-0.0653
60056,-0.0667
60066,-0.0641
60076,-0.0650
60086,-0.0650
60098,-0.0655
60111,-0.0635
60122,-0.0609
60135,-0.0693
60150,-0.0644
60160,-0.0650
60171,-0.0626
60181,-0.0629
60192,-0.0626
60202,-0.0626
60215,-0.0580
60227,-0.0597
60240,-0.0621
60251,-0.0653
60261,-0.0586
60275,-0.0615
60287,-0.0641
60298,-0.0597
60313,-0.0603
60327,-0.0629
60345,-0.0626
60356,-0.0609
60370,-0.0632
60380,-0.0621
60390,-0.0586
60400,-0.0621
60410,-0.0586
60423,-0.0621
60433,-0.0621
60445,-0.0603
60460,-0.0600
60473,-0.0629
60485,-0.0603
60495,-0.0597
60505,-0.0580
60515,-0.0621
60526,-0.0621
60536,-0.0595
60550,-0.0571
60564,-0.0586
60576,-0.0589
60588,-0.0644
60598,-0.0583
60609,-0.0624
60618,-0.0606
60627,-0.0606
60637,-0.0577
60647,-0.0612
60662,-0.0586
60673,-0.0612
60683,-0.0597
60695,-0.0621
60707,-0.0641
60721,-0.0647
60732,-0.0670
60745,-0.0658
60755,-0.0658
60767,-0.0603
60777,-0.0673
60788,-0.0626
60798,-0.0615
60808,-0.0615
60820,-0.0595
60833,-0.0566
60844,-0.0615
60857,-0.0609
60867,-0.0632
60877,-0.0612
60888,-0.0635
60898,-0.0635
60912,-0.0606
60923,-0.0606
60933,-0.0632
60947,-0.0615
60958,-0.0571
60977,-0.0577
61030,-0.0577
61045,-0.0577
61103,-0.0577
61119,-0.0577
