13099,0.0000
13109,0.0000
13121,0.0024
13137,-0.0048
13148,0.0024
13160,-0.0072
13172,-0.0311
13182,0.0144
13192,-0.0024
13202,-0.0024
13218,-0.0239
13227,-0.0239
13237,-0.0407
13248,0.0048
13259,0.0096
13271,-0.0263
13282,0.0215
13295,-0.0167
13306,-0.0263
13316,-0.0263
13330,-0.0048
13341,0.0000
13351,-0.0215
13362,-0.0096
13372,-0.0096
13382,0.0167
13393,0.0167
13403,-0.0072
13417,0.0024
13427,-0.0239
13439,-0.0096
13450,-0.0024
13462,-0.0311
13472,-0.0311
13483,-0.0072
13494,0.0287
13504,-0.0335
13515,-0.0215
13526,0.0215
13536,0.0215
13546,0.0144
13556,-0.0072
13569,0.0215
13579,0.0120
13589,-0.0048
13599,-0.0048
13609,-0.0096
13620,0.0287
13630,0.0072
13641,-0.0072
13654,0.0096
13665,0.0096
13675,-0.0479
13688,0.0335
13700,0.0000
13711,0.0096
13721,-0.0407
13732,0.0048
13742,0.0048
13753,0.0167
13764,-0.0167
13775,0.0000
13786,0.0024
13820,0.0215
13831,0.0048
13846,0.0000
13856,0.0000
13868,-0.0167
13879,-0.0072
13889,-0.0048
13901,0.0144
13911,0.0144
13922,-0.0024
13932,0.0096
13942,-0.0024
13952,0.0120
13962,-0.0096
13971,-0.0096
13980,0.0048
13992,0.0167
14003,0.0000
14014,-0.0311
14024,-0.0311
14038,0.0000
14048,-0.0072
14058,0.0024
14073,0.0263
14095,-0.0096
14126,0.0120
14137,-0.0048
14148,0.0215
14160,-0.0096
14170,0.0167
14179,0.0167
14188,-0.0096
14198,-0.0359
14209,0.0359
14219,0.0359
14229,-0.0096
14238,0.0144
14248,-0.0096
14257,-0.0096
14268,-0.0167
14280,0.0215
14293,-0.0144
14303,0.0096
14312,0.0120
14323,0.0096
14332,0.0096
14342,-0.0024
14353,0.0167
14369,0.0311
14385,0.0072
14397,0.0120
14408,0.0287
14426,0.0191
14436,0.0096
14446,0.0455
14458,-0.0072
14468,0.0072
14481,0.0191
14493,0.0287
14503,-0.0383
14536,0.0072
14547,0.0359
14562,0.0311
14573,0.0383
14584,0.0167
14594,-0.0024
14604,-0.0024
14614,0.0215
14631,-0.0096
14641,-0.0024
14650,-0.0239
14665,0.0024
14676,-0.0024
14687,0.0287
14697,0.0120
14707,0.0120
14717,0.0024
14732,0.0072
14743,-0.0096
14753,-0.0048
14765,-0.0072
14775,0.0072
14785,0.0072
14795,-0.8758
14806,0.2752
14819,-0.5527
14833,0.0694
14843,0.0311
14853,-0.0479
14865,-0.0479
14878,0.3685
14890,-0.2201
14901,-0.2201
14911,0.0359
14922,0.0120
14932,0.0837
14946,-0.0885
14956,0.0598
14967,-0.0191
14978,-0.0191
14989,-0.0646
14999,0.0598
15009,-0.0120
15019,0.0191
15029,0.0191
15041,-0.0263
15052,0.0215
15062,-0.0335
15076,0.0167
15088,-0.0024
15101,-0.0191
15113,-0.0096
15127,0.0167
15138,0.0981
15148,-0.0048
15158,-0.0048
15169,-0.0742
15179,-0.1196
15190,-0.2919
15201,-0.0909
15214,0.2943
15225,0.1484
15235,0.1484
15245,-0.0766
15254,-0.1053
15263,-0.1053
15273,-0.0550
15294,0.0550
15304,0.0502
15315,0.0502
15325,-0.2847
15340,0.3996
15355,0.2177
15364,0.2177
15375,0.1627
15386,-0.2249
15397,-0.3326
15407,-0.2728
15420,-0.0120
15431,0.0455
15446,0.0550
15456,0.0479
15468,0.0479
15480,-0.1053
15492,0.1627
15504,-0.0024
15514,0.0287
15524,0.1340
15543,0.1149
15553,-0.2584
15564,0.4331
15575,0.1053
15585,0.1579
15595,0.1579
15605,0.1053
15615,-0.1627
15625,-0.0359
15655,0.0239
15666,0.0670
15676,0.0718
15686,0.0718
15697,0.0502
15707,-0.2943
15718,-0.4834
15733,-0.2345
15744,-0.1125
15755,-0.2249
15765,-0.2249
15776,-0.3350
15791,-0.2417
15802,-0.5336
15812,-0.5168
15822,-0.3972
15832,-0.4020
15842,-0.4020
15856,-0.6054
15866,-0.6054
15879,-0.6197
15897,-0.5815
15907,-0.5815
15919,-0.7083
15931,-0.7872
15942,-0.7442
15952,-0.8088
15964,-0.8160
15974,-0.9787
15984,-0.9787
15994,-0.8877
16005,-0.7753
16016,-0.8064
16029,-0.8447
16039,-0.8231
16049,-0.9500
16059,-0.9500
16069,-0.9978
16079,-0.8973
16092,-0.8830
16107,-0.9236
16119,-0.9117
16130,-0.9763
16140,-1.0050
16150,-1.0050
16161,-0.9906
16172,-1.0098
16182,-0.9882
16192,-0.8375
16202,-0.8375
16214,-0.9069
16226,-0.9691
16236,-1.0624
16247,-0.9811
16257,-0.8997
16269,-0.8997
16281,-0.9811
16296,-1.0146
16307,-0.8901
16318,-0.8901
16328,-0.8758
16339,-0.8973
16349,-0.9835
16359,-0.9595
16369,-0.9595
16382,-1.0146
16392,-0.8949
16404,-0.8782
16414,-0.9978
16425,-0.9763
16435,-0.9763
16446,-0.9236
16456,-1.0002
16466,-0.9165
16480,-0.8590
16490,-0.8638
16502,-0.9739
16513,-0.9667
16525,-0.9715
16535,-0.9715
16546,-0.9308
16557,-0.9930
16573,-0.9428
16584,-0.9188
16595,-0.8830
16605,-0.8806
16617,-1.0050
16628,-1.0050
16639,-0.9547
16654,-0.9667
16665,-0.9476
16675,-1.0170
16686,-1.0074
16697,-0.9619
16708,-1.0385
16719,-1.0385
16729,-1.0002
16741,-0.9882
16751,-0.8351
16761,-1.0361
16773,-0.9117
16785,-0.9835
16795,-0.9835
16806,-0.8830
16817,-1.0481
16829,-0.8447
16839,-0.9260
16852,-0.9954
16863,-0.9882
16873,-0.9093
16883,-0.9093
16893,-0.9595
16903,-0.9093
16915,-1.1055
16926,-0.9691
16936,-0.9691
16950,-1.0624
16960,-1.0624
16970,-1.0050
16981,-0.9691
16993,-1.0744
17004,-0.9858
17014,-0.9858
17024,-1.0792
17036,-1.2323
17046,-1.1366
17056,-1.1270
17066,-1.1270
17080,-1.0624
17090,-1.0624
17100,-1.1509
17115,-1.2730
17126,-1.1844
17136,-1.3137
17146,-1.2443
17157,-1.2443
17168,-1.1198
17178,-1.2036
17188,-1.1749
17198,-1.3161
17209,-1.2562
17221,-1.2084
17231,-1.2084
17242,-1.2754
17254,-1.2060
17264,-1.1342
17275,-1.1844
17288,-1.3017
17299,-1.2873
17319,-1.2299
17331,-1.2323
17344,-1.0935
17355,-1.0863
17366,-1.1414
17376,-1.2634
17388,-1.0289
17398,-1.0289
17408,-1.1964
17417,-1.2443
17427,-1.2491
17437,-1.2491
17448,-1.1892
17460,-1.1605
17471,-1.2754
17482,-1.2108
17494,-1.2467
17521,-1.2419
17535,-1.2156
17545,-1.3184
17555,-1.3184
17565,-1.2538
17575,-1.3041
17586,-1.2921
17596,-1.2514
17607,-1.2514
17617,-1.1533
17627,-1.2179
17639,-1.2036
17650,-1.1725
17660,-1.2108
17670,-1.2108
17680,-1.2012
17690,-1.2993
17700,-1.2419
17714,-1.1821
17725,-1.1749
17737,-1.1533
17747,-1.1533
17759,-1.1414
17775,-1.1868
17786,-1.1868
17796,-1.1414
17806,-0.8734
17817,-1.1844
17828,-0.9787
17838,-0.9787
17850,-0.9356
17860,-0.8901
17870,-0.9308
17880,-0.7777
17890,-0.8088
17900,-0.8088
17910,-0.8279
17926,-0.7777
17936,-0.7872
17947,-0.6437
17959,-0.6604
17969,-0.8183
17979,-0.8183
17989,-0.8112
17999,-0.7442
18011,-0.6341
18022,-0.5671
18032,-0.5671
18042,-0.7490
18052,-0.7250
18061,-0.6891
18071,-0.6987
18081,-0.6987
18094,-0.7585
18104,-0.8207
18127,-0.7394
18140,-0.7298
18151,-0.7825
18161,-0.6556
18171,-0.6556
18181,-0.7346
18191,-0.7992
18201,-0.7825
18211,-0.7825
18221,-0.7825
18231,-0.7825
18242,-0.7705
18253,-0.7011
18265,-0.7011
18277,-0.7872
18287,-0.7872
18298,-0.9284
18308,-0.8710
18318,-0.9667
18329,-0.9619
18342,-0.9547
18353,-0.9547
18363,-0.9093
18374,-0.9165
18384,-0.9093
18394,-1.1103
18405,-1.1103
18416,-1.0839
18429,-1.0792
18439,-0.9811
18452,-1.1127
18462,-0.9858
18472,-1.1294
18487,-1.0839
18497,-1.1103
18507,-1.1103
18518,-1.1557
18529,-1.1031
18544,-1.0863
18554,-1.0528
18564,-1.0792
18575,-1.0504
18586,-1.0504
18596,-1.0433
18606,-1.1318
18616,-1.1198
18626,-1.0839
18637,-1.0839
18650,-0.9141
18660,-0.9093
18670,-1.0146
18681,-0.9667
18715,-0.9739
18725,-0.9978
18738,-0.8566
18751,-0.6963
18762,-0.7226
18772,-0.7777
18782,-0.8040
18793,-0.6030
18805,-0.8734
18816,-0.8734
18828,-0.9308
18842,-0.9284
18853,-0.7202
18865,-0.6221
18875,-0.6102
18885,-0.4834
18897,-0.6389
18909,-0.6389
18918,-0.6891
18929,-0.6939
18944,-0.6221
18956,-0.6724
18968,-0.5551
18979,-0.5001
18991,-0.5671
19005,-0.6054
19016,-0.5121
19027,-0.6580
19040,-0.6820
19050,-0.6820
19060,-0.6461
19074,-0.5862
19086,-0.5551
19096,-0.5958
19106,-0.6891
19116,-0.8806
19127,-0.8806
19139,-0.8160
19150,-0.8542
19161,-1.0481
19172,-0.8088
19182,-0.6867
19192,-0.7753
19203,-0.7753
19215,-0.8471
19226,-1.1079
19236,-1.2802
19247,-1.3783
19258,-1.1677
19268,-1.1677
19278,-1.1414
19289,-1.0528
19300,-1.0289
19311,-1.0648
19322,-1.1773
19332,-1.1773
19345,-1.3591
19356,-1.3232
19367,-1.3926
19378,-1.2227
19388,-1.2132
19399,-1.2514
19410,-1.2514
19420,-1.2036
19432,-1.1749
19443,-1.4261
19453,-1.3974
19463,-1.5410
19473,-1.5410
19483,-1.3687
19497,-1.4213
19508,-1.2658
19522,-1.2993
19540,-1.3496
19549,-1.3496
19560,-1.3304
19573,-1.4740
19583,-1.4812
19593,-1.3854
19606,-1.3089
19616,-1.3089
19627,-1.5099
19639,-1.3639
19650,-1.3687
19660,-1.3208
19671,-1.3065
19682,-1.4261
19694,-1.3878
19705,-1.3878
19715,-1.4261
19725,-1.3759
19736,-1.4118
19748,-1.2634
19759,-1.4237
19771,-1.4237
19782,-1.3113
19793,-1.2993
19806,-1.4812
19816,-1.4692
19828,-1.1653
19842,-1.4883
19852,-1.2682
19862,-1.2682
19871,-1.4142
19881,-1.1366
19892,-1.0624
19902,-1.4333
19913,-1.4333
19927,-1.4620
19937,-1.4620
19950,-1.4931
19961,-1.4955
19973,-1.5003
19983,-1.2658
19993,-1.2658
20003,-1.2658
20014,-1.3184
20023,-1.0600
20034,-1.3567
20047,-1.2634
20058,-1.2419
20069,-1.1940
20079,-1.1940
20089,-1.1868
20100,-1.4022
20110,-1.1988
20120,-1.1509
20133,-0.9978
20145,-1.1103
20157,-1.1103
20171,-1.1797
20182,-1.3137
20192,-1.3304
20203,-1.1390
20214,-1.0839
20232,-1.2060
20243,-1.0983
20253,-1.0863
20267,-1.1318
20277,-1.2514
20287,-1.2514
20299,-1.2491
20310,-1.2251
20320,-1.1844
20330,-1.0050
20342,-0.9835
20353,-1.0744
20367,-1.0050
20377,-1.0050
20388,-0.9404
20398,-0.9882
20409,-1.0385
20419,-0.9595
20429,-1.1533
20439,-1.1533
20449,-0.9763
20458,-1.1151
20469,-1.0170
20480,-1.0170
20490,-0.8423
20500,-0.9882
20510,-1.0433
20520,-1.0863
20530,-1.0863
20541,-1.0528
20553,-0.8710
20563,-0.9858
20594,-0.8303
20604,-0.8518
20614,-0.8088
20624,-0.9476
20634,-0.9476
20644,-0.9667
20654,-0.9906
20665,-1.0528
20681,-0.7801
20693,-0.7753
20704,-0.8016
20714,-0.7753
20724,-0.7753
20738,-1.1486
20749,-0.9260
20763,-0.9787
20773,-0.9117
20783,-0.7753
20795,-0.7777
20808,-0.7083
20819,-0.9165
20830,-1.0792
20840,-1.0792
20850,-0.9308
20861,-0.8997
20874,-0.8351
20886,-0.8279
20898,-0.9476
20909,-0.8734
20919,-0.9452
20929,-0.9452
20943,-1.0696
20954,-0.9212
20965,-1.0624
20980,-0.7944
20991,-0.7466
21003,-0.8136
21015,-0.9165
21025,-0.8542
21036,-0.8423
21047,-0.7418
21058,-0.7418
21068,-0.7059
21081,-0.8327
21092,-0.9380
21103,-1.0026
21121,-1.0576
21130,-0.8136
21140,-1.2467
21151,-1.0744
21162,-1.0744
21173,-1.0911
21184,-1.0193
21197,-0.9954
21226,-1.1964
21237,-0.9691
21248,-1.2347
21258,-0.9452
21269,-1.0409
21280,-0.9763
21293,-1.0289
21305,-1.0289
21315,-1.0385
21326,-1.2921
21337,-1.1151
21351,-1.2323
21367,-1.1366
21381,-1.0744
21393,-0.8925
21403,-0.9069
21414,-1.2179
21425,-1.2826
21439,-1.0074
21450,-1.1988
21461,-0.9308
21471,-0.9308
21481,-0.9523
21491,-0.8542
21503,-0.9404
21515,-0.8495
21525,-1.0744
21536,-1.0744
21555,-1.0696
21564,-0.9954
21576,-0.9787
21587,-0.9787
21598,-0.9691
21609,-0.8686
21619,-0.9021
21629,-1.0528
21640,-1.0528
21651,-1.1797
21660,-1.1151
21670,-1.1509
21680,-0.9643
21691,-0.9643
21702,-0.8423
21712,-0.8853
21722,-1.0098
21732,-0.9787
21746,-1.1270
21756,-1.0792
21768,-1.0792
21780,-1.0241
21791,-0.9380
21800,-0.8399
21810,-1.0074
21819,-1.0074
21828,-0.5336
21838,-0.6652
21847,-0.8973
21856,-0.8973
21866,-0.8064
21888,-0.9045
21897,-0.7848
21906,-0.7848
21915,-0.7155
21924,-0.7107
21933,-0.7107
21942,-0.7107
21951,-0.6461
21963,-0.6293
21973,-0.6293
21982,-0.6389
21993,-0.8255
22003,-0.6293
22012,-0.6293
22049,-0.5025
22059,-0.5312
22068,-0.6485
22078,-0.6485
22087,-0.6365
22100,-0.5480
22109,-0.5503
22118,-0.4642
22128,-0.4642
22138,-0.4666
22151,-0.3422
22161,-0.5623
22171,-0.4857
22181,-0.6532
22193,-0.6532
22203,-0.4666
22214,-0.4738
22224,-0.5001
22234,-0.5049
22245,-0.5049
22257,-0.3613
22267,-0.4140
22277,-0.4905
22287,-0.5623
22301,-0.4403
22312,-0.4762
22322,-0.4762
22332,-0.5312
22343,-0.5791
22352,-0.6317
22361,-0.6102
22371,-0.6102
22387,-0.6437
22399,-0.6437
22409,-0.6508
22420,-0.6221
22431,-0.6437
22441,-0.6269
22452,-0.5838
22462,-0.5838
22473,-0.5527
22485,-0.5862
22496,-0.6891
22506,-0.6485
22517,-0.6030
22530,-0.5767
22541,-0.5767
22554,-0.5815
22568,-0.6030
22578,-0.6030
22590,-0.5838
22605,-0.5767
22616,-0.5599
22628,-0.6269
22639,-0.6102
22650,-0.5695
22664,-0.6030
22674,-0.6437
22684,-0.5695
22694,-0.5695
22706,-0.4953
22716,-0.5432
22726,-0.5958
22737,-0.6150
22748,-0.6150
22758,-0.6365
22770,-0.5551
22781,-0.5743
22792,-0.5767
22805,-0.5480
22816,-0.4618
22826,-0.4834
22837,-0.4834
22852,-0.5145
22862,-0.5145
22872,-0.5791
22882,-0.5264
22892,-0.5097
22902,-0.5336
22912,-0.5336
22922,-0.6485
22934,-0.6126
22946,-0.5743
22957,-0.6173
22968,-0.5121
22980,-0.5503
22994,-0.5671
23008,-0.6030
23020,-0.5192
23031,-0.5695
23042,-0.5695
23052,-0.6461
23062,-0.5934
23073,-0.5240
23086,-0.5599
23097,-0.5743
23107,-0.5743
23117,-0.5312
23128,-0.5384
23138,-0.6126
23151,-0.5838
23163,-0.5719
23174,-0.5432
23206,-0.5168
23220,-0.5145
23231,-0.4929
23241,-0.4690
23251,-0.4666
23261,-0.4666
23271,-0.4594
23281,-0.5097
23295,-0.5982
23305,-0.5671
23316,-0.5145
23326,-0.5145
23336,-0.5312
23346,-0.5360
23359,-0.5551
23369,-0.5503
23379,-0.3709
23389,-0.3709
23402,-0.4499
23413,-0.4786
23424,-0.5216
23435,-0.5719
23447,-0.5001
23458,-0.4355
23472,-0.5288
23482,-0.5288
23492,-0.4427
23502,-0.4546
23513,-0.4810
23524,-0.3924
23534,-0.4857
23547,0.1842
23558,0.1842
23569,-0.3230
23580,-0.4307
23591,-0.3876
23603,-0.5551
23618,-0.5815
23629,-0.5097
23641,-0.4857
23651,-0.5623
23663,-0.1962
23674,-0.1962
23689,-0.3541
23699,-0.3541
23710,-0.2154
23721,-0.4259
23733,-0.3326
23743,-0.2704
23757,-0.3446
23769,-0.1986
23779,-0.3398
23789,-0.3398
23799,-0.2082
23811,-0.5312
23825,-0.3254
23836,-0.2847
23847,-0.4331
23857,-0.2489
23868,-0.3972
23879,-0.3972
23889,-0.3517
23901,-0.4331
23914,-0.4905
23925,-0.4929
23935,-0.2704
23946,-0.0742
23956,-0.0742
23966,-0.3398
23981,-0.2919
23994,-0.5958
24005,-0.4307
24016,-0.3757
24026,-0.5695
24036,-0.5312
24046,-0.5312
24061,-0.6461
24073,-0.5527
24084,-0.3350
24097,-0.6245
24108,-0.5838
24118,-0.3637
24128,-0.3374
24138,-0.3374
24148,-0.3446
24159,-0.3900
24171,-0.6341
24181,-0.4642
24193,-0.5288
24203,-0.4810
24224,-0.3350
24235,-0.2106
24246,-0.2752
24256,-0.3350
24267,-0.3350
24280,-0.4140
24293,-0.4475
24303,-0.3517
24313,-0.3685
24323,-0.5025
24337,-0.6126
24347,-0.5791
24358,-0.4451
24370,-0.4451
24385,-0.6317
24397,-0.6317
24409,-0.4929
24422,-0.4953
24435,-0.5240
24446,0.3589
24456,-0.5288
24467,-0.8231
24477,-0.8758
24487,-0.8758
24498,-0.2967
24509,-0.4762
24521,-0.2441
24532,-0.3733
24542,-0.3661
24553,-0.1723
24563,-0.1723
24577,-0.2082
24587,-0.2082
24600,-0.3135
24612,-0.2991
24624,-0.3302
24635,-0.4690
24646,-0.4522
24656,-0.4546
24667,-0.4618
24677,-0.4618
24687,-0.3278
24700,-0.2608
24710,-0.3757
24721,-0.3852
24732,-0.6915
24742,-0.6915
24753,-0.5336
24764,-0.5743
24778,-0.6030
24788,-0.4834
24798,-0.4211
24807,-0.4211
24822,-0.4594
24833,-0.6341
24844,-0.6054
24854,-0.7968
24865,-0.6317
24882,-0.7466
24894,-0.7992
24905,-0.8040
24915,-0.6413
24926,-0.8901
24937,-0.8901
24947,-0.7968
24959,-0.8949
24971,-0.9165
24981,-1.0600
24991,-0.5432
25001,-0.5432
25015,-0.9308
25025,-0.9308
25037,-0.9212
25050,-0.9811
25064,-0.8542
25074,-0.9882
25085,-0.9428
25095,-1.1581
25105,-1.1055
25115,-1.1055
25125,-0.9500
25137,-1.1844
25147,-0.3135
25161,-0.7633
25172,-1.0050
25183,-1.0576
25194,-1.0576
25204,-1.0481
25215,-1.1797
25227,-1.3328
25238,-1.4405
25248,-1.4524
25260,-1.5147
25270,-1.5147
25281,-1.4189
25292,-1.3950
25302,-1.3376
25312,-1.3208
25322,-1.3208
25332,-1.4046
25342,-1.3854
25354,-1.3161
25365,-1.2706
25377,-1.3304
25388,-1.3304
25398,-1.5027
25409,-1.7779
25421,-1.2658
25431,-0.7394
25445,-1.4907
25457,-1.1366
25467,-0.7537
25479,-1.0720
25491,-1.0720
25504,-1.5051
25514,-0.7370
25526,-1.0337
25536,-0.3326
25547,-0.2058
25557,-0.6221
25570,-0.7466
25581,-0.7466
25592,-0.5695
25603,-0.5767
25614,-0.5838
25624,0.1149
25639,-0.2704
25649,-1.3807
25660,0.6891
25670,0.6891
25683,-0.5384
25695,-0.0909
25705,-0.2584
25715,-0.2201
25726,-0.0263
25738,-0.0263
25748,-0.0263
25758,-0.0455
25767,-0.1340
25777,-0.2967
25788,-0.2967
25800,-0.5575
25812,-0.1196
25822,-0.2010
25832,0.1914
25846,0.3924
25862,-0.1962
25874,0.2321
25885,0.1220
25896,0.1412
25906,0.2560
25918,0.1938
25929,0.1938
25944,0.2010
25958,0.1723
25969,0.5216
25983,0.3302
25995,0.3876
26007,0.4546
26017,0.4546
26030,0.4211
26041,0.2489
26055,0.0431
26069,0.1149
26082,-0.6293
26095,0.5121
26107,0.4164
26118,-0.7155
26130,0.1101
26142,-0.2225
26154,0.1316
26165,0.2728
26175,0.1651
26185,0.1651
26199,0.1507
26209,0.1460
26220,0.1196
26231,-0.0622
26242,-0.1077
26256,-0.0431
26267,-0.3565
26277,-0.4068
26289,-0.4068
26299,-0.0957
26309,-0.1412
26319,-0.4451
26330,-0.3900
26344,-0.5145
26354,-0.5264
26364,-0.5264
26376,-0.4905
26386,-0.3589
26397,-0.4235
26407,-0.6843
26422,-0.9069
26432,-0.9284
26442,-0.9284
26466,-0.9212
26479,-0.9165
26489,-1.1246
26498,-1.1486
26509,-1.1486
26520,-1.3376
26530,-1.3615
26542,-1.3017
26552,-1.3807
26564,-1.6606
26576,-1.4644
26590,-1.4285
26601,-1.5864
26612,-1.7013
26621,-1.7013
26636,-1.5410
26651,-1.6822
26665,-1.7611
26676,-1.7611
26687,-1.8042
26697,-1.6104
26707,-1.7468
26718,-1.6152
26728,-1.5817
26740,-1.5817
26752,-1.7539
26763,-1.8640
26774,-1.9478
26787,-1.8401
26798,-1.7779
26808,-1.4166
26821,-1.4548
26831,-1.7348
26841,-1.7348
26854,-1.6750
26864,-1.7037
26875,-1.7204
26885,-1.9549
26899,-1.7348
26910,-1.5864
26921,-1.7492
26931,-1.7492
26941,-1.6104
26951,-1.7396
26961,-1.3472
26971,-1.3472
26985,-1.6247
26995,-1.4524
27005,-1.5458
27014,-1.6989
27024,-1.6080
27040,-1.5051
27050,-1.5123
27062,-1.2275
27073,-1.2275
27084,-1.4357
27094,-1.2826
27106,-1.2586
27117,-1.4859
27130,-1.5482
27141,-1.6510
27151,-1.6510
27161,-1.3950
27172,-1.3065
27183,-1.2921
27193,-1.2706
27203,-1.2706
27213,-1.2802
27224,-1.3161
27236,-1.5482
27246,-1.4285
27260,-0.4738
27270,-1.2897
27284,-1.5338
27295,-1.6726
27306,-1.6726
27316,-1.6487
27328,-1.6271
27340,-1.2682
27351,-1.5075
27362,-1.6295
27375,-1.2275
27386,-1.2658
27396,-1.2658
27409,-1.1509
27419,-1.3615
27429,-1.5194
27441,-1.2084
27452,-1.5840
27466,-0.8734
27477,-1.4620
27489,-0.8997
27500,-0.8997
27511,-1.0624
27521,-0.8590
27532,-1.0026
27543,-1.1151
27553,-0.8088
27565,-0.8088
27580,-1.0193
27590,-1.0193
27602,-1.2275
27612,-0.8734
27622,-0.8447
27632,-0.8207
27642,-0.8207
27653,-1.1342
27667,-1.1222
27677,-1.1270
27689,-1.0050
27699,-1.1414
27709,-1.0289
27721,-1.1557
27731,-1.1557
27741,-0.8542
27751,-0.9165
27761,-1.2634
27773,-0.8207
27783,-0.8207
27797,-2.0124
27808,-2.0124
27818,-0.6293
27852,-0.7633
27862,-0.8088
27871,-0.8088
27883,-0.7035
27895,-0.8375
27905,-0.4642
27918,-0.8782
27929,-0.9260
27939,-0.8997
27950,-0.8997
27960,-0.5264
27970,-1.2395
27981,-0.8997
27993,-1.7372
28003,-1.4046
28015,-1.4046
28026,-0.8542
28036,-0.1364
28046,-1.6606
28056,-2.2947
28067,-2.2947
28078,-2.4287
28093,-1.8209
28105,-1.4572
28115,-1.7061
28127,-1.9597
28137,-2.2062
28147,-2.2899
28159,-2.1129
28169,-2.1129
28182,-2.0076
28191,-2.1942
28203,-2.6273
28213,-2.2995
28225,-2.3139
28235,-2.2469
28246,-2.2469
28257,-2.2158
28268,-2.2947
28283,-2.7206
28295,-2.4814
28306,-2.5842
28322,-1.9789
28332,-2.4885
28342,-2.6106
28355,-2.7039
28365,-2.4239
28375,-2.4239
28384,-2.8786
28395,-2.9360
28407,-2.3856
28418,-2.3498
28431,-2.7374
28444,-2.3019
28456,-2.5220
28466,-2.1344
28480,-2.4215
28490,-2.4215
28504,-1.8712
28515,-2.0865
28525,-2.7302
28536,-2.0937
28546,-2.3617
28556,-2.3617
28567,-2.3904
28579,-2.5436
28590,-2.3234
28600,-2.5555
28610,-2.9695
28620,-2.9695
28633,-2.3163
28642,-2.3091
28656,-3.1801
28667,-2.3737
28680,-1.9765
28693,-2.0770
28703,-2.3785
28713,-2.5316
28723,-2.5316
28733,-2.3833
28743,-2.4909
28755,-1.7827
28765,-1.4381
28775,-1.4381
28785,-1.8066
28795,-2.0770
28805,-1.9358
28815,-1.4166
28826,-1.4166
28836,-1.4836
28846,-1.3735
28858,-1.6798
28869,-1.8042
28881,-2.0794
28893,-1.3137
28909,-1.6367
28920,-1.4812
28931,-0.9739
28942,-0.9739
28953,-1.4285
28964,-1.6104
28977,-1.5745
28987,-1.4094
29001,-1.4046
29011,-1.3376
29021,-1.2299
29031,-1.2299
29042,-1.2945
29052,-1.1509
29062,-0.9380
29072,-1.2132
29083,-1.2132
29093,-1.5075
29106,-1.3878
29116,-1.2921
29126,-1.0648
29136,-0.9571
29146,-0.9571
29157,-1.1557
29167,-1.1198
29177,-1.2108
29188,-1.3448
29199,-1.3448
29209,-1.1055
29221,-1.2467
29232,-1.2299
29242,-1.2012
29252,-1.3017
29262,-1.3017
29272,-1.3304
29282,-1.1366
29294,-1.3232
29304,-1.5123
29314,-1.5123
29325,-1.1725
29335,-1.1677
29345,-0.9619
29356,-1.1462
29366,-1.1462
29376,-1.2802
29386,-1.8138
29402,-1.8138
29412,-1.4883
29422,-1.2754
29432,-1.2754
29443,-1.1366
29455,-1.2371
29469,-1.2802
29480,-1.1438
29494,-1.0504
29505,-1.1127
29520,-1.4524
29531,-1.1749
29541,-1.0696
29551,-0.8901
29561,-0.9212
29572,-0.9212
29581,-1.0576
29591,-1.3448
29600,-1.2514
29611,-1.2514
29621,-0.9380
29633,-0.9835
29643,-0.8877
29655,-0.8853
29666,-0.8351
29676,-0.8351
29688,-1.3567
29703,-1.0193
29714,-1.0193
29726,-0.9571
29739,-0.6939
29750,-0.9069
29761,-0.8375
29772,-0.7466
29782,-0.9906
29792,-0.9906
29802,-1.0672
29812,-1.1366
29822,-0.8088
29837,-0.5240
29848,-0.6485
29860,-0.7705
29873,-0.9691
29883,-0.9691
29893,-1.1127
29908,-0.9930
29919,-1.0170
29929,-1.1390
29943,-1.0720
29953,-0.8112
29964,-0.6389
29975,-0.9835
29985,-0.9835
29998,-1.1557
30010,-1.3017
30024,-1.0696
30034,-0.9739
30044,-0.9332
30055,-0.9380
30065,-1.0481
30077,-1.1509
30087,-1.1509
30099,-1.0361
30109,-1.0481
30120,-0.9021
30132,-0.8471
30145,-1.0122
30157,-0.9619
30168,-1.0002
30178,-1.0002
30188,-1.0983
30199,-1.2802
30209,-0.8782
30224,-1.1246
30235,-0.9571
30245,-1.0911
30255,-1.0911
30269,-1.0624
30280,-1.0624
30292,-1.0624
30302,-1.2610
30315,-1.3472
30326,-1.2036
30338,-1.1988
30348,-0.9141
30358,-0.9141
30369,-0.6652
30379,-1.1797
30389,-1.2443
30402,-1.1892
30412,-1.2419
30423,-1.2419
30434,-1.3041
30444,-1.1988
30454,-1.2395
30465,-1.2754
30477,-1.3783
30487,-1.3783
30498,-1.1749
30510,-1.3280
30525,-1.2945
30535,-1.2802
30546,-1.2084
30561,-1.3854
30571,-1.2275
30583,-1.2969
30594,-1.1821
30604,-1.3184
30615,-1.3184
30624,-1.3017
30634,-1.2514
30645,-1.2706
30657,-1.1127
30668,-1.1127
30681,-1.2347
30691,-1.3280
30701,-1.3878
30714,-1.2467
30730,-1.2730
30742,-1.2419
30752,-1.4548
30764,-1.5673
30775,-1.3089
30785,-1.3089
30796,-1.2706
30808,-1.2275
30820,-1.4046
30830,-1.2012
30841,-1.2227
30851,-1.1174
30861,-1.1174
30876,-1.1509
30886,-1.1509
30896,-1.3161
30906,-1.6989
30916,-1.2084
30926,-1.2084
30938,-0.9954
30948,-0.8949
30960,-0.7178
30971,-0.6150
30982,-0.5168
30992,-0.3326
31003,-0.3326
31013,-0.4044
31023,-0.3182
31033,-0.3805
31043,-0.3972
31058,-0.2632
31068,-0.0957
31081,-0.1149
31093,-0.1149
31104,-0.1340
31115,-0.1125
31128,0.0742
31138,0.1196
31150,0.2106
31160,-0.0072
31170,-0.0072
31183,0.0072
31195,-0.0120
31207,0.2536
31217,0.3541
31228,0.1196
31240,0.2895
31250,0.2058
31261,0.2058
31273,0.3302
31284,0.2512
31296,0.2800
31309,0.3709
31321,0.2106
31338,0.3829
31347,0.3781
31358,0.3709
31368,0.2273
31379,0.2704
31389,0.2704
31399,0.0885
31413,0.1579
31423,0.1555
31434,0.3924
31444,0.4140
31456,0.4140
31468,0.4738
31479,0.4738
31519,0.2680
31531,0.5432
31542,0.5432
31552,0.6078
31564,0.3996
31575,0.2489
31585,0.9715
31595,0.9715
31605,0.8566
31616,0.4427
31629,1.6534
31639,1.0122
31649,0.4116
31660,0.4116
31671,0.2034
31681,1.2108
31692,0.5599
31705,0.5695
31716,0.6269
31727,0.6820
31737,0.6820
31750,0.6006
31762,0.5791
31775,0.6461
31792,0.5623
31802,0.6389
31813,0.6389
31825,0.6173
31835,0.6508
31848,0.5719
31859,0.6269
31870,0.6030
31882,0.5958
31892,0.6102
31903,0.6102
31916,0.6150
31926,0.6006
31936,0.6054
31947,0.6030
31976,0.6078
31986,0.6126
31996,0.6221
32007,0.6221
32017,0.5910
32027,0.6030
32040,0.6173
32051,0.6102
32062,0.6269
32076,0.5958
32086,0.6078
32096,0.6078
32107,0.5767
32117,0.6150
32127,0.6245
32142,0.5934
32154,0.6221
32165,0.5982
32176,0.6006
32186,0.6006
32196,0.5886
32211,0.6030
32221,0.5910
32231,0.6150
32241,0.5934
32251,0.5934
32265,0.6365
32279,0.5886
32289,0.5886
32300,0.6150
32310,0.6293
32321,0.5456
32335,0.6197
32349,0.6054
32362,0.6126
32372,0.6389
32383,0.5695
32394,0.5695
32408,0.5958
32419,0.5958
32429,0.5743
32442,0.5886
32453,0.6006
32463,0.6126
32475,0.5910
32485,0.5815
32499,0.6102
32511,0.6030
32522,0.6030
32535,0.6030
32547,0.6102
32557,0.6078
32568,0.5982
32579,0.5886
32590,0.5791
32603,0.5910
32613,0.5910
32623,0.5886
32635,0.6269
32646,0.5958
32657,0.6054
32667,0.5958
32677,0.5958
32688,0.5958
32698,0.6102
32712,0.5934
32724,0.6030
32738,0.6006
32753,0.5958
32765,0.6317
32776,0.5815
32786,0.6006
32798,0.6078
32810,0.5743
32821,0.6389
32836,0.6245
32848,0.6054
32858,0.5862
32869,0.5862
32884,0.5838
32894,0.5838
32904,0.6078
32913,0.5862
32924,0.5815
32937,0.5862
32948,0.5862
32960,0.5815
32975,0.5791
32986,0.5910
32999,0.5910
33010,0.5910
33026,0.6054
33037,0.6054
33049,0.6150
33062,0.5862
33074,0.5910
33085,0.6006
33095,0.6054
33106,0.5934
33115,0.5934
33126,0.6102
33143,0.6078
33155,0.5815
33166,0.5815
33178,0.5480
33193,0.6173
33204,0.6173
33214,0.5958
33226,0.5862
33237,0.6126
33250,0.5934
33265,0.6150
33278,0.5886
33288,0.5671
33303,0.5671
33313,0.5719
33323,0.5862
33333,0.5862
33344,0.5838
33358,0.5910
33370,0.5862
33381,0.5910
33393,0.5480
33407,0.5910
33420,0.5743
33431,0.5815
33441,0.5791
33451,0.5671
33464,0.5671
33474,0.5671
33485,0.5982
33497,0.6102
33508,0.5599
33523,0.5910
33538,0.5862
33548,0.5886
33559,0.6126
33577,0.5551
33589,0.5719
33600,0.5934
33610,0.5838
33620,0.5815
33631,0.5815
33642,0.5838
33653,0.5838
33664,0.5432
33677,0.5671
33688,0.5791
33698,0.5934
33710,0.5647
33721,0.5647
33733,0.5647
33747,0.5671
33760,0.6006
33779,0.5791
33792,0.5767
33805,0.5838
33816,0.5838
33829,0.5934
33843,0.5838
33854,0.5551
33865,0.5791
33876,0.5982
33886,0.5982
33898,0.5815
33910,0.5767
33922,0.5886
33934,0.5910
33947,0.5958
33961,0.5982
33971,0.6078
33984,0.5862
33995,0.6054
34008,0.5815
34019,0.6078
34030,0.6078
34043,0.5695
34054,0.5695
34068,0.5575
34078,0.5719
34093,0.5815
34104,0.5910
34114,0.5743
34123,0.5719
34135,0.6054
34146,0.5910
34157,0.5910
34170,0.6054
34182,0.6030
34192,0.5838
34202,0.5862
34213,0.6173
34224,0.6150
34234,0.6150
34243,0.6102
34254,0.6150
34266,0.5886
34278,0.5910
34289,0.5527
34302,0.5838
34314,0.6006
34327,0.6150
34340,0.5743
34351,0.5743
34365,0.5862
34378,0.5958
34391,0.5623
34402,0.5623
34414,0.6150
34425,0.5671
34437,0.5886
34451,0.5838
34461,0.5862
34472,0.5743
34484,0.5599
34497,0.5838
34507,0.5647
34517,0.5647
34530,0.5862
34541,0.5719
34551,0.5982
34564,0.5838
34574,0.5551
34587,0.5671
34599,0.5719
34610,0.5599
34623,0.5934
34634,0.5934
34645,0.5480
34655,0.6006
34671,0.5647
34680,0.5456
34693,0.5862
34702,0.5503
34716,0.5886
34727,0.5886
34738,0.5886
34752,0.5862
34763,0.5862
34775,0.5791
34787,0.6054
34799,0.5838
34811,0.5767
34838,0.6030
34849,0.5719
34863,0.5838
34874,0.5982
34884,0.5551
34894,0.6078
34906,0.5480
34915,0.5480
34926,0.5647
34936,0.5551
34949,0.5599
34961,0.5647
34971,0.5647
34981,0.5647
35000,0.5719
35011,0.5671
35022,0.5575
35032,0.5575
35045,0.5503
35056,0.5695
35067,0.5862
35077,0.5862
35087,0.5982
35099,0.5982
35110,0.5815
35121,0.5695
35132,0.5743
35166,0.5815
35178,0.5575
35188,0.5575
35197,0.5647
35209,0.5503
35219,0.5575
35229,0.5791
35243,0.5719
35253,0.5671
35264,0.5671
35278,0.5551
35289,0.5695
35300,0.5743
35318,0.5934
35328,0.5934
35340,0.6006
35352,0.5862
35363,0.5862
35377,0.6030
35387,0.6126
35399,0.5719
35409,0.5623
35420,0.5623
35432,0.6006
35444,0.5862
35455,0.5886
35466,0.6054
35484,0.5791
35503,0.5719
35515,0.5671
35531,0.5575
35543,0.5934
35554,0.5862
35567,0.5791
35583,0.5791
35599,0.5551
35621,0.5527
35634,0.5695
35645,0.5623
35655,0.5575
35664,0.5575
35673,0.5791
35720,0.5791
35730,0.5791
35743,0.5791
35795,0.5791
35811,0.5791
